date,NASDAQ,S&P 500
2009-04-16,0.957698112365599,0.9683164549455646
2009-04-17,0.5238024825243177,0.7011002943287226
2009-04-20,0.020232596768827448,0.0018856285099476723
2009-04-21,0.8421544720454719,0.8872555481806491
2009-04-22,0.5150330534663452,0.2963843030230586
2009-04-23,0.5721166402413544,0.7379037097705431
2009-04-24,0.9139621313879603,0.8566118110083988
2009-04-27,0.2936096622087793,0.23522495958154166
2009-04-28,0.4001953960495364,0.40475553358606
2009-04-29,0.9029028886120463,0.9186264282656678
2009-04-30,0.5611348873609326,0.45707175777788417
2009-05-01,0.5122890380226638,0.652372398189001
2009-05-04,0.9382422209832342,0.9781281848920798
2009-05-05,0.34919494131821405,0.38441289340137447
2009-05-06,0.5616738781787861,0.8680495111241121
2009-05-07,0.05612718053540909,0.17943090239043982
2009-05-08,0.7819915914361321,0.9208129762206309
2009-05-11,0.364219363417165,0.09492247275096062
2009-05-12,0.2481814214186022,0.46044293108593753
2009-05-13,0.034548493986825676,0.05268667784127497
2009-05-14,0.7961169026687815,0.7327434105910668
2009-05-15,0.3516500576355155,0.215660214340899
2009-05-18,0.9505246926146447,0.9526813280728565
2009-05-19,0.5138989187401154,0.4416114365598199
2009-05-20,0.38340972364093173,0.3448913460347177
2009-05-21,0.11026728924457395,0.12159963260500273
2009-05-22,0.43301352894511835,0.4417444593039258
2009-05-26,0.9665330805178601,0.9455596847985197
2009-05-27,0.25242278733256596,0.11380908314861837
2009-05-28,0.7493907383557584,0.8239545820985194
2009-05-29,0.7719080876806022,0.798086958480963
2009-06-01,0.9444708690202058,0.9285353273953117
2009-06-02,0.5864460396230093,0.5381490106372068
2009-06-03,0.33779324357949425,0.1704153109103827
2009-06-04,0.789791196607942,0.7694541710839494
2009-06-05,0.4726413560871462,0.41172130374285837
2009-06-08,0.3678439903859734,0.4502834366125406
2009-06-09,0.7574157243634133,0.6046972207476591
2009-06-10,0.3561925232085601,0.34944759864793795
2009-06-11,0.6476975551740441,0.7124278228651583
2009-06-12,0.4057028441012896,0.5371401322663522
2009-06-15,0.03548188256178338,0.022619115206484047
2009-06-16,0.18527646361681505,0.13936417786039978
2009-06-17,0.6843562827532141,0.43201476315358556
2009-06-18,0.47039761350834913,0.7674942227496829
2009-06-19,0.8113362685578778,0.6007963919502773
2009-06-22,0.012272121553821819,0.012126855782972191
2009-06-23,0.46146057228517323,0.5565564973988378
2009-06-24,0.8534639253545767,0.6996169878499329
2009-06-25,0.9037877969674973,0.9402781597345782
2009-06-26,0.6117866927365512,0.43415157826985973
2009-06-29,0.5765953608167239,0.7702409496323429
2009-06-30,0.3236346847060414,0.21097004404867814
2009-07-01,0.6710190229579096,0.6408173084389631
2009-07-02,0.027327027566009885,0.017139040098822514
2009-07-06,0.3364141597229655,0.5636230903959133
2009-07-07,0.05612546269328163,0.07263742487123576
2009-07-08,0.49734192718304915,0.4321029051693046
2009-07-09,0.5751059447660098,0.6029698506342172
2009-07-10,0.5445398957908174,0.3355219918305173
2009-07-13,0.9364767489918754,0.9644121498142919
2009-07-14,0.5927035822683118,0.6524249644831277
2009-07-15,0.9827391754975969,0.9706858499175612
2009-07-16,0.7618945219171007,0.7164103388627595
2009-07-17,0.5048507280891444,0.4713944955218669
2009-07-20,0.7965805962066945,0.8087512824280553
2009-07-21,0.5910513691020929,0.6057122157323337
2009-07-22,0.6508326639972072,0.4597661568658314
2009-07-23,0.953687280794657,0.9598941808919914
2009-07-24,0.36609813980089323,0.5853897351493457
2009-07-27,0.5104167712639083,0.5917414243426823
2009-07-28,0.6111081927318747,0.3759972702377517
2009-07-29,0.3366181146605699,0.2978810552369812
2009-07-30,0.7614484389209708,0.8660404370047424
2009-07-31,0.3661407553913991,0.5088348506669904
2009-08-03,0.89836256728238,0.9159290181682921
2009-08-04,0.5247726612805929,0.5986706821541768
2009-08-05,0.18458007097212967,0.3575223570468657
2009-08-06,0.17061989585771517,0.2551274448482981
2009-08-07,0.8655963458876572,0.8944241468126622
2009-08-10,0.3387017142347934,0.3447120810607336
2009-08-11,0.14812029880782437,0.10306410787554775
2009-08-12,0.8753976559967948,0.8473085730237722
2009-08-13,0.6563137131693342,0.732407836377154
2009-08-14,0.14259574358991653,0.1875644509935211
2009-08-17,0.02489575377310789,0.02634569351061428
2009-08-18,0.8052572183113309,0.785167668535316
2009-08-19,0.6794125432777826,0.7117716074740561
2009-08-20,0.771913093401053,0.8209027269946312
2009-08-21,0.8740742116870431,0.9217802809534889
2009-08-24,0.432493427925908,0.46280997951034525
2009-08-25,0.5835014346292028,0.5699703658584714
2009-08-26,0.4791294538105732,0.4831387081194909
2009-08-27,0.5372947730379232,0.5970261268950382
2009-08-28,0.4936603412151034,0.38585938119113017
2009-08-31,0.14941063727847437,0.16796097969379198
2009-09-01,0.044088282585631876,0.026068518904627625
2009-09-02,0.445150350393709,0.35914648124692067
2009-09-03,0.7521240580353854,0.7806499776064315
2009-09-04,0.9199362269513811,0.8752476484797929
2009-09-08,0.7660361396958414,0.7825590920501723
2009-09-09,0.809865516922752,0.7587000126185695
2009-09-10,0.8171537033347231,0.8272936280610215
2009-09-11,0.42360138026127947,0.4240001844473436
2009-09-14,0.6638056525715987,0.7272495312733174
2009-09-15,0.6673184190139276,0.6111004791995751
2009-09-16,0.8900118215893726,0.9205202373198997
2009-09-17,0.3672899001303704,0.35640454958531204
2009-09-18,0.5853339366668173,0.5903647099540515
2009-09-21,0.5721330450128603,0.3294790084605972
2009-09-22,0.6360652801691504,0.751130250047612
2009-09-23,0.20280760262695863,0.13226304131314837
2009-09-24,0.11692503848120783,0.1541601456735635
2009-09-25,0.1998940830527015,0.24631401793729527
2009-09-28,0.9396451853454185,0.9380878493734431
2009-09-29,0.3663361389894013,0.39289280153878453
2009-09-30,0.44472638282321364,0.3434726394688197
2009-10-01,0.011131622774642178,0.018062264401605525
2009-10-02,0.34374140483951865,0.3278422585345069
2009-10-05,0.7712349982012308,0.8866274915147526
2009-10-06,0.8959442347399205,0.8591653326988054
2009-10-07,0.582754625857249,0.5777537845128982
2009-10-08,0.6935893881746951,0.7435807040454072
2009-10-09,0.7236408163991449,0.6932160683860282
2009-10-12,0.47194497171164707,0.6556746645934217
2009-10-13,0.4870141344136508,0.3588515309266732
2009-10-14,0.9109155110712992,0.9410601679960333
2009-10-15,0.49304003667936985,0.6414000191978385
2009-10-16,0.20432568366290932,0.19213133970559015
2009-10-19,0.7940934087384549,0.8103649426740734
2009-10-20,0.2555609220253119,0.24529105203491292
2009-10-21,0.2521252868746614,0.17374383832378804
2009-10-22,0.7358669692862898,0.8372115764394469
2009-10-23,0.27276300202524306,0.11755689903484655
2009-10-26,0.23956776339225858,0.1324859477446432
2009-10-27,0.10298842983184518,0.3537220400651615
2009-10-28,0.018229747303703425,0.047422140030831575
2009-10-29,0.8984591603605827,0.9432259431142943
2009-10-30,0.047518400304124964,0.03758094847355377
2009-11-02,0.5373305475915975,0.6566588543412879
2009-11-03,0.6028350310524218,0.5573105815918707
2009-11-04,0.4464349838419062,0.5174454362208268
2009-11-05,0.957129444864689,0.9209612413185926
2009-11-06,0.5834135070954228,0.5645802732637659
2009-11-09,0.9169444627434511,0.9395543826939387
2009-11-10,0.43632765619734226,0.4813027187357802
2009-11-11,0.7129191025491773,0.6531349431567622
2009-11-12,0.22056141946095337,0.17199799323900106
2009-11-13,0.7604984540850679,0.6839161277219226
2009-11-16,0.8653520291071382,0.8854317935220478
2009-11-17,0.5719819574917454,0.5147229734036896
2009-11-18,0.3018417346435479,0.459513754715198
2009-11-19,0.07183837430214282,0.09574551286591731
2009-11-20,0.3099439934909287,0.3553289172090104
2009-11-23,0.8703407245879808,0.8870219960299737
2009-11-24,0.3663475018870111,0.457664028990879
2009-11-25,0.5943009134607009,0.6618529591388476
2009-11-27,0.06296120861801507,0.055129753250929454
2009-11-30,0.578026936924554,0.6244225177383275
2009-12-01,0.8831138541440555,0.861048568885886
2009-12-02,0.62629292173274,0.4925434781509286
2009-12-03,0.2816865877588086,0.18444700269140046
2009-12-04,0.8017312512247197,0.6962079413681778
2009-12-07,0.39122899560917546,0.37340353496346956
2009-12-08,0.20783088700347174,0.13585248942552408
2009-12-09,0.6667167237573264,0.6306637870975954
2009-12-10,0.6095027856931409,0.7175502490305296
2009-12-11,0.45778616019222224,0.6382335568432216
2009-12-14,0.8507478183205688,0.7643091768887913
2009-12-15,0.2607286959972662,0.24708370471742547
2009-12-16,0.5956089846100263,0.5283032683661437
2009-12-17,0.07857622025462574,0.09350600530864986
2009-12-18,0.9082950825434639,0.7176139800156938
2009-12-21,0.8487567683178342,0.85048068854385
2009-12-22,0.7212225785830375,0.630091166350621
2009-12-23,0.7542900876012928,0.5816353295037766
2009-12-24,0.7443126836950312,0.7151709743562641
2009-12-28,0.5734306984208031,0.5321659445649523
2009-12-29,0.413449940432041,0.39306705289139743
2009-12-30,0.5304794304929091,0.47954404353664987
2009-12-31,0.10459768892157086,0.07537685401292962
2010-01-04,0.9503127265962142,0.9515642624279137
2010-01-05,0.47707762087868016,0.6173775495711847
2010-01-06,0.3214259174163385,0.5009378978704899
2010-01-07,0.44367913523841057,0.6858981486427613
2010-01-08,0.8070292119654463,0.638655299765432
2010-01-11,0.3568838942202199,0.5794849378188801
2010-01-12,0.05390941999365051,0.07497980571194399
2010-01-13,0.873584001294204,0.8577729673191423
2010-01-14,0.6435061606026447,0.6115119321568133
2010-01-15,0.07930913615432851,0.06817396808204251
2010-01-19,0.9037381251064962,0.9143506744387624
2010-01-20,0.10918733763952923,0.1140228261225382
2010-01-21,0.13922849606819215,0.03867558207723715
2010-01-22,0.019529025015391478,0.03676889307719707
2010-01-25,0.5608100158026501,0.6419631010603155
2010-01-26,0.3584282428972815,0.3190077843472911
2010-01-27,0.7628406929135552,0.6790933195788613
2010-01-28,0.04738365336447503,0.10706364278605925
2010-01-29,0.10991304005026147,0.15348241798766768
2010-02-01,0.8065456004262833,0.8969906983666129
2010-02-02,0.7583186556125854,0.8696786048064808
2010-02-03,0.48937776580406916,0.27848464836015696
2010-02-04,0.012121077498817957,0.011406869852335527
2010-02-05,0.698598601032911,0.574907159205537
2010-02-08,0.25629257726557536,0.21087630541309726
2010-02-09,0.8252101062283655,0.848815871800044
2010-02-10,0.4248226828993677,0.40107964422417525
2010-02-11,0.8778674212735529,0.8038113248356975
2010-02-12,0.5805115852453151,0.37014044128931456
2010-02-16,0.8881587749122125,0.9369015841108556
2010-02-17,0.6759408743784397,0.6387580112363894
2010-02-18,0.7341201459588067,0.7316747387725505
2010-02-19,0.5127106722623049,0.5726068495983265
2010-02-22,0.43081354428346663,0.424809661775176
2010-02-23,0.07691642526051751,0.08524972866316613
2010-02-24,0.8304436564160043,0.8319084166913959
2010-02-25,0.4385502554593348,0.3842408976016647
2010-02-26,0.5543768851064693,0.5428730260300991
2010-03-01,0.9416623919050121,0.8682909696181799
2010-03-02,0.6074697800721004,0.5879010809457956
2010-03-03,0.46548484403917106,0.4946592273901177
2010-03-04,0.7149850435964806,0.681332354822861
2010-03-05,0.9411469340007658,0.9480019196499485
2010-03-08,0.58538905106488,0.4632470598262798
2010-03-09,0.6478086996590364,0.5693388968291877
2010-03-10,0.8198773813258554,0.7328964075718365
2010-03-11,0.6738502726880203,0.7163675609515401
2010-03-12,0.4424736640246104,0.4480709674081452
2010-03-15,0.3279604731776904,0.49444261990213845
2010-03-16,0.8124615663533019,0.8909933778679459
2010-03-17,0.725386254896302,0.8162569946284473
2010-03-18,0.5156025219009284,0.43806237951210075
2010-03-19,0.1253275525498975,0.15972428104917033
2010-03-22,0.8748429295303116,0.7909531725741925
2010-03-23,0.8533615532892399,0.8695369850286218
2010-03-24,0.15231775164918654,0.15634811281381517
2010-03-25,0.4290768187670482,0.34565637353879747
2010-03-26,0.40209266660125265,0.5157341890007342
2010-03-29,0.6900299861078335,0.824641311146871
2010-03-30,0.6226017629760247,0.4632833923479277
2010-03-31,0.1785558685179122,0.2362976207788483
2010-04-01,0.5791981062851368,0.8854959484880743
2010-04-05,0.9316794707262748,0.8899889475984688
2010-04-06,0.6354196414022192,0.5824649464535954
2010-04-07,0.32133166642479716,0.13423141491121757
2010-04-08,0.6039889476277911,0.6955850541883428
2010-04-09,0.8365994242211532,0.8563195721500745
2010-04-12,0.5559985631638079,0.5900845485557117
2010-04-13,0.6643528270191389,0.512084438004457
2010-04-14,0.9744672903572454,0.9536973287727695
2010-04-15,0.6936459417098306,0.5222581906085014
2010-04-16,0.04058333534832812,0.013856269836837883
2010-04-19,0.4417539001273387,0.7141643082247606
2010-04-20,0.8373048866623717,0.8538268245237614
2010-04-21,0.5584953395672952,0.40751118900963834
2010-04-22,0.7680658409258013,0.6128173559483967
2010-04-23,0.7089449499663472,0.8539253917293066
2010-04-26,0.2966461958027889,0.2160127872492147
2010-04-27,0.009026411271426229,0.005190240399229456
2010-04-28,0.4734204249982848,0.7467669728857869
2010-04-29,0.9505556538718146,0.9073479543980852
2010-04-30,0.030263244163569642,0.04571027678529036
2010-05-03,0.9013395073405176,0.897269481608225
2010-05-04,0.010291973627436907,0.01693807371448748
2010-05-05,0.20675445459419972,0.23548408309450936
2010-05-06,0.00936300276552395,0.006603355980596439
2010-05-07,0.07117039147574464,0.11864585030715387
2010-05-10,0.9885372092778917,0.9896233073127213
2010-05-11,0.49101195656939517,0.40210397881150034
2010-05-12,0.8751214461194972,0.8033547387846246
2010-05-13,0.21530242569343866,0.2015138469206315
2010-05-14,0.11731408530800458,0.11244265436736775
2010-05-17,0.5606924190817566,0.515832422420892
2010-05-18,0.15303111457916835,0.15679573198837934
2010-05-19,0.28489048727576705,0.34146968670817135
2010-05-20,0.014650585442753663,0.014198065099072003
2010-05-21,0.7243832892119006,0.8057642836376626
2010-05-24,0.3205195964288246,0.19925032409105897
2010-05-25,0.451574819078921,0.495320824057253
2010-05-26,0.29839156253422405,0.32580815614417497
2010-05-27,0.9780829670745551,0.9690796915183597
2010-05-28,0.28136994158068224,0.20841070616001253
2010-06-01,0.16336875561290587,0.13479718094153467
2010-06-02,0.9232796664176756,0.9253153975307543
2010-06-03,0.7031666410783204,0.590268173529952
2010-06-04,0.02600152926347883,0.02717119552779918
2010-06-07,0.12805479455420934,0.1974419210384032
2010-06-08,0.4480341545363138,0.7462433030286559
2010-06-09,0.3482928264804673,0.3302527808220741
2010-06-10,0.9383125644797963,0.9521506078298274
2010-06-11,0.7360954986085568,0.5994563870231485
2010-06-14,0.48668248544041665,0.43302104366826705
2010-06-15,0.9421561834509493,0.928652458706307
2010-06-16,0.48367742394216934,0.4694153120884224
2010-06-17,0.4962350635113117,0.5238705898551763
2010-06-18,0.514799199371454,0.527726829832558
2010-06-21,0.21874784615426787,0.3377735062623411
2010-06-22,0.1608894489830412,0.07888972160999397
2010-06-23,0.37004670544429463,0.37480400068659553
2010-06-24,0.09290693673291682,0.07664905398839238
2010-06-25,0.5668050564244558,0.5820229609017795
2010-06-28,0.4319184305626033,0.4018197053368528
2010-06-29,0.0064535899106782715,0.012729190322569736
2010-06-30,0.2113291356192641,0.2182650329214121
2010-07-01,0.3810733514126415,0.381260038779284
2010-07-02,0.34814025490318845,0.3258303022759633
2010-07-06,0.5107380661755034,0.6723858861009481
2010-07-07,0.9751208295872408,0.981808790289458
2010-07-08,0.6757352812469533,0.7420163536896307
2010-07-09,0.7442385963328337,0.7012120694254071
2010-07-12,0.5064003459337059,0.5071585868506482
2010-07-13,0.9175298312065128,0.8876954738562852
2010-07-14,0.5857105435171229,0.4757345589345201
2010-07-15,0.4661488776756224,0.5260575819282787
2010-07-16,0.017235338306157266,0.01603057136664787
2010-07-19,0.7101130248910686,0.6666070302906401
2010-07-20,0.7728017980278393,0.8113756046843386
2010-07-21,0.12347801324271655,0.14510780409395974
2010-07-22,0.9419791170124421,0.932364907276331
2010-07-23,0.7340216164739805,0.7128943343090356
2010-07-26,0.7724085572028034,0.7892447690345173
2010-07-27,0.38047701111815047,0.44827078150726346
2010-07-28,0.2063248807548308,0.2571773146099745
2010-07-29,0.310982460477821,0.33171644393615096
2010-07-30,0.5223460151689744,0.48152226879707855
2010-08-02,0.9094149468865611,0.9590689802211116
2010-08-03,0.31909530008890097,0.31747372457611517
2010-08-04,0.7514557330129708,0.699611799518113
2010-08-05,0.32312111187645975,0.4279718169385001
2010-08-06,0.4029146033270127,0.3285820037771706
2010-08-09,0.7388524752931472,0.7012697486653553
2010-08-10,0.1240546489911588,0.24321294227906184
2010-08-11,0.016399017545083123,0.012113863798793575
2010-08-12,0.2572211298661139,0.3039032276872997
2010-08-13,0.2585474593903836,0.33399253126003975
2010-08-16,0.6043069946688033,0.4836594391646555
2010-08-17,0.8363436656630574,0.8663099957512234
2010-08-18,0.574309339902958,0.5387755719659282
2010-08-19,0.08254803521258787,0.0601522535126233
2010-08-20,0.490060193339627,0.3440986218140787
2010-08-23,0.19581953063435348,0.32194088654946307
2010-08-24,0.08525881605340088,0.08468263548453818
2010-08-25,0.7338898364007163,0.6065460914057855
2010-08-26,0.17465240124319076,0.20725752660254126
2010-08-27,0.8888632428484592,0.9207372624593443
2010-08-30,0.11228662350527918,0.09968609006854069
2010-08-31,0.3914372066872067,0.494975154241871
2010-09-01,0.97063247008232,0.9789053564580381
2010-09-02,0.7508424940149737,0.7418397485301761
2010-09-03,0.842787632161844,0.833218294928568
2010-09-07,0.20384477295905185,0.17926592242711833
2010-09-08,0.7289771745669277,0.6835010934680271
2010-09-09,0.5819926316703908,0.647333081003255
2010-09-10,0.5725359023763766,0.6585063705427662
2010-09-13,0.923396225974339,0.8357938569536428
2010-09-14,0.5361163984150454,0.4510467662466208
2010-09-15,0.6497572287170216,0.6239158379298367
2010-09-16,0.5063968952280774,0.46068114419941053
2010-09-17,0.6759044305977404,0.5140554831399067
2010-09-20,0.9242665116145043,0.9302085994039924
2010-09-21,0.37907733867336035,0.3703126739853544
2010-09-22,0.2569515848831016,0.2758458623307679
2010-09-23,0.3538713314586443,0.1707981539974821
2010-09-24,0.9634696590151373,0.9614791133961191
2010-09-27,0.32265563368981887,0.2801429850564801
2010-09-28,0.6231027783252562,0.6670486353284792
2010-09-29,0.4265641744867125,0.3716232130692459
2010-09-30,0.34504463777211614,0.3468863797333317
2010-10-01,0.509721866801639,0.6685434345025238
2010-10-04,0.12133085836602389,0.17523251564088788
2010-10-05,0.9645579139485596,0.961468794582264
2010-10-06,0.23774954307455626,0.4531336536053238
2010-10-07,0.5212961150483264,0.4092948429485529
2010-10-08,0.7398692284975448,0.7257410398906009
2010-10-11,0.4809927766367311,0.4828220125012978
2010-10-12,0.7192524737525214,0.6513998749556333
2010-10-13,0.8097415319622501,0.7811923511151234
2010-10-14,0.3775583201745712,0.3064080679683445
2010-10-15,0.8913764162037856,0.5773137113546452
2010-10-18,0.6568845892434116,0.8081746231376381
2010-10-19,0.05679810439016067,0.04474843371602012
2010-10-20,0.7489196465583541,0.8394569331895192
2010-10-21,0.5098014654362617,0.5535372959124126
2010-10-22,0.7601323116420593,0.5857408410623587
2010-10-25,0.6532669112736812,0.5805835336078613
2010-10-26,0.5806155362285175,0.47193560855609046
2010-10-27,0.577890790473616,0.3162358881323989
2010-10-28,0.547952560189499,0.5384827708967588
2010-10-29,0.46521042374065347,0.4327498509476546
2010-11-01,0.40412368966472645,0.5311068038842235
2010-11-02,0.9176743801452489,0.8912155074191206
2010-11-03,0.606389858194436,0.7124092903387114
2010-11-04,0.9486358709044833,0.9896826603925762
2010-11-05,0.4984751658707772,0.6729724912435353
2010-11-08,0.486064998771406,0.3488139414130269
2010-11-09,0.15867912954603092,0.11702103359094222
2010-11-10,0.7747575041471818,0.7098087395471327
2010-11-11,0.10430308268055258,0.23656263096377378
2010-11-12,0.04689309532261979,0.05774823664232456
2010-11-15,0.38951654781655554,0.404818951122275
2010-11-16,0.03540847845984442,0.031185803794861366
2010-11-17,0.5756072660442377,0.4847434283652672
2010-11-18,0.9245736459366387,0.9424492876447963
2010-11-19,0.53357616145143,0.5934222066048922
2010-11-22,0.7062108268008481,0.39259597172323973
2010-11-23,0.06334512421234047,0.05086595985006599
2010-11-24,0.9454362603735476,0.924782497148438
2010-11-26,0.3511971611270785,0.19660894727007383
2010-11-29,0.32699151834756734,0.41230713839380023
2010-11-30,0.12803034872770663,0.21531104211043345
2010-12-01,0.9539354305857018,0.9749658312793276
2010-12-02,0.8330630612119037,0.881488452869216
2010-12-03,0.6497023510244255,0.5893975268860979
2010-12-06,0.527784617705354,0.413626859967546
2010-12-07,0.5321435086223383,0.4993584482034684
2010-12-08,0.6626864504731143,0.6741108046399611
2010-12-09,0.6140617176126539,0.6924634608980011
2010-12-10,0.8294924711790731,0.7994141285668188
2010-12-13,0.23458689686115047,0.46829605035385113
2010-12-14,0.5228066184349075,0.5273625302125032
2010-12-15,0.24791859779682962,0.16257427203346744
2010-12-16,0.8394122287406478,0.8319353162102016
2010-12-17,0.5870802426120856,0.5224976593019552
2010-12-20,0.6116137729614048,0.6484059531612378
2010-12-21,0.8233103298229963,0.8395018732396062
2010-12-22,0.5488448376292341,0.7022501463093135
2010-12-23,0.32351965682762024,0.3387711452060703
2010-12-27,0.4973761323207492,0.5066805451194186
2010-12-28,0.3520536838930985,0.5193941195087538
2010-12-29,0.5565263663200936,0.5388086261435152
2010-12-30,0.3585840095837101,0.33916224592792255
2010-12-31,0.22909639376368263,0.4404075723391012
2011-01-03,0.968901203515797,0.9632543173710407
2011-01-04,0.2630657908258794,0.3685284021630083
2011-01-05,0.8434699213882246,0.7939803360447918
2011-01-06,0.6268345850713135,0.3083014731153654
2011-01-07,0.31371969056181825,0.32339414800266775
2011-01-10,0.5660258192765083,0.3537918361647569
2011-01-11,0.6664950901487589,0.7345953277632441
2011-01-12,0.8541648337956902,0.9266373446846442
2011-01-13,0.411231802159073,0.33992404512524466
2011-01-14,0.8459254644263513,0.8823553422187003
2011-01-18,0.6896941407064794,0.5625653529368356
2011-01-19,0.024779152022452417,0.047454395262001084
2011-01-20,0.1436092155322689,0.37685017394951836
2011-01-21,0.21086755463821935,0.6352093778204801
2011-01-24,0.8874242446358924,0.827930285086266
2011-01-25,0.4977991773030367,0.48015678928259065
2011-01-26,0.8204469166891926,0.7568310234840919
2011-01-27,0.7586080533288495,0.630413547040014
2011-01-28,0.006243344324454983,0.00663461513718151
2011-01-31,0.664776817539557,0.832127520671214
2011-02-01,0.9521958278559753,0.9632702273170656
2011-02-02,0.44939913638446216,0.34449358344214714
2011-02-03,0.5401922728391284,0.5977924683716264
2011-02-04,0.7194351915350199,0.6361741474073482
2011-02-07,0.7160256370732219,0.8036863037423503
2011-02-08,0.6990981630123976,0.7165392757118438
2011-02-09,0.3145621317090395,0.29127708596389873
2011-02-10,0.48997594270790906,0.5157631445956106
2011-02-11,0.8130036436290871,0.8095497868964598
2011-02-14,0.6234160624881623,0.6340729823645908
2011-02-15,0.21443690266815124,0.24188430370333472
2011-02-16,0.8431208127340922,0.8462340375930165
2011-02-17,0.5885791198017035,0.6820101856037732
2011-02-18,0.5108020950606392,0.6060956341780797
2011-02-22,0.0019183766282807812,0.003912744974109143
2011-02-23,0.11561348617674719,0.20282505651010252
2011-02-24,0.6876096020301077,0.4170020067342502
2011-02-25,0.9243414712191419,0.8997445574321218
2011-02-28,0.4905628424557651,0.7466964092581332
2011-03-01,0.05483727705442894,0.03697701611337897
2011-03-02,0.6284015154816289,0.5527994397199655
2011-03-03,0.9484576492095855,0.9587648092155245
2011-03-04,0.28658235856423164,0.18882326195263413
2011-03-07,0.0818718085780096,0.15871334315559082
2011-03-08,0.7444984830435286,0.8279817074242348
2011-03-09,0.2733570517850907,0.40849311773720154
2011-03-10,0.04010643521492763,0.02586432412430891
2011-03-11,0.678322438824773,0.7644830994231191
2011-03-14,0.2626052954301381,0.22339875945016185
2011-03-15,0.09657189469463001,0.0999680953939256
2011-03-16,0.042607133560021354,0.029019354232742402
2011-03-17,0.735579066196152,0.8977071394124215
2011-03-18,0.5912122937314017,0.6633300467834555
2011-03-21,0.9477858080871786,0.9290832839717333
2011-03-22,0.35525974567461305,0.3222307002047486
2011-03-23,0.6932150312674619,0.6154829434153205
2011-03-24,0.9099381163096537,0.8545397095588864
2011-03-25,0.5743723886060372,0.632132255304731
2011-03-28,0.2770388489880372,0.32464426465209667
2011-03-29,0.840757501562638,0.8171196178255913
2011-03-30,0.7706650854869561,0.8026318403484246
2011-03-31,0.5426409448556849,0.36266564293395614
2011-04-01,0.6247987021028073,0.7547998144247593
2011-04-04,0.45391218573495973,0.4877633335579077
2011-04-05,0.503010573876072,0.44924582244129846
2011-04-06,0.6464983450569045,0.6217154597021726
2011-04-07,0.37631700640614685,0.34745425021238724
2011-04-08,0.16641572341958122,0.19834852899202632
2011-04-11,0.27377807395094356,0.2651248750813773
2011-04-12,0.07341014680946187,0.0799975550526254
2011-04-13,0.7794803158717527,0.4753828424707372
2011-04-14,0.43147890121899407,0.4660611763499522
2011-04-15,0.5588287594098553,0.7413253800173294
2011-04-18,0.05896022434707865,0.035810684171101594
2011-04-19,0.6593349865251287,0.8026649834136445
2011-04-20,0.9873793921085898,0.9607796155785547
2011-04-21,0.7408420545586519,0.7538382289204476
2011-04-25,0.5689375073985293,0.36838311649952
2011-04-26,0.8171227809659877,0.8934636043127683
2011-04-27,0.8204352811600056,0.8016986464026498
2011-04-28,0.514026093972334,0.6842288053183165
2011-04-29,0.4814724101204742,0.6189505411195169
2011-05-02,0.27497069348093917,0.34095656395640844
2011-05-03,0.11336910482866855,0.2392978653753527
2011-05-04,0.22073699949079292,0.1071878942853626
2011-05-05,0.21426237875411358,0.07337639798090949
2011-05-06,0.7189583129940832,0.7027897636325773
2011-05-09,0.7681711077446676,0.7511803359518145
2011-05-10,0.9041371750850211,0.8838666128260809
2011-05-11,0.09548311663689775,0.055732871249160626
2011-05-12,0.7745422686655902,0.7359023103307614
2011-05-13,0.06207791697296943,0.11717772984905507
2011-05-16,0.04109732568708813,0.1788693628164386
2011-05-17,0.48481797119834236,0.44708203709133404
2011-05-18,0.8798505073433159,0.8791072827706776
2011-05-19,0.6041802201775986,0.599198062018807
2011-05-20,0.17939070489255315,0.1158336112877045
2011-05-23,0.046951388384406406,0.06041113978130481
2011-05-24,0.28779205431593036,0.4265460987578886
2011-05-25,0.7091897635165721,0.654845309985422
2011-05-26,0.7940719854216813,0.7070905951551445
2011-05-27,0.6992196860056082,0.7226775780435412
2011-05-31,0.9232060262365303,0.9286345050729697
2011-06-01,0.017535335388518477,0.008256502488535192
2011-06-02,0.5318926524269303,0.42007553252978685
2011-06-03,0.07475928579238132,0.12248981049756232
2011-06-06,0.13537025685881907,0.10910869205573748
2011-06-07,0.4577795962770911,0.4293823007724089
2011-06-08,0.14409493791226535,0.27476965315698365
2011-06-09,0.6215720773527207,0.806695084923322
2011-06-10,0.05870432992182233,0.055429597963070454
2011-06-13,0.4095199631653067,0.5068910308628995
2011-06-14,0.916942945336618,0.9138863921611482
2011-06-15,0.051091797037595935,0.03756785639767442
2011-06-16,0.3617020703047215,0.5558406079490044
2011-06-17,0.35742841179368173,0.6234034197158678
2011-06-20,0.689283132416702,0.7374336249754297
2011-06-21,0.973811293613293,0.9299717482703761
2011-06-22,0.23725412975693233,0.20290786552823362
2011-06-23,0.7284307132174612,0.3348852966075162
2011-06-24,0.09607153429361512,0.07858641455305204
2011-06-27,0.8830635207129732,0.8390148641655666
2011-06-28,0.9070538305448592,0.9089802884082144
2011-06-29,0.6331152834278401,0.8079437766962287
2011-06-30,0.86792202751168,0.8565177750446888
2011-07-01,0.9110236671432588,0.9238335879799912
2011-07-05,0.6102328020501036,0.41388596993626764
2011-07-06,0.5974235151215522,0.5241899182177361
2011-07-07,0.9071644168802832,0.8845490148530598
2011-07-08,0.29219278084410333,0.18254843610988125
2011-07-11,0.030313226423173953,0.0309013318575199
2011-07-12,0.2228149069150162,0.2886583602853916
2011-07-13,0.6848018877711612,0.6231736622349718
2011-07-14,0.1026691617163928,0.18664648898040576
2011-07-15,0.814179537742767,0.736816092250962
2011-07-18,0.172051293486897,0.14376441295468115
2011-07-19,0.9657099704230215,0.9498726302253035
2011-07-20,0.31854563737186214,0.4434717583392217
2011-07-21,0.742585297835907,0.9216246823799823
2011-07-22,0.790697586821881,0.5183600699781363
2011-07-25,0.25366056081849087,0.2188597934587429
2011-07-26,0.4252023749646382,0.2729961506254358
2011-07-27,0.00976916609895925,0.018312650990189385
2011-07-28,0.49479750204335493,0.3355159845701008
2011-07-29,0.33048938261595723,0.20718200564786998
2011-08-01,0.2949193221264821,0.28487131469422355
2011-08-02,0.009746323513628086,0.008593975791891657
2011-08-03,0.7664593318388448,0.6856681015164678
2011-08-04,0.0009733527759080777,0.0005090458428282875
2011-08-05,0.2787150328127318,0.4701662436110279
2011-08-08,0.0007280053191258461,0.0005485449759149175
2011-08-09,0.9874781519095325,0.9867934569788638
2011-08-10,0.03087621601279821,0.013307676572357808
2011-08-11,0.969181835173954,0.9853663987611501
2011-08-12,0.6030702159936437,0.6147499338977379
2011-08-15,0.8211634307522468,0.8956628527240987
2011-08-16,0.24063654904358506,0.2559685507962059
2011-08-17,0.3756453096664441,0.5115721559624118
2011-08-18,0.008909524756443962,0.008809241750605662
2011-08-19,0.21552035842423603,0.17856740768625215
2011-08-22,0.5177618729848376,0.49298957250723385
2011-08-23,0.968447798390447,0.9664004176818399
2011-08-24,0.6535784228865115,0.7775976897797634
2011-08-25,0.15314796943081638,0.15844701124085545
2011-08-26,0.8781167856836077,0.8177591032406664
2011-08-29,0.9252847839555253,0.939771095327534
2011-08-30,0.5938722984396542,0.546743302716786
2011-08-31,0.5142573719052435,0.6211819025387466
2011-09-01,0.20895674508343073,0.18811166430531556
2011-09-02,0.07711959837250347,0.05577176848053058
2011-09-06,0.4255583500618027,0.2981941677302254
2011-09-07,0.9370642831333325,0.9474308043418904
2011-09-08,0.3200536586717999,0.2396513094520138
2011-09-09,0.09186335027400404,0.0576378769190889
2011-09-12,0.7150137035999048,0.65927450946928
2011-09-13,0.7903288816644172,0.7189401105296847
2011-09-14,0.8089018554901785,0.8091116800957137
2011-09-15,0.7719849257241178,0.8602180562568683
2011-09-16,0.6271638563847375,0.641514138348845
2011-09-19,0.3847758025966267,0.22491857491271433
2011-09-20,0.25158859618975066,0.4313743081288918
2011-09-21,0.08654572987233951,0.028425409366218787
2011-09-22,0.036022128402268656,0.03621704722470668
2011-09-23,0.7229910000739447,0.6371904526569859
2011-09-26,0.7746427807225649,0.9115084779584075
2011-09-27,0.7539994466410637,0.741003142515161
2011-09-28,0.09802828958437969,0.09741302787832089
2011-09-29,0.38059459343978486,0.689146428142632
2011-09-30,0.06504085592331135,0.06427130791581458
2011-10-03,0.047469866869826974,0.05315683501987048
2011-10-04,0.9138372908108993,0.8934821629403643
2011-10-05,0.8631246969002782,0.8480491131641573
2011-10-06,0.8205528270936361,0.8560313679126136
2011-10-07,0.26401460009186634,0.2872540082507477
2011-10-10,0.9480855247128116,0.9648553261894961
2011-10-11,0.6221625786925832,0.5004244211811164
2011-10-12,0.6710831420047837,0.7334303063876992
2011-10-13,0.6282875685692921,0.3993136118406495
2011-10-14,0.8552025384562424,0.8774914080317087
2011-10-17,0.1182282681021563,0.09917717326589999
2011-10-18,0.8121523295912851,0.8879485987607981
2011-10-19,0.12258835508282878,0.1984779040912718
2011-10-20,0.43510232482602107,0.609248937488666
2011-10-21,0.8064776061044443,0.8834168194032108
2011-10-24,0.8992944515796713,0.7933778082533324
2011-10-25,0.10384407074794039,0.097677950154565
2011-10-26,0.5908404333739712,0.7438080560525977
2011-10-27,0.9508625906343183,0.966904585015318
2011-10-28,0.4730566271533925,0.4964676293891869
2011-10-31,0.13042735573997372,0.06643424510490313
2011-11-01,0.0655315329496629,0.05580675705717395
2011-11-02,0.7383403830324257,0.8230650788628251
2011-11-03,0.8689635543877188,0.8620704081889962
2011-11-04,0.38676325018878255,0.3286957651828187
2011-11-07,0.5670087205541181,0.6553598268658944
2011-11-08,0.7658539483311427,0.7857966454736718
2011-11-09,0.02107812345227018,0.01894871736931343
2011-11-10,0.5145708159722916,0.6926087888792198
2011-11-11,0.8609156011845642,0.8752134601801013
2011-11-14,0.30647066811822155,0.256725523279763
2011-11-15,0.7321161521320669,0.6169574370253993
2011-11-16,0.1415763160368356,0.12458749061093057
2011-11-17,0.1254682140901,0.13174075882838227
2011-11-18,0.3455770403028806,0.47427046046250954
2011-11-21,0.12271964059712619,0.10107366952779732
2011-11-22,0.4656148295875151,0.37027268297714533
2011-11-23,0.07574800320005479,0.07209863116967156
2011-11-25,0.3130635398017725,0.4110447506165848
2011-11-28,0.959379567480724,0.9553115586958717
2011-11-29,0.38311241564339316,0.545095666336088
2011-11-30,0.9719602477267257,0.9861544834648047
2011-12-01,0.5328584559979546,0.43928621314906774
2011-12-02,0.4908629837972432,0.4788609356253394
2011-12-05,0.7379659422731546,0.7574132750628214
2011-12-06,0.42055085291552713,0.5180201051531673
2011-12-07,0.4765118619106613,0.5515713367090698
2011-12-08,0.08072726276765552,0.053104279328018075
2011-12-09,0.8765112657805365,0.8732235179762712
2011-12-12,0.19328575091306086,0.14265043576390662
2011-12-13,0.1979780974999336,0.2540687031201574
2011-12-14,0.15566869466760577,0.1938714111166448
2011-12-15,0.5000677624630094,0.5840077622441691
2011-12-16,0.6409817606962075,0.5918093426043586
2011-12-19,0.1661735675862528,0.148299664162568
2011-12-20,0.9651085112575757,0.9714682443917202
2011-12-21,0.25978224898856,0.5416775832490002
2011-12-22,0.6917802163658995,0.7303235812580129
2011-12-23,0.6807896337556559,0.7577847682218011
2011-12-27,0.5557720015833492,0.48391706647177785
2011-12-28,0.14343079741012618,0.1289341791932029
2011-12-29,0.7415877054493347,0.809282667613014
2011-12-30,0.37258743157987995,0.3279818412366534
2012-01-03,0.8920586714021355,0.8980239525479538
2012-01-04,0.47372136973950224,0.48740778456705297
2012-01-05,0.7384276082899575,0.5955088895361254
2012-01-06,0.534831177103475,0.37375324384266334
2012-01-09,0.507943490561632,0.575471230191011
2012-01-10,0.802908138881956,0.8137618891860018
2012-01-11,0.5923511608768215,0.49027036087585973
2012-01-12,0.6758806517219715,0.5851006696377827
2012-01-13,0.2713986297444235,0.2528371957023984
2012-01-17,0.7290817646444507,0.6489288656358001
2012-01-18,0.9153569539465323,0.8884899763496014
2012-01-19,0.7181093560947105,0.6985473209275918
2012-01-20,0.44883689701786367,0.5072817397601117
2012-01-23,0.4306811924256385,0.49683035551658117
2012-01-24,0.5105610068966546,0.404412465204815
2012-01-25,0.8857695225190176,0.8814908592316462
2012-01-26,0.27367113646799696,0.18483798019080225
2012-01-27,0.6577868359439027,0.3724314180989267
2012-01-30,0.3813538819535235,0.3082149978312463
2012-01-31,0.5004971975930845,0.4313004198955943
2012-02-01,0.9264567863403304,0.9076134682128003
2012-02-02,0.6680017623543044,0.5388959656584847
2012-02-03,0.9557188260019588,0.9710207177412491
2012-02-06,0.4105755834279697,0.4429656243478346
2012-02-07,0.5027876370612159,0.5987166563744716
2012-02-08,0.6812965055619404,0.6143187514422048
2012-02-09,0.6803075340424944,0.5701113223360152
2012-02-10,0.11680165752951234,0.10248811256113342
2012-02-13,0.873283722983476,0.8517317131850483
2012-02-14,0.4712752342270234,0.39621487873107125
2012-02-15,0.19218488971766245,0.15170279871142953
2012-02-16,0.956370622301164,0.9414353482146915
2012-02-17,0.3344136799957786,0.6181265093340139
2012-02-21,0.4040830061399241,0.5137781029555892
2012-02-22,0.203805732372844,0.2414379123386162
2012-02-23,0.8444316400098619,0.7527791885523647
2012-02-24,0.5923088063130311,0.5861359431589479
2012-02-27,0.5089042425225221,0.5640106064485245
2012-02-28,0.8250323231711106,0.7083430520238727
2012-02-29,0.14526923152897997,0.16376508239986245
2012-03-01,0.8314210583118431,0.8440792617409354
2012-03-02,0.23592452518441595,0.24331012943315908
2012-03-05,0.10115087481624714,0.2093472643779971
2012-03-06,0.04625228266167513,0.014212364698923197
2012-03-07,0.8264300882322779,0.8175980567380303
2012-03-08,0.8931645560576191,0.8926531811492127
2012-03-09,0.732472297171312,0.6713116070657291
2012-03-12,0.389227225716432,0.47683494645264657
2012-03-13,0.9691642431928404,0.9807873367746425
2012-03-14,0.4829010326896513,0.4111591217478944
2012-03-15,0.7051658465308631,0.7720517441951839
2012-03-16,0.4465702497505853,0.5352048594867302
2012-03-19,0.8164868821661991,0.7083966959373836
2012-03-20,0.38966522607176823,0.2780047757931585
2012-03-21,0.4830971588570215,0.33657601794862635
2012-03-22,0.24598945345527398,0.10398897339689447
2012-03-23,0.5516198408217381,0.6715122077791498
2012-03-26,0.9811068021916044,0.967374349186026
2012-03-27,0.427660948801342,0.3058444956940233
2012-03-28,0.21758352502601744,0.19655835329716123
2012-03-29,0.2938965691937521,0.3611459316053547
2012-03-30,0.3875407992108533,0.7093714245026438
2012-04-02,0.8842630684628463,0.8740145035611361
2012-04-03,0.348281549876178,0.222977897317834
2012-04-04,0.02962593100418901,0.05826605476962531
2012-04-05,0.6696559302224634,0.42638178107259894
2012-04-09,0.0791645298721496,0.05056440328065594
2012-04-10,0.029042640100220056,0.026765652605888195
2012-04-11,0.7851521649970697,0.7869206313738936
2012-04-12,0.8887239813055338,0.9211374712909592
2012-04-13,0.07750958778085754,0.08699274438789517
2012-04-16,0.20871926038210697,0.4518732249476776
2012-04-17,0.941472456049877,0.9405421336644835
2012-04-18,0.33260954320865643,0.2983759379049943
2012-04-19,0.1919227268467397,0.22004230367548827
2012-04-20,0.37200455079825373,0.5328892915664163
2012-04-23,0.12990221396232926,0.13211088194899698
2012-04-24,0.3439790004077127,0.660598499975239
2012-04-25,0.9769091522186596,0.9349369778489279
2012-04-26,0.726382983663101,0.770752233395543
2012-04-27,0.7130980522729392,0.5978211906897775
2012-04-30,0.19533819321884094,0.26939648455019416
2012-05-01,0.5301422757480373,0.7676077147660136
2012-05-02,0.6161243084450007,0.3227431991815293
2012-05-03,0.08282863729953663,0.11878531771659837
2012-05-04,0.01946564540278147,0.029366825242115504
2012-05-07,0.49269802124467343,0.4911399143139125
2012-05-08,0.3123451430654422,0.2586952099810406
2012-05-09,0.30138396740197015,0.1687545286600999
2012-05-10,0.44986331167740307,0.6109162237134458
2012-05-11,0.4679149980097757,0.2768823929716605
2012-05-14,0.08294063667365187,0.0636543816002033
2012-05-15,0.3200681508979521,0.20283694760030974
2012-05-16,0.16939952742736678,0.24794663266560057
2012-05-17,0.016715411902145698,0.03855355770080249
2012-05-18,0.11051820819705467,0.17926125814870508
2012-05-21,0.9737926473362406,0.9441894597186362
2012-05-22,0.3713459362829417,0.498078951239158
2012-05-23,0.6296918536123374,0.5599459840052431
2012-05-24,0.31299060595593775,0.5482803692794347
2012-05-25,0.4379009989512154,0.33880810555253615
2012-05-29,0.8933949924237639,0.9240277926759748
2012-05-30,0.09925684907380976,0.04473973986505805
2012-05-31,0.323022253355994,0.36245995848185736
2012-06-01,0.007781250411374729,0.008961321967647784
2012-06-04,0.6402645864028642,0.48141998637029354
2012-06-05,0.7224083401618898,0.7312102979581483
2012-06-06,0.973660289898257,0.9813455650097613
2012-06-07,0.30656620495144066,0.4719042884486739
2012-06-08,0.8065931385848621,0.8071255181740453
2012-06-11,0.05943574275035668,0.08176668522246003
2012-06-12,0.8397317310055694,0.8778756228318283
2012-06-13,0.19339221870748602,0.20140659684923065
2012-06-14,0.7096468648489769,0.8666102994935717
2012-06-15,0.8775104104972431,0.8549579968889505
2012-06-18,0.7598922001584789,0.5433998292161775
2012-06-19,0.861461822228738,0.8590369536857873
2012-06-20,0.48204392371567695,0.39110679252752306
2012-06-21,0.016832333355803423,0.014303210874705338
2012-06-22,0.8296351433229688,0.7614331715859055
2012-06-25,0.050322058101569145,0.05302919789980468
2012-06-26,0.6906929167470961,0.6791055981942467
2012-06-27,0.7401962529720618,0.8261226107617761
2012-06-28,0.17600397875087043,0.3759222300395177
2012-06-29,0.9853571019725951,0.9862328957354184
2012-07-02,0.6574343634402966,0.5830053089804013
2012-07-03,0.7591894653200394,0.7446472221511409
2012-07-05,0.4741399523665793,0.26480419665855204
2012-07-06,0.09674876964397743,0.1255887724470641
2012-07-09,0.39900508114707134,0.39436106497665857
2012-07-10,0.14178541652952173,0.14597227056470927
2012-07-11,0.2816013516616422,0.47177115633372857
2012-07-12,0.1946389747819689,0.22601324031767955
2012-07-13,0.9103884932608013,0.9600254641910702
2012-07-16,0.3196123338116622,0.3649224427831047
2012-07-17,0.6622349725055714,0.8033797074429195
2012-07-18,0.8654626746745583,0.7799472190679398
2012-07-19,0.7777265169449397,0.6163225917938597
2012-07-20,0.08027811602851145,0.09305967206674821
2012-07-23,0.11731520881511914,0.13109719017829793
2012-07-24,0.16987121117755813,0.13484325470846006
2012-07-25,0.35332012732815166,0.45807129194150203
2012-07-26,0.8938304799585014,0.9548978600752698
2012-07-27,0.9626269956021805,0.959478777146719
2012-07-30,0.3306043366866048,0.4551676767198265
2012-07-31,0.38895576127681586,0.281617333591371
2012-08-01,0.22623104595603774,0.3321005301156035
2012-08-02,0.3226670052965817,0.15839995692213518
2012-08-03,0.9604428819968527,0.9672398779862235
2012-08-06,0.7391114620591726,0.5815042184399702
2012-08-07,0.7858106498678661,0.7119342440550801
2012-08-08,0.4079926659622404,0.5049582651310838
2012-08-09,0.5813937369409605,0.4933256509075447
2012-08-10,0.5034320306626416,0.6053096609841896
2012-08-13,0.49362291128550695,0.3792251305906597
2012-08-14,0.35905455943674774,0.4521460751424897
2012-08-15,0.7207497270912145,0.5466532382397404
2012-08-16,0.9061632790557346,0.877902191062734
2012-08-17,0.7112279981426489,0.5996256884127826
2012-08-20,0.4527085937105649,0.4572673151098732
2012-08-21,0.2907857272008505,0.21940540457857086
2012-08-22,0.5889826697334434,0.47618655518445974
2012-08-23,0.13646620308878576,0.06867179815844918
2012-08-24,0.7609886910428522,0.8445695219103828
2012-08-27,0.5277227367055406,0.42564067233759895
2012-08-28,0.5399248396706289,0.39876895334005963
2012-08-29,0.5426332220727904,0.524963034916561
2012-08-30,0.054236322898953054,0.07444890447054878
2012-08-31,0.7787515914037386,0.7893200711632063
2012-09-04,0.6189614855089349,0.3753603926386341
2012-09-05,0.34330392702371265,0.3787964821210237
2012-09-06,0.9917331971453143,0.994636301056198
2012-09-07,0.4765812284610276,0.687567227853126
2012-09-10,0.09250835510841798,0.17203455575285387
2012-09-11,0.47451824278402127,0.6525612584973374
2012-09-12,0.6342753101802349,0.6014812446297835
2012-09-13,0.9381850047512618,0.9760090517002701
2012-09-14,0.8363058380206437,0.6803282310821431
2012-09-17,0.3822529380799708,0.29410253189691365
2012-09-18,0.4475861795607094,0.3858518223632858
2012-09-19,0.550309979950927,0.545525832717284
2012-09-20,0.3355139588442377,0.4220174218034726
2012-09-21,0.5374833657191072,0.45391998788118876
2012-09-24,0.15267999525885576,0.29583906601212023
2012-09-25,0.03400206925743388,0.03967625998617447
2012-09-26,0.14513808146130117,0.15555257441064949
2012-09-27,0.9331574729361694,0.9116007915593282
2012-09-28,0.20258457334052843,0.22038352130360406
2012-10-01,0.423252012551912,0.6377323132349977
2012-10-02,0.5774688372349291,0.5245855395880935
2012-10-03,0.7252572363780264,0.7147158362046598
2012-10-04,0.7147585083585138,0.8734240155370872
2012-10-05,0.2339544923342431,0.43789125936000795
2012-10-08,0.12118448677945297,0.23019911683351008
2012-10-09,0.0314821025244552,0.05068910348921621
2012-10-10,0.27074988819812623,0.14516517232947254
2012-10-11,0.4229504458424197,0.47724420929968797
2012-10-12,0.36468933179726587,0.26641387353586926
2012-10-15,0.8022267566949626,0.8926574067642837
2012-10-16,0.9277813028823928,0.9244028805669086
2012-10-17,0.5155671450640702,0.7148983161194223
2012-10-18,0.08306552659338731,0.30729350136434475
2012-10-19,0.013878327794253378,0.016011450655536944
2012-10-22,0.6255494944335184,0.49517313313571243
2012-10-23,0.15726242653379563,0.0399846806788108
2012-10-24,0.3440736244514642,0.3245412582529911
2012-10-25,0.5394883266040804,0.6330362717018311
2012-10-26,0.49713796140947936,0.4244927088976287
2012-10-31,0.2771834485741789,0.47540071296101694
2012-11-01,0.9480887762395092,0.93305673338
2012-11-02,0.07656352667605781,0.09353953506265056
2012-11-05,0.7217873313877514,0.5937999578485228
2012-11-06,0.6623343682135876,0.852605368175151
2012-11-07,0.009719081911273497,0.007862365144514797
2012-11-08,0.0940090790334841,0.09769731445763746
2012-11-09,0.5989739986679633,0.5537700997714139
2012-11-12,0.4619203534207982,0.4799699052090921
2012-11-13,0.19672198717803566,0.27281644783616965
2012-11-14,0.08444818957766481,0.05096259670961843
2012-11-15,0.3294193866731631,0.395817968543892
2012-11-16,0.7160512163222029,0.717053310263598
2012-11-19,0.9748702738089401,0.9764639763556999
2012-11-20,0.48160062602914805,0.5063878316336459
2012-11-21,0.6188508222759868,0.5920211348008487
2012-11-23,0.9118265594608596,0.925809521047311
2012-11-26,0.6151810332656686,0.3734103770139918
2012-11-27,0.33081386981160865,0.2245550344163531
2012-11-28,0.8116107028497039,0.8269518252388175
2012-11-29,0.769778432908572,0.6938490632099215
2012-11-30,0.43461868192808056,0.4782848720171226
2012-12-03,0.32131285859313924,0.20888262169031832
2012-12-04,0.35748140472715006,0.3572981042636354
2012-12-05,0.12257441029084505,0.5736999546505055
2012-12-06,0.7406741976147605,0.693197067563151
2012-12-07,0.25847052610614807,0.6726053317944114
2012-12-10,0.6381783474540933,0.4854376574022225
2012-12-11,0.9336838550610639,0.8619786543349988
2012-12-12,0.3115142115732413,0.49396752159007595
2012-12-13,0.1368673989451078,0.11222556428295062
2012-12-14,0.15013556993035762,0.20188094374480212
2012-12-17,0.9343044369267164,0.9554085801653197
2012-12-18,0.9327573540907097,0.9320491154757677
2012-12-19,0.3219846876225546,0.1369552412642022
2012-12-20,0.5663969117140351,0.7553208577167366
2012-12-21,0.1054078816672111,0.09960473706564688
2012-12-24,0.3321894289177489,0.3413222405113369
2012-12-26,0.1535785282975466,0.222932142606297
2012-12-27,0.3910177785944624,0.39377666196900835
2012-12-28,0.11801349486764122,0.060238268800965875
2012-12-31,0.9740648132348865,0.962750712395021
2013-01-02,0.9907870253447294,0.9864593919198366
2013-01-03,0.3411496164704991,0.38639903030243616
2013-01-04,0.4870002308928272,0.6967349603535145
2013-01-07,0.42909518997865315,0.3219972404117969
2013-01-08,0.36102964620086025,0.30601626428866574
2013-01-09,0.6901460224995181,0.6215684770024041
2013-01-10,0.725311037368916,0.8439188617734343
2013-01-11,0.532658908004264,0.46453704534774215
2013-01-14,0.31284040965663296,0.4026472545597753
2013-01-15,0.33235563096028425,0.5431688675313877
2013-01-16,0.5940346785449208,0.4751256963264773
2013-01-17,0.7926602668689308,0.8242120313551972
2013-01-18,0.43154808919698023,0.7046055724579198
2013-01-22,0.6298197855727303,0.7668004047115125
2013-01-23,0.6693686878358266,0.5752212405044945
2013-01-24,0.10952653347553773,0.4589188194861039
2013-01-25,0.7966846488681595,0.8235858043982061
2013-01-28,0.549774765170844,0.3224277329930789
2013-01-29,0.44341705076024357,0.8059022207675629
2013-01-30,0.24393034381947598,0.20378688109631254
2013-01-31,0.452121395787085,0.2782347227461467
2013-02-01,0.9441379842660479,0.9399135192978774
2013-02-04,0.029163326323791598,0.04318771095419101
2013-02-05,0.9141644715396257,0.9061513351636119
2013-02-06,0.42002297162821634,0.5012920328358632
2013-02-07,0.407730478877353,0.35227063675776343
2013-02-08,0.8647835233203078,0.799339836337686
2013-02-11,0.43104274075391846,0.4212775802979547
2013-02-12,0.36171276164486654,0.5783597831201935
2013-02-13,0.654324695465059,0.5049854985337042
2013-02-14,0.49301181620033696,0.5128833860792208
2013-02-15,0.3284451423965155,0.37586410355985933
2013-02-19,0.8288053464924837,0.8924177527815641
2013-02-20,0.022251922128131225,0.027839697963050122
2013-02-21,0.09396923204916466,0.1503968099842566
2013-02-22,0.8544973136544994,0.8819500767659494
2013-02-25,0.056783938110212345,0.01935703779119631
2013-02-26,0.6562724271616547,0.742391561957809
2013-02-27,0.8590950667216096,0.9092277690614092
2013-02-28,0.4381389773623946,0.43282113578324377
2013-03-01,0.6188059090903079,0.5944652582214207
2013-03-04,0.6693461761612873,0.7176757825646513
2013-03-05,0.9348902593085058,0.8833048449581377
2013-03-06,0.43820527319818003,0.5317795510899856
2013-03-07,0.6286081215763465,0.5809253324702094
2013-03-08,0.6766230693148835,0.7430058288722347
2013-03-11,0.6171829947242325,0.6814980835546995
2013-03-12,0.2719166408806391,0.2985718354498046
2013-03-13,0.5125494287412111,0.5589092203584614
2013-03-14,0.7180843844905658,0.8224458234373551
2013-03-15,0.2753482986957537,0.3423479505977992
2013-03-18,0.24927953673758738,0.1389008743082275
2013-03-19,0.2964344107066261,0.29185780442461695
2013-03-20,0.8625140237521323,0.8618370109089322
2013-03-21,0.07376773434698441,0.07847851091949032
2013-03-22,0.8101701603427912,0.8538079341766331
2013-03-25,0.2946968793131164,0.25897416165099824
2013-03-26,0.7568579971475299,0.8751960768307835
2013-03-27,0.5358675837602105,0.4240832911054688
2013-03-28,0.6675157822796506,0.7344086819364724
2013-04-01,0.08630234006725135,0.18916200315930845
2013-04-02,0.7324247462353286,0.7931649276781214
2013-04-03,0.05764081038350771,0.04839420189923126
2013-04-04,0.5737765966135164,0.7146082210288902
2013-04-05,0.1528438903505536,0.21117758732239728
2013-04-08,0.765913175661573,0.8276776749243152
2013-04-09,0.731187346562105,0.6981572897814811
2013-04-10,0.9797277540455607,0.9530342183436515
2013-04-11,0.5108763858271285,0.6822706799357994
2013-04-12,0.3766981500702117,0.2863838578703035
2013-04-15,0.007179746537188073,0.005072036137049071
2013-04-16,0.9034872112627985,0.9179476080517256
2013-04-17,0.048869272202323524,0.06821429054901704
2013-04-18,0.12854906532443697,0.21442996533434233
2013-04-19,0.860059014739536,0.8219998735236296
2013-04-22,0.7756077713693657,0.6875093123283614
2013-04-23,0.8416824550633013,0.8700443988867002
2013-04-24,0.476347542866579,0.474171725414427
2013-04-25,0.7295632002714063,0.6805618021978288
2013-04-26,0.323226376613211,0.36555887646798046
2013-04-29,0.8187306360667591,0.8306404499130179
2013-04-30,0.7593324089747516,0.6185478748930422
2013-05-01,0.13320773014249185,0.08374673667142932
2013-05-02,0.8975547899714849,0.8774779280110342
2013-05-03,0.865470397677077,0.889901745822272
2013-05-06,0.6534548099017073,0.573424862906487
2013-05-07,0.5198858202243489,0.7475921859302643
2013-05-08,0.7065319389602229,0.7055286674598064
2013-05-09,0.3988073273536453,0.2544676249191694
2013-05-10,0.8401847928034122,0.7315805478025563
2013-05-13,0.49864141699104575,0.4661493611321263
2013-05-14,0.8146336520745532,0.9296644710907891
2013-05-15,0.6136663166061255,0.7679203854971779
2013-05-16,0.34891353999236363,0.18489499411249372
2013-05-17,0.9016886219698463,0.9198550840758262
2013-05-20,0.4172720671062544,0.4227642407877857
2013-05-21,0.5600145078441375,0.5815594675536138
2013-05-22,0.05335729818225868,0.08513752081168975
2013-05-23,0.397982644847116,0.28581067701696544
2013-05-24,0.45403475523672787,0.42433967097462
2013-05-28,0.8761460894591697,0.8405535772358903
2013-05-29,0.16455466751085515,0.11071077348487189
2013-05-30,0.8122169791095937,0.7034529356614688
2013-05-31,0.07724458055709993,0.023906314965625654
2013-06-03,0.6132533853360683,0.7740009056365991
2013-06-04,0.17992093236379114,0.19432556111059324
2013-06-05,0.050671706002362926,0.044942511366036914
2013-06-06,0.7707844118727805,0.8277877020193339
2013-06-07,0.9237248687012426,0.9124220873606413
2013-06-10,0.531514065448228,0.4572596977999765
2013-06-11,0.09304412665586623,0.10547278114942357
2013-06-12,0.10901249414078563,0.1521723730216263
2013-06-13,0.8991372717717092,0.9314907489701598
2013-06-14,0.22895313274341722,0.23303044583343377
2013-06-17,0.7963548827421061,0.7929139398406081
2013-06-18,0.8082385510781389,0.8025138630857022
2013-06-19,0.10934999234390679,0.0638342060555115
2013-06-20,0.0213241260542651,0.011848116815355154
2013-06-21,0.3912378798720585,0.5920991794208874
2013-06-24,0.12950543269034195,0.09208966442513686
2013-06-25,0.7728327305402469,0.8307334089139945
2013-06-26,0.7875805610610891,0.8365777580654319
2013-06-27,0.7667484753334012,0.7414159623800406
2013-06-28,0.4883189814577015,0.28048261622451165
2013-07-01,0.8328468682142695,0.7296364708276986
2013-07-02,0.4526959073653452,0.4417397435475255
2013-07-03,0.6196556135719611,0.5179004724036114
2013-07-05,0.8859067534184566,0.9083645578925328
2013-07-08,0.5471045880711202,0.7488646528575074
2013-07-09,0.7505525721648046,0.8286324672802139
2013-07-10,0.7174627424746912,0.47876564418901213
2013-07-11,0.9666174009845263,0.9529569732532507
2013-07-12,0.7446221927840618,0.6401195526020641
2013-07-15,0.573755648935674,0.5526964915518641
2013-07-16,0.3265412397269944,0.2447142888415214
2013-07-17,0.6461441392105249,0.6505634182102704
2013-07-18,0.48070437119115905,0.7831151292070913
2013-07-19,0.14134155209842414,0.5787679314604575
2013-07-22,0.6701922383749561,0.6125684455889133
2013-07-23,0.16391623719501028,0.3234176432426649
2013-07-24,0.46442732798047986,0.2068960251728802
2013-07-25,0.8360075896920645,0.6520554412261426
2013-07-26,0.5952705381070061,0.5237087554059606
2013-07-29,0.23796744365779948,0.2065166062663745
2013-07-30,0.7415735692932371,0.48789681702473303
2013-07-31,0.6296227436387879,0.44669510158692716
2013-08-01,0.9592395536178109,0.9709608252879992
2013-08-02,0.6713775979353489,0.5786762400447338
2013-08-05,0.5149426075879198,0.35290601576537173
2013-08-06,0.12030058240056982,0.13351166368157116
2013-08-07,0.28157287204687664,0.21798519482798662
2013-08-08,0.702544157127664,0.7315202213676946
2013-08-09,0.3122310992861073,0.22470338323053582
2013-08-12,0.6265088024437472,0.37417969033140175
2013-08-13,0.7004023894565032,0.6681533501816007
2013-08-14,0.22423098941152464,0.14744271378513493
2013-08-15,0.013962922749926443,0.017729529112648097
2013-08-16,0.4159297761891281,0.27453802013173517
2013-08-19,0.2621090104353224,0.15750195705230752
2013-08-20,0.8086098460767979,0.7049740106392204
2013-08-21,0.25693206728439105,0.1545420068719328
2013-08-22,0.9119333883798129,0.8871488288499689
2013-08-23,0.7356113968176343,0.7064664455947515
2013-08-26,0.4571162721222627,0.22597114846083244
2013-08-27,0.008031900920059835,0.02037735368474979
2013-08-28,0.6503371656331565,0.6186486690884876
2013-08-29,0.7889329193034722,0.5864254721031726
2013-08-30,0.14770020442307902,0.27533273262660235
2013-09-03,0.7470900015181362,0.7284143891761684
2013-09-04,0.8598695844590383,0.8829552027062938
2013-09-05,0.5964231019462862,0.5461769341947806
2013-09-06,0.4823472200239652,0.4655948363050875
2013-09-09,0.9252404432190262,0.9326643114983116
2013-09-10,0.7500355766798584,0.8561571240024907
2013-09-11,0.4077687214141003,0.6643145121107191
2013-09-12,0.3299138982663635,0.24800366032067053
2013-09-13,0.5597501806845567,0.6544423133902324
2013-09-16,0.387941018309538,0.820700005463022
2013-09-17,0.8457377161019549,0.7482465362848881
2013-09-18,0.9039756740958275,0.9592468533807968
2013-09-19,0.5497484440819748,0.34654295513677325
2013-09-20,0.2461194257767461,0.11010785422409848
2013-09-23,0.31202709298752235,0.20056620930158142
2013-09-24,0.5075868040371727,0.2986129066202303
2013-09-25,0.3392188678616018,0.28255821376456663
2013-09-26,0.8362639141349453,0.7040639302013395
2013-09-27,0.3627512006987295,0.20312763064897993
2013-09-30,0.29535940625549834,0.12999392713470465
2013-10-01,0.9468307908564846,0.8865095778279389
2013-10-02,0.41549129937386486,0.4168017222299171
2013-10-03,0.06335106275361276,0.06898713489809699
2013-10-04,0.8565529916556082,0.8424635001165298
2013-10-07,0.09689553939634331,0.09716084651957851
2013-10-08,0.020576414357038858,0.0563348767417933
2013-10-09,0.29226813439015625,0.5025331176172759
2013-10-10,0.9728113758983699,0.9848608204770962
2013-10-11,0.7642351861471889,0.7410117950170874
2013-10-14,0.7129692763142843,0.6667296137139701
2013-10-15,0.2522756852452868,0.17736081069633913
2013-10-16,0.8756979180162056,0.9253780660903533
2013-10-17,0.720620854670259,0.7640010152809755
2013-10-18,0.8975777032262602,0.7649611934085075
2013-10-21,0.5348546482093439,0.47739197427155894
2013-10-22,0.5829245900581257,0.7599491641061401
2013-10-23,0.216229187859153,0.23221173859536884
2013-10-24,0.7328359785489117,0.6573582469744244
2013-10-25,0.6559598750781631,0.7276378307775263
2013-10-28,0.4156237333470901,0.5540551955889333
2013-10-29,0.6421645443335666,0.804392711362051
2013-10-30,0.18089190497783725,0.18097589331524677
2013-10-31,0.3012828172041842,0.22626129961994262
2013-11-01,0.49545208264474117,0.665596555247046
2013-11-04,0.6858492462097662,0.7125241557617739
2013-11-05,0.5106290819478881,0.2668685369989744
2013-11-06,0.3303819622952006,0.7568944111396145
2013-11-07,0.008528516450219618,0.02244686908353148
2013-11-08,0.9474647231498126,0.950674417301079
2013-11-11,0.475525601207106,0.5113129432202191
2013-11-12,0.4669221234444705,0.3226070664677502
2013-11-13,0.9085252012153302,0.8727105328039778
2013-11-14,0.5581127948259154,0.7488418450537235
2013-11-15,0.6444264066742748,0.727380094607921
2013-11-18,0.09772064125863227,0.23777483399918595
2013-11-19,0.24962778319946044,0.32458378275233707
2013-11-20,0.32229850036759666,0.2282910725397799
2013-11-21,0.9272957379529756,0.8945259616867207
2013-11-22,0.7414374856814503,0.7742466082152681
2013-11-25,0.5036441958108506,0.37288796629956933
2013-11-26,0.7705039311780713,0.47151673837188823
2013-11-27,0.8068648717062621,0.6467182675959762
2013-11-29,0.6761874462493054,0.3985119256404346
2013-12-02,0.2582611078317568,0.2643336939709826
2013-12-03,0.3394213575976499,0.2376221766563541
2013-12-04,0.4700826995325334,0.35997092488233
2013-12-05,0.38096174715490116,0.17910423620659507
2013-12-06,0.846400540512172,0.9544595654337259
2013-12-09,0.5550057638131178,0.5901246843296828
2013-12-10,0.3304071487523847,0.2497037400368891
2013-12-11,0.026372652679930414,0.03812302775425487
2013-12-12,0.38739163245129427,0.24571916594467397
2013-12-13,0.4986793088113479,0.45631384413249576
2013-12-16,0.8326081865962636,0.8379302945641622
2013-12-17,0.37179219540116226,0.26145675829020276
2013-12-18,0.9324073640243062,0.9825983802383687
2013-12-19,0.30212229945241026,0.43481886077340626
2013-12-20,0.9234395056024591,0.7507746424005185
2013-12-23,0.8948194364329533,0.7794446448239334
2013-12-24,0.5484778194038585,0.6583294776088863
2013-12-26,0.6232556306165052,0.768449757926554
2013-12-27,0.3142871870202516,0.43680550914971517
2013-12-30,0.4230673194942529,0.4462170352173006
2013-12-31,0.7683417099852927,0.7429076200710667
2014-01-02,0.10363832277288688,0.060901322834314035
2014-01-03,0.3074212410984134,0.43835852156798505
2014-01-06,0.22035538239293573,0.2856075909027769
2014-01-07,0.8959771390197316,0.8396443508025339
2014-01-08,0.6347946040042111,0.44441917303623824
2014-01-09,0.32523644304166327,0.48607023284112905
2014-01-10,0.7221758878355486,0.6369776627816544
2014-01-13,0.025279911089286972,0.022450068118965997
2014-01-14,0.9604115420209866,0.9285703944710572
2014-01-15,0.7831170800506331,0.7593915945052974
2014-01-16,0.5117796112846767,0.37800504314933336
2014-01-17,0.2295913248694974,0.22604872492915534
2014-01-21,0.7862095060712783,0.6554239887656453
2014-01-22,0.680903388023574,0.5035601716836242
2014-01-23,0.18830246295578618,0.06300080708767028
2014-01-24,0.011126053360500545,0.007376756854947285
2014-01-27,0.130079677788985,0.26131538713198393
2014-01-28,0.6196558532500858,0.7563956700505738
2014-01-29,0.10547531114993648,0.10543007206891519
2014-01-30,0.9411241011311486,0.8835434238163784
2014-01-31,0.2966064350840988,0.2079088243713192
2014-02-03,0.013426282383140435,0.014732337765317885
2014-02-04,0.764110643073991,0.7765320633851406
2014-02-05,0.28908186248621404,0.3816337703868379
2014-02-06,0.8519646359697646,0.9040369380964638
2014-02-07,0.9282028620445284,0.9088229216894952
2014-02-10,0.6782870146506169,0.5488193103120522
2014-02-11,0.831721152051943,0.8829229367439434
2014-02-12,0.5750130962701616,0.4607992983243367
2014-02-13,0.8252204005957708,0.752696436914747
2014-02-14,0.5056348444399618,0.7186468484728799
2014-02-18,0.7675662249011345,0.5372346843447232
2014-02-19,0.15072155315905858,0.15118645412964815
2014-02-20,0.771514601738714,0.789517007425497
2014-02-21,0.4173957323526713,0.3498885052148443
2014-02-24,0.7929041850329986,0.8144957416490899
2014-02-25,0.39531748294814456,0.37554170377169915
2014-02-26,0.5221090491914888,0.46355249699624934
2014-02-27,0.794760470699698,0.7865712737256019
2014-02-28,0.3154799684065268,0.6626898366036567
2014-03-03,0.12821377877800244,0.09057077734608324
2014-03-04,0.9743289617514884,0.9751838397630863
2014-03-05,0.5360972161765025,0.46478571063275337
2014-03-06,0.3889186098375675,0.5795305504275261
2014-03-07,0.26494583674917854,0.5007749131398561
2014-03-10,0.4352034216951469,0.42600374336994584
2014-03-11,0.15238576823441893,0.15585316161168
2014-03-12,0.678940571967801,0.48321497039501127
2014-03-13,0.028395832837275925,0.031085328261256755
2014-03-14,0.29096073572274583,0.28813036446240475
2014-03-17,0.8387237736383147,0.9160294125741979
2014-03-18,0.921011071537706,0.8423195396571963
2014-03-19,0.21031630121873995,0.16014568468959164
2014-03-20,0.606130196287336,0.7963418661281787
2014-03-21,0.0956096518289462,0.29063519844772184
2014-03-24,0.08174150645707859,0.19278016480736937
2014-03-25,0.5569608932664938,0.7398821523541239
2014-03-26,0.05317178516306387,0.11800733560527042
2014-03-27,0.2542036818795036,0.3422863599146907
2014-03-28,0.5203426691408075,0.7605111087745529
2014-03-31,0.8722372053072758,0.8834526537902128
2014-04-01,0.9438203027370535,0.8482412733779378
2014-04-02,0.5568171576556195,0.6533542674776908
2014-04-03,0.14144688806057007,0.3825543335490008
2014-04-04,0.011508708410063826,0.02999467639716167
2014-04-07,0.13707358363219288,0.07015127914506315
2014-04-08,0.7622132389632106,0.6757424685040762
2014-04-09,0.9300479233165713,0.9109512123357518
2014-04-10,0.009470236096794257,0.01643164745305493
2014-04-11,0.13652319189735485,0.14432370238249462
2014-04-14,0.6690985337314146,0.8029432137613794
2014-04-15,0.583707098186313,0.7638568916298195
2014-04-16,0.8763751213965909,0.867185938256902
2014-04-17,0.5647849446905052,0.5407460665771505
2014-04-21,0.7321134112018699,0.6656167268042907
2014-04-22,0.8342511470558364,0.691440535371504
2014-04-23,0.1696753531010606,0.3392808927849344
2014-04-24,0.6921101191304253,0.5774722947919738
2014-04-25,0.040083102787469065,0.09588007945226742
2014-04-28,0.4612150026131286,0.6677313930567889
2014-04-29,0.7595784415412612,0.7595551041257158
2014-04-30,0.5929418301591607,0.6672094040181032
2014-05-01,0.6222216709830977,0.4505333358169944
2014-05-02,0.4175342444177226,0.3604374592518281
2014-05-05,0.6545806104479568,0.6029945139759776
2014-05-06,0.039284854604590184,0.057108651323579465
2014-05-07,0.31284545342304776,0.8071789426316667
2014-05-08,0.266352078762212,0.36435334389243196
2014-05-09,0.7277668289887729,0.5747489273777167
2014-05-12,0.9714803369777818,0.9331921325273667
2014-05-13,0.31888297931516074,0.4924068840849797
2014-05-14,0.17056325596766772,0.17530951048810686
2014-05-15,0.16107885229277097,0.06175249658744694
2014-05-16,0.7133525832809214,0.7044091005514816
2014-05-19,0.8355714094006151,0.7195840310448917
2014-05-20,0.17436901402523944,0.12154567202102619
2014-05-21,0.8254930097812866,0.882327395510656
2014-05-22,0.7279683864972817,0.6220607293110468
2014-05-23,0.8089589591098498,0.7430672226405457
2014-05-27,0.9096868441376806,0.8263511825471398
2014-05-28,0.3347794134510952,0.38230263624320193
2014-05-29,0.7301714943577093,0.8076297422105384
2014-05-30,0.3952052152922557,0.5977609678575642
2014-06-02,0.38773496329238955,0.5155255076275483
2014-06-03,0.41487721962553353,0.42901950304653824
2014-06-04,0.7054915432755595,0.6070086661376483
2014-06-05,0.9161273970511402,0.8659527432065055
2014-06-06,0.7709643910848228,0.7773219626696548
2014-06-09,0.6615068527753966,0.5319243098691019
2014-06-10,0.4836344473194552,0.4387379486493552
2014-06-11,0.3701979115579579,0.21462149719771675
2014-06-12,0.10154047467081895,0.09071474896472655
2014-06-13,0.6410228226820258,0.6850601843342646
2014-06-16,0.6099724966568107,0.523932262969619
2014-06-17,0.6884049138634448,0.6275391136608756
2014-06-18,0.7942639296533333,0.8999557684512103
2014-06-19,0.40630609064549983,0.556810280618105
2014-06-20,0.586639860982116,0.5939135507169883
2014-06-23,0.46519779356851554,0.44664274507427437
2014-06-24,0.2116442203414697,0.10029021035076177
2014-06-25,0.8311347825856863,0.7894842052172142
2014-06-26,0.4461817859726825,0.37077096236982093
2014-06-27,0.7260883198689972,0.6085787113767791
2014-06-30,0.6106607755617146,0.42659815411863433
2014-07-01,0.9420874219904367,0.8775691228274509
2014-07-02,0.4465878114693206,0.5104623452359972
2014-07-03,0.8090143123212857,0.8301860099008422
2014-07-07,0.11238390813866325,0.19861488009703748
2014-07-08,0.03958165258615369,0.09428826108055272
2014-07-09,0.7633336357119729,0.7684895827443141
2014-07-10,0.2171774215963393,0.20074215770796222
2014-07-11,0.6985446932419224,0.5709300055368156
2014-07-14,0.7622529707706838,0.7903856763032111
2014-07-15,0.19133130852927235,0.31794472720836786
2014-07-16,0.589300154655379,0.7592305796393778
2014-07-17,0.03172081472908775,0.028843572543016133
2014-07-18,0.94818773107475,0.9193118799021959
2014-07-21,0.39035629368516983,0.32617902070038013
2014-07-22,0.7872849620054515,0.7696246907198822
2014-07-23,0.6675943631659559,0.5856210364267793
2014-07-24,0.44235576945250454,0.49706896402046324
2014-07-25,0.20586606307219169,0.1641728291337102
2014-07-28,0.39868996227327336,0.48176163310770126
2014-07-29,0.4273961487184102,0.17313412922373655
2014-07-30,0.7305574158765188,0.46380445493395067
2014-07-31,0.006901727049814202,0.0041761087659123106
2014-08-01,0.2942576126062951,0.3237214658869353
2014-08-04,0.7898775381689311,0.8201571538607465
2014-08-05,0.1690794559714498,0.09849254386128056
2014-08-06,0.4916303196355692,0.4720345767554908
2014-08-07,0.23389522251644132,0.1947377645988921
2014-08-08,0.8453533898186535,0.915395768742842
2014-08-11,0.8001387810582248,0.6190591264480799
2014-08-12,0.3149467380401117,0.37281637983917043
2014-08-13,0.8968716591806352,0.8224216709604334
2014-08-14,0.6893914505837485,0.724261190271221
2014-08-15,0.6165361552046232,0.46012854439567846
2014-08-18,0.8940262066610204,0.8957592929718142
2014-08-19,0.6961217135184128,0.7653999962893627
2014-08-20,0.44579495352188003,0.6327770258386528
2014-08-21,0.5363005222771187,0.6704167403944408
2014-08-22,0.5490294734695563,0.3180462095481615
2014-08-25,0.7147740046212581,0.7850864848439251
2014-08-26,0.6454346590046949,0.5403638739625417
2014-08-27,0.43951847429384533,0.46208364465018426
2014-08-28,0.2853160040171716,0.3274061036988346
2014-08-29,0.767801690744463,0.7133653186295683
2014-09-02,0.7120475850252321,0.41179385351616404
2014-09-03,0.15075174481274345,0.38886181018313715
2014-09-04,0.3126853120037205,0.32255902417672877
2014-09-05,0.7434722527401012,0.8317371849721233
2014-09-08,0.5964561341580974,0.2246163733421648
2014-09-09,0.07047183440350255,0.0928278967875366
2014-09-10,0.8460429748663061,0.7252828645936877
2014-09-11,0.530835669181046,0.5288729173475866
2014-09-12,0.1735277561177762,0.11052090394988086
2014-09-15,0.05888326586695408,0.40315702551197097
2014-09-16,0.8244419306436579,0.8966664800612703
2014-09-17,0.5822384437573891,0.5592269984501936
2014-09-18,0.8196851718319016,0.8000092650114573
2014-09-19,0.28970290040634056,0.4196269292442872
2014-09-22,0.05352451579304485,0.06685408749638813
2014-09-23,0.25178964081697575,0.13972894410949155
2014-09-24,0.8967639725718095,0.8835174024872321
2014-09-25,0.018881135443114472,0.018211535189755514
2014-09-26,0.8326518965983021,0.8409614933521908
2014-09-29,0.4082668059768722,0.3389475948051738
2014-09-30,0.33806364560561764,0.314284507656685
2014-10-01,0.042374000613373486,0.046262943100325075
2014-10-02,0.5511863880874762,0.4721461676889597
2014-10-03,0.8557685020556391,0.9070979152216773
2014-10-06,0.2710717672187552,0.38905504329127316
2014-10-07,0.04997898821176878,0.03865855292303542
2014-10-08,0.9486238833354811,0.9533960427265712
2014-10-09,0.03977116381392942,0.026082480861880267
2014-10-10,0.030481976112338466,0.11665049870568114
2014-10-13,0.10830896827119488,0.05607268165893578
2014-10-14,0.5907427198966178,0.5451052543962813
2014-10-15,0.3633319759982128,0.16954316972515404
2014-10-16,0.49223080766062016,0.4816506198256972
2014-10-17,0.8419048835307038,0.913938754321831
2014-10-20,0.9033481023106784,0.8312500319423359
2014-10-21,0.9734757149457094,0.9638903095922134
2014-10-22,0.21056703476118543,0.2052189712896001
2014-10-23,0.907935799292425,0.886067717192528
2014-10-24,0.7207898078069627,0.7618624645513705
2014-10-27,0.4928619068025389,0.4043603845720549
2014-10-28,0.939253345814257,0.8980064503592597
2014-10-29,0.34738655481213754,0.40793266773220893
2014-10-30,0.6290736730687505,0.7650403631160768
2014-10-31,0.9114781805761878,0.9025038826370253
2014-11-03,0.5467030642335118,0.467320957053183
2014-11-04,0.3224962180794504,0.32158102933700894
2014-11-05,0.4351338115145371,0.7684253309331146
2014-11-06,0.6649796452802796,0.687338327819536
2014-11-07,0.39033944288993017,0.48832856958902837
2014-11-10,0.6953976792949671,0.6741687880307887
2014-11-11,0.57680091498281,0.5124553458590977
2014-11-12,0.6515547541219818,0.40716209756233884
2014-11-13,0.5261168584392026,0.5001981057170921
2014-11-14,0.5744624387583965,0.47697684479914
2014-11-17,0.23353620191214178,0.5171219060068439
2014-11-18,0.8306013243923873,0.8188954925350679
2014-11-19,0.16439482450697457,0.3405566158039979
2014-11-20,0.7753622562345215,0.6184401870338982
2014-11-21,0.6065948882613135,0.8276444126115714
2014-11-24,0.8897398102879743,0.6835782318717679
2014-11-25,0.5024709365426734,0.3605254046409629
2014-11-26,0.8008755707910515,0.6910455115837411
2014-11-28,0.5149677750891003,0.24885240299784506
2014-12-01,0.030354881723352753,0.08002577160766668
2014-12-02,0.7672729222306992,0.8556730423142903
2014-12-03,0.6826269183819477,0.7287633291061132
2014-12-04,0.3957282703508759,0.3691286312810676
2014-12-05,0.6066664194525366,0.5930691586726182
2014-12-08,0.09303210298387841,0.07811737200602581
2014-12-09,0.7587311488324039,0.4409660859938832
2014-12-10,0.01733360789166814,0.009563502203015103
2014-12-11,0.7091985974000025,0.7252623147898889
2014-12-12,0.07775880171825782,0.024104562106271574
2014-12-15,0.11380960037931673,0.20276114673083015
2014-12-16,0.09027477389044754,0.14148528090822293
2014-12-17,0.9640269291909244,0.9723829380893999
2014-12-18,0.9614035397897629,0.9798105021977315
2014-12-19,0.6079179870609961,0.6678962864785405
2014-12-22,0.6107987019716172,0.650330832375358
2014-12-23,0.32664751722169494,0.5622741814859634
2014-12-24,0.5492017004660223,0.4621969545980792
2014-12-26,0.7844292051654115,0.6659881599414108
2014-12-29,0.4651744329156723,0.5224114789968213
2014-12-30,0.17990328961313726,0.18155919186862918
2014-12-31,0.11788521861945271,0.0592140740923058
2015-01-02,0.36331916999640645,0.44543797067245267
2015-01-05,0.03290671646713521,0.01406831337984306
2015-01-06,0.08320009639729584,0.1414690202698512
2015-01-07,0.8804951285366318,0.8884560174976797
2015-01-08,0.9449743343418477,0.9548995310719801
2015-01-09,0.23497724824476854,0.1697070373221709
2015-01-12,0.18318296059469769,0.17126742270128653
2015-01-13,0.44245019547697545,0.356495773788747
2015-01-14,0.26987102299230875,0.22004609897580102
2015-01-15,0.06031292778356036,0.12784711539710575
2015-01-16,0.8947841711007904,0.9153914194437022
2015-01-20,0.650222558062516,0.5486715140428224
2015-01-21,0.5903322108828943,0.7041896219882308
2015-01-22,0.9521553508619036,0.9459742827497655
2015-01-23,0.5380639205835623,0.2406855900418935
2015-01-26,0.6031455629355144,0.6020026287304394
2015-01-27,0.028940415095197125,0.059647020341660056
2015-01-28,0.16799216584197413,0.07187535051076674
2015-01-29,0.8163716089639441,0.8352184666704048
2015-01-30,0.1400749857943327,0.08073193388312996
2015-02-02,0.795376199682853,0.8973102659666787
2015-02-03,0.8452835978451455,0.9158513950767511
2015-02-04,0.37500917507735987,0.30162863470781764
2015-02-05,0.8437980886511955,0.856749197258539
2015-02-06,0.2913419381696275,0.3214975683864181
2015-02-09,0.29909338267593744,0.27722811530885966
2015-02-10,0.9070274323948333,0.8808179675918592
2015-02-11,0.5966905605372548,0.47189201273899106
2015-02-12,0.8871287466560231,0.8680473510600787
2015-02-13,0.7729732222816914,0.6768732322757536
2015-02-17,0.5211690884768414,0.5605923856392514
2015-02-18,0.5407716733371382,0.44735979925819297
2015-02-19,0.6654866028977955,0.393427072276043
2015-02-20,0.7875070312768835,0.8256326928444893
2015-02-23,0.5202108771855565,0.44095607804349835
2015-02-24,0.5479017220264305,0.6608361149644271
2015-02-25,0.4449108990091601,0.40183112775496727
2015-02-26,0.7135099009987739,0.3476617587836225
2015-02-27,0.1915072322728,0.24975511079760218
2015-03-02,0.8877573551856328,0.8480396971852823
2015-03-03,0.1786805234956589,0.17810992468435063
2015-03-04,0.31187621402679083,0.18678521976362278
2015-03-05,0.6516138754182903,0.5505933510389373
2015-03-06,0.05308650064512086,0.016970029126469263
2015-03-09,0.6344722592638777,0.7064945033631076
2015-03-10,0.02070877148630946,0.017287651996169186
2015-03-11,0.3686289967222889,0.37430997986867937
2015-03-12,0.8505483987735228,0.9241831616136621
2015-03-13,0.25558075792241375,0.20915196517309045
2015-03-16,0.9094274275776963,0.9241002567460843
2015-03-17,0.5477071131904843,0.3210612459485445
2015-03-18,0.8595392426007862,0.9044505837695157
2015-03-19,0.5665942046659852,0.2593910308979707
2015-03-20,0.8002263834902614,0.8406993861213254
2015-03-23,0.29716718998824015,0.3866650124619314
2015-03-24,0.2823675824783142,0.19494465375159656
2015-03-25,0.005836069861338223,0.049229264034777905
2015-03-26,0.3606705028233195,0.3629336386433646
2015-03-27,0.7197653570561073,0.5961262076499323
2015-03-30,0.8824372076775494,0.9183264539303384
2015-03-31,0.14130922909436372,0.1378403191110754
2015-04-01,0.2931271751532315,0.28907682552270536
2015-04-02,0.5341968186834565,0.6546019238957141
2015-04-06,0.758347759821649,0.7937935736317833
2015-04-07,0.38826783957403643,0.3543226411780007
2015-04-08,0.843116331264427,0.6322032150255408
2015-04-09,0.7138902254427294,0.7397771358769817
2015-04-10,0.69916164936982,0.7810893899964719
2015-04-13,0.36945362673116106,0.19646720117549044
2015-04-14,0.3286576371012481,0.5777831060625398
2015-04-15,0.8213598790931231,0.7940691107986197
2015-04-16,0.4187146687432906,0.40376007025657207
2015-04-17,0.022512911664336426,0.03583670223335904
2015-04-20,0.9188747017551785,0.8970855868169927
2015-04-21,0.6579800358665525,0.37403937510637647
2015-04-22,0.6842891064818087,0.7744113249015458
2015-04-23,0.6899154326874729,0.6259948283521836
2015-04-24,0.819009492753365,0.6246619105449296
2015-04-27,0.16721982369338623,0.1980042026273849
2015-04-28,0.4058945039137125,0.6627853773417909
2015-04-29,0.15698398573433014,0.21371138036127688
2015-04-30,0.023766106707968006,0.047050689697677436
2015-05-01,0.9059408082897292,0.9306731428743574
2015-05-04,0.5764328926931486,0.6479544990136227
2015-05-05,0.04596209099459279,0.04819521127844227
2015-05-06,0.30668413128179345,0.24239499273138942
2015-05-07,0.703724694692351,0.6873274298745516
2015-05-08,0.8888476625724636,0.9488882625957603
2015-05-11,0.3779961475205286,0.2290319579788884
2015-05-12,0.30140043745497835,0.31126374073585594
2015-05-13,0.5235873787092578,0.4486092613934905
2015-05-14,0.940930293409913,0.9216399354614012
2015-05-15,0.44172269266930153,0.5145257305826074
2015-05-18,0.7596710617892807,0.6606872610831224
2015-05-19,0.371621535310207,0.41821682189495396
2015-05-20,0.48033173815236196,0.39358691661455486
2015-05-21,0.6824865478386896,0.6348538554848588
2015-05-22,0.4401998920431565,0.29748790482909765
2015-05-26,0.051988077805293374,0.04245351910137065
2015-05-27,0.9516493147159452,0.9043423088735871
2015-05-28,0.37991861042127145,0.38226165276878904
2015-05-29,0.20237444592224538,0.13359883383525462
2015-06-01,0.6055275052670847,0.6043200683114067
2015-06-02,0.38571666004867905,0.3891313300037582
2015-06-03,0.719777615807232,0.6184274745705299
2015-06-04,0.10978903342311139,0.06579976467541088
2015-06-05,0.5702869642787409,0.36331185117159615
2015-06-08,0.08356509204837723,0.11806259155031015
2015-06-09,0.37359184999864237,0.4921279919709359
2015-06-10,0.938497312844709,0.9575259983802284
2015-06-11,0.5266162971030928,0.5802798837831358
2015-06-12,0.16703154869920483,0.11429266085095421
2015-06-15,0.24353082255434766,0.20235936214897604
2015-06-16,0.7413275878999936,0.8003419653132922
2015-06-17,0.5717860966387719,0.6003328658914688
2015-06-18,0.953023521961149,0.926237438862716
2015-06-19,0.3007938398837934,0.18007358449699246
2015-06-22,0.8206453657603828,0.8105076188709845
2015-06-23,0.5307498076130566,0.5074269658573283
2015-06-24,0.12712127733101483,0.10376210818411341
2015-06-25,0.3466964997954148,0.2791772491074982
2015-06-26,0.15803746238058966,0.4345933954826854
2015-06-29,0.005586663412109744,0.005452074700033826
2015-06-30,0.6999200611781338,0.6052566531440549
2015-07-01,0.6983631368036377,0.7976264134963215
2015-07-02,0.4294434101499284,0.45310598159342447
2015-07-06,0.29545387278953356,0.25599476177319547
2015-07-07,0.5244287689826378,0.7976731129859416
2015-07-08,0.021422906935443357,0.02350386484159494
2015-07-09,0.5882843967047253,0.5869052604498248
2015-07-10,0.9399786634957956,0.9161289247300461
2015-07-13,0.9156606502008898,0.8818297081188606
2015-07-14,0.7305335435700971,0.6833184383628073
2015-07-15,0.4174893525114449,0.4333326856046616
2015-07-16,0.8993504130724572,0.8373307857897063
2015-07-17,0.8142942839793468,0.5327469311994866
2015-07-20,0.5460684066428393,0.5153292584115234
2015-07-21,0.36652963806129174,0.21868084079306221
2015-07-22,0.16922075836715544,0.3101004642732139
2015-07-23,0.23958762432368255,0.1519867216187687
2015-07-24,0.08264547373533854,0.05570235409386773
2015-07-27,0.12775701182558524,0.18250057028338845
2015-07-28,0.8398659663244428,0.931580923852954
2015-07-29,0.6680182284995473,0.8067312651770473
2015-07-30,0.6308865771354182,0.4721128748275339
2015-07-31,0.45865800345878116,0.33445155413562194
2015-08-03,0.3241236859540473,0.29746107009638784
2015-08-04,0.34947116954260976,0.31753243676162535
2015-08-05,0.8139413895065027,0.6778045005566915
2015-08-06,0.022715948321274704,0.0896543712740019
2015-08-07,0.34312955562296427,0.28098162930888637
2015-08-10,0.9037262648610958,0.958031605031906
2015-08-11,0.073554548068914,0.09101950353494309
2015-08-12,0.538881028564848,0.5245462432624318
2015-08-13,0.3597233943771442,0.3858303949491804
2015-08-14,0.620659083723023,0.7159056215577595
2015-08-17,0.8545994437977419,0.7870952206399934
2015-08-18,0.17721116741740423,0.28830840658261087
2015-08-19,0.13498550587984437,0.08109815700006794
2015-08-20,0.0049019777223058576,0.00819368697788232
2015-08-21,0.004770452211463546,0.003212649370464402
2015-08-24,0.00976781984024577,0.0035962635361499067
2015-08-25,0.37283959473715655,0.17574636852524356
2015-08-26,0.9842929053252509,0.9786423914318231
2015-08-27,0.8932323720937246,0.9065852714766333
2015-08-28,0.5605374598087048,0.5020878634895231
2015-08-31,0.23740355340966618,0.27168885833008566
2015-09-01,0.04732021748854263,0.04035080061700371
2015-09-02,0.8986739299721764,0.8536204440823615
2015-09-03,0.4024831721658183,0.5168279358215845
2015-09-04,0.24126475743924924,0.14836136681543227
2015-09-08,0.9326524138862156,0.9248105871314947
2015-09-09,0.23441634142776702,0.18375315948884277
2015-09-10,0.6858667078576784,0.62489606195
2015-09-11,0.6272272003966873,0.6135050512675485
2015-09-14,0.3805697790461202,0.3566020232554006
2015-09-15,0.7907832118488478,0.8328649399790836
2015-09-16,0.6615921326592286,0.7463842847279772
2015-09-17,0.5101942651907619,0.3920682507151049
2015-09-18,0.11805211730234205,0.08753540160367794
2015-09-21,0.4892959299122526,0.6364032615374575
2015-09-22,0.09938381094017902,0.13715002335642942
2015-09-23,0.4485899201694559,0.40719890512453294
2015-09-24,0.3402322730973841,0.3518768059592731
2015-09-25,0.16672423928357233,0.4590181610433538
2015-09-28,0.015554148345234775,0.019175364130420206
2015-09-29,0.3158339808071816,0.5249185605382978
2015-09-30,0.9311344088546977,0.928877392330546
2015-10-01,0.524065060815148,0.5503198513380362
2015-10-02,0.8825026988666261,0.8764896091750052
2015-10-05,0.8474961117610713,0.9109342116357474
2015-10-06,0.2907919671981066,0.36586388398829267
2015-10-07,0.7378935555885308,0.7450125806057152
2015-10-08,0.6105421820644886,0.7718678284311788
2015-10-09,0.6174901478421262,0.50766307621927
2015-10-12,0.5378814652840433,0.5308843710934135
