date,Historical,RiskMetrics,Covariance,CCC-GARCH,Student-Copula-GARCH,Student-Copula-MSM
2013-10-17,-3.2112838745234207,-2.7025375716806224,-2.6149292699238345,-2.2815281275326895,-2.2839573353038407,-2.6666738581924614
2013-10-18,-3.2112838745234207,-2.6457822138360814,-2.6128489942385644,-2.187928767587984,-2.19026178417324,-2.5959026556352685
2013-10-21,-3.2112838745234207,-2.6257245917706538,-2.612957147685589,-2.1741500051597487,-2.176438558860445,-2.6274893521762883
2013-10-22,-3.1115556328926655,-2.546124788630282,-2.593220758777589,-2.048770446095724,-2.0509740808693353,-2.4949125407492416
2013-10-23,-3.1115556328926655,-2.479448257364614,-2.5909923613739063,-1.9585277015373237,-1.9605945990593783,-2.406930795349717
2013-10-24,-3.1115556328926655,-2.4223808191606544,-2.5913573812767012,-1.9102861495876031,-1.912349470905741,-2.3755647295982034
2013-10-25,-3.1115556328926655,-2.3620516812884182,-2.5913578949700997,-1.8313329845904913,-1.8333058415743388,-2.2726691448305814
2013-10-28,-3.1115556328926655,-2.3015328490262195,-2.5892793309017668,-1.7586166771252103,-1.7605156868145904,-2.1624218038222067
2013-10-29,-3.1115556328926655,-2.2314660729516294,-2.5874976671030625,-1.6782218342751312,-1.680033407181036,-2.0072283158403508
2013-10-30,-3.1115556328926655,-2.177520162284427,-2.5868411790130534,-1.6320863731154616,-1.6338599644959944,-1.9516018825600385
2013-10-31,-3.1115556328926655,-2.1318713060057237,-2.585480612260169,-1.628068545847158,-1.6298379783061483,-1.9687061276090636
2013-11-01,-3.1115556328926655,-2.0755304356644046,-2.5860097704088325,-1.5925858177179324,-1.5943229184000596,-1.9129728596146627
2013-11-04,-3.1115556328926655,-2.014761620734071,-2.5860925443911364,-1.5332205517141317,-1.5348950179038379,-1.822458676855484
2013-11-05,-3.1115556328926655,-1.9643268711773563,-2.581006418628946,-1.4907252408290852,-1.4923540758154061,-1.7826600773042842
2013-11-06,-3.1115556328926655,-1.905320237928609,-2.580467115843704,-1.4526296918753376,-1.454224742413355,-1.746237399009171
2013-11-07,-3.1115556328926655,-1.8483852954004403,-2.5804584469035916,-1.4265210100697887,-1.4280900436458823,-1.7358281839167604
2013-11-08,-3.1115556328926655,-2.0162659504774436,-2.579305370286437,-1.883335857704186,-1.8853460924515462,-2.2721090728739863
2013-11-11,-3.1115556328926655,-2.1251654309303456,-2.5785386173658407,-2.0695049529690657,-2.071717408985863,-2.5090890280148685
2013-11-12,-3.1115556328926655,-2.0605719124147854,-2.5756362976096305,-1.954628254025782,-1.956718451982605,-2.3213373884594284
2013-11-13,-3.1115556328926655,-1.998910824524658,-2.575052499664195,-1.8606438799132783,-1.8626387299731724,-2.17297399468741
2013-11-14,-3.1115556328926655,-2.0172139381847853,-2.56446093523574,-1.8915341569825999,-1.8935526019513529,-2.3140686812520608
2013-11-15,-3.1115556328926655,-1.9648615476783713,-2.564054135608321,-1.8112566300879538,-1.8131980701392125,-2.1870415663167084
2013-11-18,-3.1115556328926655,-1.9170718284074646,-2.5623116108533828,-1.7387238482447978,-1.740592689957133,-2.0736617518802163
2013-11-19,-3.1115556328926655,-1.895247897761236,-2.5580673613176983,-1.7508761662511159,-1.7527377028334672,-2.1303754269315163
2013-11-20,-3.1115556328926655,-1.8467956284510243,-2.558463497053528,-1.6975105139249957,-1.699314138217074,-2.036917772865439
2013-11-21,-3.1115556328926655,-1.7993973755513781,-2.558229991834115,-1.651638691902218,-1.6534007384609537,-1.9634117500758264
2013-11-22,-3.1115556328926655,-1.8373722054454786,-2.553404952967624,-1.7270291504702642,-1.7288627542438317,-2.1501549157118824
2013-11-25,-3.1115556328926655,-1.8068153911912364,-2.552929154639728,-1.6824793445749182,-1.6842699704874218,-2.0795145051779405
2013-11-26,-3.1115556328926655,-1.7518382991952892,-2.547788470065835,-1.612838445922796,-1.614559599507854,-1.9415610573453055
2013-11-27,-3.1115556328926655,-1.70686969199957,-2.5439599705950373,-1.5643157618540762,-1.5659822766445828,-1.879907038804616
2013-11-29,-3.1115556328926655,-1.6754123067256212,-2.543367994375795,-1.5322518752600391,-1.5338891102172303,-1.8601047982342582
2013-12-02,-3.1115556328926655,-1.626545755952175,-2.5429801925025797,-1.484386313970738,-1.4859760035061218,-1.7977210000571582
2013-12-03,-3.1115556328926655,-1.5872830834124676,-2.539078611205273,-1.4645201752369854,-1.4660823900268918,-1.7829432905826332
2013-12-04,-3.1115556328926655,-1.5460226946338005,-2.539624647802762,-1.4420179832216002,-1.4435635627075436,-1.7591150141311882
2013-12-05,-3.1115556328926655,-1.4992559333713225,-2.5377999563085516,-1.4015477627873956,-1.4030545645588433,-1.7168997481682964
2013-12-06,-3.1115556328926655,-1.4621457499175736,-2.537989519865407,-1.3966550286150117,-1.3981699024278653,-1.7267693904737063
2013-12-09,-3.1115556328926655,-1.5116922858102033,-2.5376900149946584,-1.5149798328088944,-1.5166230409950976,-1.9051380032510483
2013-12-10,-3.1115556328926655,-1.4687406352459327,-2.5372554019198907,-1.4606799202542,-1.4622665100273884,-1.8041851378507154
2013-12-11,-3.1115556328926655,-1.4317334426366541,-2.5378378698819515,-1.4365424564889409,-1.4381042235660317,-1.7762333090669162
2013-12-12,-3.1115556328926655,-1.565948241627154,-2.540104071528389,-1.72346349722876,-1.7253177584106925,-2.1480618595463215
2013-12-13,-3.1115556328926655,-1.5252621707087621,-2.540688900007622,-1.668241049099407,-1.670039403584044,-2.025718253240377
2013-12-16,-3.1115556328926655,-1.4788776619215451,-2.5406359643257064,-1.595655302563519,-1.5973650949609197,-1.8895745164944486
2013-12-17,-3.1115556328926655,-1.4838444919345897,-2.5329323179813246,-1.593099102515791,-1.5948038232604118,-1.9327660257222967
2013-12-18,-3.1115556328926655,-1.4444855405558152,-2.5306869939563486,-1.548717369362017,-1.5503777009552742,-1.8587490201601007
2013-12-19,-3.1115556328926655,-1.6113666116030048,-2.531282470939291,-1.8133612281149953,-1.8153105620764183,-2.2305945292637923
2013-12-20,-3.1115556328926655,-1.5654811958270716,-2.531742990797536,-1.7368257245714533,-1.7386981070733873,-2.0848881749635444
2013-12-23,-3.1115556328926655,-1.5866277439731404,-2.5317863792139605,-1.7534264377539626,-1.7553143672256166,-2.1571919970685314
2013-12-24,-3.0801747476922774,-1.6044579680135491,-2.5185179110010236,-1.7592756952427306,-1.7611421578819746,-2.1969174541852907
2013-12-26,-3.0801747476922774,-1.560811969827096,-2.5184123091562065,-1.681049629181202,-1.6828320484061243,-2.0428242561020893
2013-12-27,-3.0801747476922774,-1.5285180251518402,-2.5181601989409215,-1.625640741251353,-1.6273700173326442,-1.9563442254911503
2013-12-30,-3.0801747476922774,-1.4842251798321413,-2.5164003538573305,-1.5678859974207486,-1.5695959676613789,-1.8579860139342455
2013-12-31,-3.0801747476922774,-1.4391701954773308,-2.516578467623671,-1.5089286669307858,-1.5105732029910102,-1.7758043290631622
2014-01-02,-3.0801747476922774,-1.4204077115790705,-2.5165798604219503,-1.4819968627539424,-1.483609361724708,-1.7728868302209537
2014-01-03,-3.0801747476922774,-1.4594496393689935,-2.5170000999363156,-1.597898577738075,-1.5996081452133262,-1.9585317490220597
2014-01-06,-3.0801747476922774,-1.4176204332073732,-2.517444341786402,-1.5442967316171714,-1.5459890321577832,-1.852304503718376
2014-01-07,-3.0801747476922774,-1.3885711935725247,-2.507653166353456,-1.520170438572218,-1.5218276298512705,-1.8258319588100898
2014-01-08,-3.0801747476922774,-1.4179195507136078,-2.5072892713007495,-1.5545606652055175,-1.556240140368257,-1.9211138221835353
2014-01-09,-3.0801747476922774,-1.3769975863830033,-2.5006547125480014,-1.4988992452527268,-1.5005188802719427,-1.8217052423941857
2014-01-10,-3.0801747476922774,-1.3361639424178657,-2.500701844667626,-1.4540401390750348,-1.45560935448365,-1.7636141180940896
2014-01-13,-3.0801747476922774,-1.3096172953565994,-2.500699390437464,-1.4191769986267861,-1.4207076261126987,-1.7389682131678987
2014-01-14,-3.0801747476922774,-1.4914999592616487,-2.5037242224853746,-1.760132332572368,-1.7620324807516388,-2.152055820482807
2014-01-15,-3.0801747476922774,-1.6456121574492386,-2.5015771265528994,-1.9391979493747942,-1.9412579294950145,-2.404293044619031
2014-01-16,-3.0801747476922774,-1.6362537028794488,-2.5015765740995963,-1.883914538341665,-1.885914696842476,-2.3297221732275064
2014-01-17,-3.0801747476922774,-1.5864573707805645,-2.4953725506769957,-1.7923282315386142,-1.7942354877457483,-2.167027489301011
2014-01-21,-3.0801747476922774,-1.5589790881130354,-2.4960582316269804,-1.7522186538732485,-1.7540849794305722,-2.1213868900381834
2014-01-22,-3.0801747476922774,-1.5353341443499444,-2.495814988057854,-1.6975292279271927,-1.6993335111163346,-2.0484198452247244
2014-01-23,-3.0801747476922774,-1.4944363387986725,-2.4955338121322153,-1.6287942923214493,-1.630526466682012,-1.9369569418335746
2014-01-24,-3.0801747476922774,-1.5076792672282435,-2.4970039769622003,-1.6927960288480992,-1.694627768096088,-2.0565846301150907
2014-01-27,-3.0801747476922774,-1.9042023799700225,-2.503594842254792,-2.3412547357509985,-2.3437473855948863,-2.681939465372701
2014-01-28,-3.0801747476922774,-1.8998869051792542,-2.502102923781968,-2.2999417366362467,-2.3023837579449564,-2.6352064287151427
2014-01-29,-3.0801747476922774,-1.8623302942221163,-2.501798703868112,-2.187739504329414,-2.1900692989707835,-2.544170442674425
2014-01-30,-3.0801747476922774,-1.9083429881499636,-2.5041260620155548,-2.242961763333313,-2.2453487981517424,-2.631326925520596
2014-01-31,-3.0801747476922774,-2.023389095127152,-2.5046851625650373,-2.3459527690164066,-2.34845785953303,-2.721236567158117
2014-02-03,-3.0801747476922774,-1.9873777267054562,-2.504938873194478,-2.261004514167871,-2.263380333267338,-2.6422331816946505
2014-02-04,-3.0801747476922774,-2.387758991655604,-2.5131272964274047,-2.8827671028929758,-2.885809828632768,-2.9589966888247554
2014-02-05,-3.0801747476922774,-2.360703057691233,-2.512819930449755,-2.746796028795769,-2.74969803000569,-2.8233639429787156
2014-02-06,-3.0801747476922774,-2.2974499658682728,-2.5126352471932507,-2.5886193860738294,-2.591344551244211,-2.6966860648701596
2014-02-07,-3.0801747476922774,-2.3272224444223957,-2.512941330008498,-2.5683846157120196,-2.5711048884764383,-2.741663198617833
2014-02-10,-3.0801747476922774,-2.4129557122033973,-2.5126219451598404,-2.633619870691881,-2.6364006359480414,-2.837641490923925
2014-02-11,-3.0801747476922774,-2.347838840882059,-2.511045067643878,-2.4743257978911872,-2.47692624784978,-2.685323823416694
2014-02-12,-3.0801747476922774,-2.3557162674226024,-2.5106883998624894,-2.4402249298491743,-2.442806732755668,-2.710153902841458
2014-02-13,-3.0801747476922774,-2.284789180134372,-2.510101458392679,-2.2905167353229827,-2.292933714098797,-2.5689445576344183
2014-02-14,-3.0801747476922774,-2.2567013866173014,-2.5073372768430997,-2.212653984770007,-2.2150248812784166,-2.5541518170017192
2014-02-18,-3.0801747476922774,-2.193736978113719,-2.506847499016479,-2.096618471515105,-2.0988720350150536,-2.4383082803393354
2014-02-19,-3.0801747476922774,-2.138818335547804,-2.5068600080918726,-1.9991180935349824,-2.0012558854797673,-2.337642140307082
2014-02-20,-3.0801747476922774,-2.1157090748002223,-2.5061015747913813,-1.9899395559453998,-1.992066475711367,-2.3944054630729905
2014-02-21,-3.0801747476922774,-2.0842945462163103,-2.496823856114351,-1.9307980673240224,-1.9328640938383226,-2.355393251776709
2014-02-24,-3.0801747476922774,-2.0224766596787584,-2.4969007002224624,-1.8387752875389838,-1.8407460232363815,-2.20526918035908
2014-02-25,-3.0801747476922774,-1.9959478496385836,-2.4968938747101763,-1.800008399695129,-1.8019409757672382,-2.196025628961627
2014-02-26,-3.0801747476922774,-1.9365635303126072,-2.4970560776774513,-1.7204190517822089,-1.7222678503980178,-2.045147929377394
2014-02-27,-3.0801747476922774,-1.8778126091636083,-2.4959680562934135,-1.6422916024975893,-1.6440581704746433,-1.9058452227962044
2014-02-28,-3.0801747476922774,-1.8482472748200873,-2.495597376690964,-1.6122886303201343,-1.6140234766374841,-1.9005054156165053
2014-03-03,-3.0801747476922774,-1.7919590662559415,-2.495785262141011,-1.5594516412945738,-1.5611294198623549,-1.8273483409223468
2014-03-04,-3.0801747476922774,-1.7863786311054868,-2.4970154279665193,-1.6222127761605938,-1.6239695967860852,-1.958562009758444
2014-03-05,-3.0801747476922774,-1.9634072620825074,-2.4980371124994334,-1.9414169716904814,-1.9434757379531586,-2.3953641893260653
2014-03-06,-3.0801747476922774,-1.9039679238753022,-2.4978969897476926,-1.839570585362994,-1.841517058116278,-2.1920856027524307
2014-03-07,-3.0801747476922774,-1.8459964573371077,-2.4962454524293647,-1.7523170640046075,-1.7542168612296303,-2.0350390594588386
2014-03-10,-3.0801747476922774,-1.7919723967490016,-2.4900718750219677,-1.6852128435552354,-1.6870312681843478,-1.9310357653844683
2014-03-11,-3.0801747476922774,-1.7375591822928163,-2.489864432685667,-1.6132310284648717,-1.6149727304348132,-1.8263465655686284
2014-03-12,-3.0801747476922774,-1.715675305945205,-2.4909189547943678,-1.6228360463549414,-1.6245871590978522,-1.8875616018988945
2014-03-13,-3.0801747476922774,-1.6673974174861657,-2.4900690361625157,-1.5611358259641273,-1.5628189446794645,-1.8052658914290196
2014-03-14,-3.0801747476922774,-1.7833667288985104,-2.4931427725899225,-1.8358855165405532,-1.837857289699487,-2.200547328555522
2014-03-17,-3.0801747476922774,-1.738500315042044,-2.49365553875456,-1.770796793608354,-1.772698961131697,-2.074432369799017
2014-03-18,-3.0801747476922774,-1.759144933346294,-2.493479924909836,-1.7983390085717497,-1.8002432235510764,-2.187029405016373
2014-03-19,-3.0801747476922774,-1.79450877045114,-2.4932486902914897,-1.8399537888349504,-1.8419254098020847,-2.3049604569325095
2014-03-20,-3.0801747476922774,-1.773675505145846,-2.494448515753562,-1.8260317730517999,-1.8279963040619156,-2.298373057869956
2014-03-21,-3.0801747476922774,-1.7375478429468025,-2.494444470018453,-1.765210099762746,-1.7671232963251202,-2.207264699333573
2014-03-24,-3.0801747476922774,-1.7237914417906954,-2.494870672163514,-1.7758422380871386,-1.7777343399236747,-2.2410689902719816
2014-03-25,-3.0801747476922774,-1.7379331457709444,-2.495963816458232,-1.83123382663213,-1.8331763407641863,-2.319823972652886
2014-03-26,-3.0801747476922774,-1.694393146228157,-2.4959474703049898,-1.7558955116980064,-1.7577516506245516,-2.192383097260068
2014-03-27,-3.0801747476922774,-1.752889307295015,-2.4980281450878525,-1.8873656915514565,-1.8893312763372305,-2.3818328318605615
2014-03-28,-3.0801747476922774,-1.7120705514001346,-2.498765751086149,-1.8240946011041388,-1.8260153543331163,-2.2682281264866315
2014-03-31,-3.0801747476922774,-1.6678955335513472,-2.4970419371452532,-1.7518855849357595,-1.753716144811421,-2.1624021313068478
2014-04-01,-3.0801747476922774,-1.698555674218048,-2.494889192940173,-1.7835663584569048,-1.785421481567394,-2.2685108061847523
2014-04-02,-3.0801747476922774,-1.7758530366116174,-2.4938542395794183,-1.8876437760250415,-1.8895538347104788,-2.3965814989002707
2014-04-03,-3.0801747476922774,-1.727221838795851,-2.4923534261583806,-1.7982862311659358,-1.8001534279117386,-2.2456651587155925
2014-04-04,-3.0801747476922774,-1.699743576874622,-2.4927688704928386,-1.7799982377750976,-1.7818435135027018,-2.217097054935813
2014-04-07,-3.0801747476922774,-1.9862997119750416,-2.4979859389247308,-2.2798959542623636,-2.282173688918026,-2.6170646330155507
2014-04-08,-3.0801747476922774,-2.0296888744621016,-2.48981479279016,-2.344538425835657,-2.3469377655495554,-2.6808758754297433
2014-04-09,-3.0801747476922774,-1.996649230980777,-2.4889182000590857,-2.2381451754015873,-2.2404471752352033,-2.5636973548449196
2014-04-10,-3.0801747476922774,-2.0932496645598024,-2.4891718906679507,-2.329045476398312,-2.3314285387719194,-2.714140829140095
2014-04-11,-3.0801747476922774,-2.5231706186895466,-2.497556932663218,-3.002991316206677,-3.006064817798937,-3.223119499022241
2014-04-14,-3.0801747476922774,-2.5328247536735327,-2.500133769711151,-2.955260974309687,-2.958298594446759,-3.1832892795546153
2014-04-15,-3.0801747476922774,-2.4874298341000634,-2.5001344385467235,-2.806309114487962,-2.809191191648666,-2.996813365154604
2014-04-16,-3.0801747476922774,-2.427055832003686,-2.5001231710571146,-2.650286344650079,-2.653011135045859,-2.8085016039897024
2014-04-17,-3.0801747476922774,-2.444648762053532,-2.500416773211994,-2.613668301414304,-2.6163973960195532,-2.862077964592271
2014-04-21,-3.0801747476922774,-2.3724351560492876,-2.500136112503288,-2.448527360690882,-2.451045828817875,-2.6681194895589924
2014-04-22,-3.0801747476922774,-2.318104918532441,-2.4990130742925096,-2.319501216062908,-2.321895326741489,-2.558553638068658
2014-04-23,-3.0801747476922774,-2.281230757304498,-2.4989585228804176,-2.229405333290559,-2.2317118501415156,-2.5196890290040006
2014-04-24,-3.0801747476922774,-2.2320225159566083,-2.498383276608034,-2.1529953456962003,-2.1552203578185702,-2.459020716109486
2014-04-25,-3.0801747476922774,-2.1728866215472786,-2.4982671126322176,-2.0417747401900903,-2.043884446048926,-2.313847843290232
2014-04-28,-3.0801747476922774,-2.231532599784659,-2.5001476740557016,-2.1914677795707207,-2.1936786017099332,-2.566768394597698
2014-04-29,-3.0801747476922774,-2.1651788393676745,-2.4987880367871536,-2.073328135214128,-2.0754614925846355,-2.3917312823512265
2014-04-30,-3.0801747476922774,-2.1263144708615878,-2.4986822457919478,-1.9971185675500787,-1.9991730844315954,-2.3302229955154443
2014-05-01,-3.0801747476922774,-2.0678571661722627,-2.496937427006341,-1.8983508513019098,-1.9003073003339817,-2.1945353291127097
2014-05-02,-3.0801747476922774,-2.0066645726656516,-2.4952155763853856,-1.806383021673372,-1.8082495649798216,-2.063073363310986
2014-05-05,-3.0801747476922774,-1.9465520773744138,-2.4940210998466816,-1.7272836090246715,-1.7290760465266397,-1.950141357676789
2014-05-06,-3.0801747476922774,-1.893277738524339,-2.4863911050474097,-1.6552212725015014,-1.6569578864959504,-1.8649479348215066
2014-05-07,-3.0801747476922774,-1.9488078758133,-2.486903433279411,-1.8351345190086599,-1.8370479109463094,-2.184487189863774
2014-05-08,-3.0801747476922774,-1.8906638066041703,-2.477349372749537,-1.7818558258083927,-1.7837165403898185,-2.101225685484255
2014-05-09,-3.0801747476922774,-1.839411715276866,-2.477930024307164,-1.7185758085406995,-1.7203728588537004,-2.0040654087884238
2014-05-12,-3.0801747476922774,-1.7930649438696615,-2.477927078548832,-1.6532950355933451,-1.65505064826023,-1.9209741845065438
2014-05-13,-3.0801747476922774,-1.9027953620179803,-2.478329850039021,-1.848425184754559,-1.8503402816996062,-2.261129408273846
2014-05-14,-3.0801747476922774,-1.8466620189189378,-2.476260632097439,-1.7692212396626839,-1.7710748138871084,-2.1122314429895095
2014-05-15,-3.0801747476922774,-1.8221732951234613,-2.4773866164566347,-1.7623078264204732,-1.7641560532229152,-2.1370820854722687
2014-05-16,-3.0801747476922774,-1.8324460693662807,-2.476885971879776,-1.8370625724818856,-1.8390005544795525,-2.2758875023066434
2014-05-19,-3.0801747476922774,-1.7948726672921116,-2.4765608956137264,-1.7677412091011453,-1.7696089298664643,-2.166184223741813
2014-05-20,-3.0801747476922774,-1.7757551578145938,-2.476561496785978,-1.7337040057998485,-1.7355077439931132,-2.1436322600207642
2014-05-21,-3.0801747476922774,-1.764436798388268,-2.4759317806922647,-1.753398833145131,-1.7552543223361015,-2.202578381419632
2014-05-22,-3.0801747476922774,-1.7741464241460871,-2.4759809796029604,-1.7655313499487302,-1.7674092093046512,-2.263017528348498
2014-05-23,-3.0801747476922774,-1.73462577893354,-2.47525473423351,-1.6993320010976662,-1.7011383533999747,-2.1425797865482665
2014-05-27,-3.0801747476922774,-1.7149804143051404,-2.4751518709525313,-1.6673259197423838,-1.669095443730863,-2.110045111492621
2014-05-28,-3.0801747476922774,-1.7412244061542883,-2.4747130310418752,-1.7120980603854843,-1.713886298275143,-2.2092011971472147
2014-05-29,-3.0801747476922774,-1.6919238994781014,-2.4713040952828185,-1.6490272768412262,-1.6507534007098037,-2.084799670223027
2014-05-30,-3.0801747476922774,-1.6687364003199803,-2.4704830668908246,-1.6176977420059695,-1.619428558569218,-2.047834014913813
2014-06-02,-3.0801747476922774,-1.6179862472813706,-2.4700295122229528,-1.5562539104833277,-1.5579234759050276,-1.9307710592535374
2014-06-03,-3.0801747476922774,-1.5687743499058147,-2.469844619946006,-1.5006203122892705,-1.5022358270003433,-1.8382408977518114
2014-06-04,-3.0801747476922774,-1.5213154454588715,-2.470140005315083,-1.4515313630658249,-1.4530943973971964,-1.7701446106748562
2014-06-05,-3.0801747476922774,-1.4849378029137277,-2.4653487639155376,-1.4143948173972432,-1.4159233882152176,-1.7407083595110737
2014-06-06,-3.0801747476922774,-1.5184241665212004,-2.465415891195471,-1.4852236462323696,-1.486780417574366,-1.882036612152474
2014-06-09,-3.0801747476922774,-1.5020219653422187,-2.4648073176943854,-1.4716858991420174,-1.4732693530324674,-1.8601050550696046
2014-06-10,-3.0801747476922774,-1.4615690918625617,-2.464813068321509,-1.4271894775021199,-1.4287302150831136,-1.7873290411554177
2014-06-11,-3.0801747476922774,-1.4170511174996272,-2.4636632460086507,-1.3846433433213217,-1.386134541867781,-1.7293513741103093
2014-06-12,-3.0801747476922774,-1.3810830813356945,-2.464166638499729,-1.374283427743503,-1.3757619768316836,-1.7241842362850168
2014-06-13,-3.0801747476922774,-1.4061124938127654,-2.4651664964328623,-1.4780333159924548,-1.4796279199947895,-1.8733731886314717
2014-06-16,-3.0801747476922774,-1.3745084449246108,-2.463309520572838,-1.437627071666027,-1.4391812627001719,-1.7982749311028579
2014-06-17,-3.0801747476922774,-1.3358638329920214,-2.463422773872357,-1.3934882960087964,-1.3949958033783068,-1.7369946271907062
2014-06-18,-3.0801747476922774,-1.3060172019960783,-2.4634667300036583,-1.3622211034474365,-1.3636948993501812,-1.7113093966610557
2014-06-19,-3.0801747476922774,-1.323997758430635,-2.4633751756337645,-1.4069071255978398,-1.408448925848675,-1.795375768493637
2014-06-20,-3.0801747476922774,-1.2837338565527925,-2.463510705594488,-1.3674547216445503,-1.3689513403210103,-1.730315804924367
2014-06-23,-3.0801747476922774,-1.2491419845851826,-2.462574553432289,-1.3321625234413919,-1.3336205003525543,-1.691723380886477
2014-06-24,-3.0801747476922774,-1.211088153859713,-2.462726539141605,-1.3007261549264717,-1.302149990923025,-1.6584502183768888
2014-06-25,-3.0801747476922774,-1.2128440140977015,-2.4609524124833744,-1.3612794704861273,-1.3627423901673927,-1.748256564398878
2014-06-26,-3.0801747476922774,-1.2216384419105355,-2.4607274293238963,-1.375420841015816,-1.3769394073142207,-1.7774165644031024
2014-06-27,-3.0801747476922774,-1.1850391466163062,-2.460727029243584,-1.3424063166278533,-1.3438884693932218,-1.7153325443238696
2014-06-30,-3.0801747476922774,-1.162487652584681,-2.4607680629633224,-1.319926626201697,-1.3213769081899522,-1.6916441759166838
2014-07-01,-3.0801747476922774,-1.1284500285659544,-2.4609351235077197,-1.2917863271987715,-1.2932049026982146,-1.6519227158969585
2014-07-02,-3.0801747476922774,-1.2087899497127979,-2.461066015132122,-1.4046169871820515,-1.4061321466361731,-1.8348049374204736
2014-07-03,-3.0801747476922774,-1.1720361724699797,-2.461187628520282,-1.363959763707809,-1.3654329135222425,-1.738458119642846
2014-07-07,-3.0801747476922774,-1.1847877272176552,-2.4607947620852015,-1.3804920584917248,-1.3819857712449382,-1.7780876741113816
2014-07-08,-3.0801747476922774,-1.1955270192259668,-2.4617542176224743,-1.431494309056837,-1.433030202614623,-1.8488440616928028
2014-07-09,-3.0801747476922774,-1.300007917392653,-2.461878163287408,-1.6197032426042817,-1.6214003535156083,-2.0968451767521077
2014-07-10,-3.0801747476922774,-1.2980465895059439,-2.4606545375625233,-1.5912380150567733,-1.5929034741162564,-2.031986299764371
2014-07-11,-3.0801747476922774,-1.2862080519802195,-2.4614517740126503,-1.5831654361232537,-1.5848628363707808,-2.008107116037597
2014-07-14,-3.0801747476922774,-1.258107639316529,-2.461092566943841,-1.5300733510466105,-1.531672314676317,-1.906275924572876
2014-07-15,-3.0801747476922774,-1.25567366545627,-2.4609828196725156,-1.5107950961113812,-1.5124095799225898,-1.8862387162001069
2014-07-16,-3.0801747476922774,-1.2353503675591266,-2.461726084967635,-1.4965794551512994,-1.4981471903903576,-1.8645032554920398
2014-07-17,-3.0801747476922774,-1.211343313649423,-2.4614947019748668,-1.4602620304358058,-1.461820220541491,-1.8024714601977085
2014-07-18,-3.0801747476922774,-1.390547822442761,-2.462087436178746,-1.75880995658243,-1.76068993955037,-2.190338352601971
2014-07-21,-3.0801747476922774,-1.5360338105640976,-2.4624604332116227,-1.9058278879725257,-1.9078456395937378,-2.400451824099584
2014-07-22,-3.0801747476922774,-1.493605763624815,-2.462908694674148,-1.8214098813605475,-1.8233429614257313,-2.240338994615822
2014-07-23,-3.0801747476922774,-1.48829378327702,-2.4602187316396344,-1.7754551871824413,-1.7773401731600313,-2.196357158203535
2014-07-24,-3.0801747476922774,-1.4521054812421164,-2.4596515767123073,-1.698511191557718,-1.7003159027503645,-2.0557755071966626
2014-07-25,-3.0801747476922774,-1.407873559106813,-2.457211516085412,-1.623997475635558,-1.6257259686602836,-1.9159843044054083
2014-07-28,-3.0801747476922774,-1.3939161228170451,-2.4542519981012667,-1.6178537944283944,-1.6195815289246844,-1.9306365721437113
2014-07-29,-3.0801747476922774,-1.351624128018722,-2.4460381246943528,-1.5541522830330408,-1.5558139504091788,-1.8202461932130816
2014-07-30,-3.0801747476922774,-1.318278178333107,-2.446578466197047,-1.528299348860493,-1.5299477162798842,-1.7930342858966497
2014-07-31,-3.0801747476922774,-1.284812550357582,-2.4459035553067436,-1.4822221835587888,-1.483818534675685,-1.7439747030884423
2014-08-01,-3.0801747476922774,-1.7133887648231552,-2.4522435989132845,-2.1702606084049716,-2.172576084403487,-2.5220503114569506
2014-08-04,-3.0801747476922774,-1.6724224005202235,-2.448839355328399,-2.069294770285075,-2.0715050317109536,-2.3728567043547755
2014-08-05,-3.0801747476922774,-1.671998368525278,-2.445976705628528,-2.012320729929797,-2.014472526957636,-2.361405753777043
2014-08-06,-3.0801747476922774,-1.690583696698692,-2.4472170436174134,-2.0351406023547547,-2.037319025846294,-2.4304210579304413
2014-08-07,-3.0801747476922774,-1.6391494961217592,-2.4471480728891333,-1.9232152404927356,-1.925277758244274,-2.269336772007361
2014-08-08,-3.0801747476922774,-1.6155344442829986,-2.447584595952975,-1.8784775236638191,-1.8804942174349633,-2.243321064879611
2014-08-11,-3.0143361361698195,-1.6640393379358998,-2.435300487869458,-1.9190249084735063,-1.9210851357466678,-2.3404184956006002
2014-08-12,-3.0143361361698195,-1.6368151004947824,-2.4353015401700695,-1.8469921539103638,-1.8489772862861837,-2.2643541205143936
2014-08-13,-3.0143361361698195,-1.5918646232976004,-2.4341628659073176,-1.768981084512855,-1.7708849083696465,-2.1379810542737046
2014-08-14,-3.0143361361698195,-1.616381218336045,-2.433781503023216,-1.779155044990688,-1.7810559996579365,-2.2226274626582403
2014-08-15,-3.0143361361698195,-1.5861051894655,-2.433319842570373,-1.71415573111282,-1.7159854670564012,-2.114100032719973
2014-08-18,-3.0143361361698195,-1.53958876071878,-2.4330635215521976,-1.6386399321708778,-1.6403832008573092,-1.9664311908001386
2014-08-19,-3.0143361361698195,-1.5798590096646228,-2.4329549665121726,-1.6874782188193438,-1.6892746080490717,-2.1125406198392893
2014-08-20,-3.0143361361698195,-1.5541794206318056,-2.431858408467842,-1.6388078902340517,-1.6405554173371149,-2.027671774268338
2014-08-21,-3.0143361361698195,-1.5081926097727418,-2.432014350466637,-1.573111424959527,-1.5747859739554035,-1.9001945870068127
2014-08-22,-3.0143361361698195,-1.4671037590770146,-2.4320813791102944,-1.5161149740762612,-1.5177285381238874,-1.8120907794221068
2014-08-25,-3.0143361361698195,-1.4225033823908053,-2.432242558706971,-1.4690019785760522,-1.4706180252563106,-1.7524002750151997
2014-08-26,-3.0143361361698195,-1.4023384620887374,-2.4318908541045916,-1.4463282139818812,-1.447872892231864,-1.7507973415942937
2014-08-27,-3.0143361361698195,-1.3642968448916941,-2.428991751172357,-1.4023207241954845,-1.4038633061127153,-1.7019566018915127
2014-08-28,-3.0143361361698195,-1.3227440727826467,-2.4290439924791825,-1.3621216151943336,-1.3636182037840756,-1.6602377199416154
2014-08-29,-3.0143361361698195,-1.2882955331172339,-2.4291419401723364,-1.3439387399843867,-1.3454118660573104,-1.6525760615157479
2014-09-02,-3.0143361361698195,-1.2709989275995919,-2.4290305708068476,-1.3321803384077469,-1.3336367473277293,-1.6616226343110283
2014-09-03,-3.0143361361698195,-1.235993444988104,-2.4285753090352697,-1.3092321736307408,-1.3106607954056466,-1.635523228530055
2014-09-04,-3.0143361361698195,-1.212001555895152,-2.4291872993180843,-1.3205712188504495,-1.3219976976329977,-1.6598674128381499
2014-09-05,-3.0143361361698195,-1.1800149997860765,-2.429427261030565,-1.3054712333211058,-1.306882651694679,-1.6248417282221712
2014-09-08,-3.0143361361698195,-1.1758504072904332,-2.4294233962069205,-1.3121836997752936,-1.3136089795811643,-1.6530497519824061
2014-09-09,-3.0143361361698195,-1.1404076506788385,-2.428920744555803,-1.3022432615892154,-1.3036670154893772,-1.6255827653905124
2014-09-10,-3.0143361361698195,-1.188654452676987,-2.430340908729433,-1.4227069687050813,-1.4242520888761099,-1.815323963403153
2014-09-11,-3.0143361361698195,-1.1952814071798796,-2.4302846178810626,-1.4246066191814062,-1.4261432015313915,-1.810908036595722
2014-09-12,-3.0143361361698195,-1.1603167911941632,-2.430436922346564,-1.3803810873207287,-1.3818721902653543,-1.710175002499984
2014-09-15,-3.0143361361698195,-1.16987308211573,-2.431536243405213,-1.4303378774785689,-1.4318937053581982,-1.7921842318334533
2014-09-16,-3.0143361361698195,-1.1800583183405187,-2.4323832876028617,-1.4965934161189511,-1.498164560808507,-1.8796148803869606
2014-09-17,-3.0143361361698195,-1.2205451704835335,-2.432085430725913,-1.531444383286303,-1.5330790191156523,-1.9416750131828597
2014-09-18,-3.0143361361698195,-1.1872375858451678,-2.4321568503872846,-1.4760062559877727,-1.4775848126483278,-1.8153172778145754
2014-09-19,-3.0143361361698195,-1.1983963625205165,-2.432161938554232,-1.4741292343018575,-1.4757061681957533,-1.8326691137993465
2014-09-22,-3.0143361361698195,-1.1660420643573841,-2.4323882014439793,-1.438263649803163,-1.4398017394260387,-1.7594518216425554
2014-09-23,-3.0143361361698195,-1.2595002914270355,-2.4333023754140926,-1.6021410564985867,-1.6038460060569382,-2.011054056634749
2014-09-24,-3.0143361361698195,-1.2539195615577936,-2.4342504854585147,-1.6047341727136828,-1.6064548074810725,-1.9923533195126233
2014-09-25,-3.0143361361698195,-1.3202349229778612,-2.434334311812006,-1.6574848676881908,-1.6592594978861508,-2.116034815501239
2014-09-26,-3.0143361361698195,-1.6387416079961579,-2.438214572506354,-2.1289628090646993,-2.131241970394951,-2.5933611118225794
2014-09-29,-3.0143361361698195,-1.6754191777222012,-2.438012942897878,-2.108185158282127,-2.110443147838498,-2.5737991981533943
2014-09-30,-3.0143361361698195,-1.6282851667844394,-2.4382335443251795,-2.0016459797601134,-2.003793080931695,-2.4439873156408694
2014-10-01,-3.0143361361698195,-1.5866062406570043,-2.43882802946114,-1.9131690335176197,-1.915222849832663,-2.3300699377202854
2014-10-02,-3.0143361361698195,-1.7506340935218652,-2.4424342585355125,-2.160040724506846,-2.162358117353677,-2.607685584444933
2014-10-03,-3.0143361361698195,-1.698109982004763,-2.441758648421808,-2.0365355475710274,-2.038719962534504,-2.442356222988901
2014-10-06,-3.0143361361698195,-1.7547056340396965,-2.442052245848086,-2.0684750591146708,-2.070666496459161,-2.5362644283778515
2014-10-07,-3.0143361361698195,-1.7104828982961828,-2.442509587704008,-1.9771669217438668,-1.9792990660745808,-2.4308039417086436
2014-10-08,-3.0143361361698195,-1.8787630542557667,-2.4464908247906516,-2.2470647808212143,-2.249456743379748,-2.6690948496141917
2014-10-09,-3.0143361361698195,-2.092543578352376,-2.4472942819018484,-2.487457985941614,-2.490099149614577,-2.7992288472394504
2014-10-10,-3.0143361361698195,-2.3450800427012823,-2.4535711437097216,-2.8526113793696246,-2.8556314043287334,-2.9971157364173804
2014-10-13,-3.0143361361698195,-2.4840041556807857,-2.4584279562577507,-3.019198450264471,-3.022354501544565,-3.172144487311378
2014-10-14,-3.0143361361698195,-2.568613368322397,-2.4624156380447872,-3.092875252585626,-3.096134183380011,-3.307908309912473
2014-10-15,-3.0143361361698195,-2.4940821631851477,-2.4623938927098075,-2.884322920411487,-2.8873656671233237,-2.9851605987036973
2014-10-16,-3.0143361361698195,-2.438111192351814,-2.462790599173453,-2.7471275596882916,-2.750032916782689,-2.8423031471884452
2014-10-17,-3.0143361361698195,-2.363905955154778,-2.462945376594607,-2.5671921040524897,-2.569911303766813,-2.6204833622453054
2014-10-20,-3.0143361361698195,-2.379769617985757,-2.459472054531123,-2.540662230831659,-2.543358880079843,-2.698323061612021
2014-10-21,-3.0143361361698195,-2.395007321253723,-2.4597506507027225,-2.5076031555605605,-2.5102618077780576,-2.7499641523653118
2014-10-22,-3.0143361361698195,-2.626257746552673,-2.4622417743371368,-2.8261983191829554,-2.8291823650539887,-3.077770538339437
2014-10-23,-3.0143361361698195,-2.5849937506505642,-2.4636141325495573,-2.7200847594886906,-2.7229587505561117,-2.948186023168346
2014-10-24,-3.0143361361698195,-2.6306707571447983,-2.464362768389383,-2.732159984963716,-2.735033818601395,-3.0309323647482147
2014-10-27,-3.0143361361698195,-2.5813173056916296,-2.4643923248653112,-2.5969859201465684,-2.599718153280681,-2.880247698897117
2014-10-28,-3.0143361361698195,-2.502845397034313,-2.4639752467728693,-2.4344215234701183,-2.4369791721273213,-2.6916064222243334
2014-10-29,-3.0143361361698195,-2.5651222368009075,-2.4577668794758987,-2.5093000371843615,-2.5119631256634545,-2.862912962652511
2014-10-30,-3.0143361361698195,-2.49056761390439,-2.4582653408215314,-2.364171939895988,-2.366678542842234,-2.689443932341503
2014-10-31,-3.0143361361698195,-2.4311834832216563,-2.4574283974355677,-2.247762009271604,-2.250155190829984,-2.5868351325690946
2014-11-03,-3.0143361361698195,-2.4683342039151768,-2.4526391472507685,-2.302751277277091,-2.305204592739459,-2.7227668308015445
2014-11-04,-3.0143361361698195,-2.393597044769269,-2.452050341754151,-2.165513565298826,-2.1678210842579335,-2.558348634916362
2014-11-05,-3.0143361361698195,-2.327243600205303,-2.4427147723397376,-2.0621025211365733,-2.0643009376166233,-2.44645389434603
2014-11-06,-3.0143361361698195,-2.2609340517759895,-2.4411666440098347,-1.970844227343331,-1.9729561481335842,-2.3403201275104824
2014-11-07,-2.9312426636332622,-2.2027328812049154,-2.426531319957916,-1.8793795185877662,-1.8813956766772852,-2.214928753785604
2014-11-10,-2.9312426636332622,-2.1357938398946636,-2.4209939840874326,-1.787083123663285,-1.7889997976670562,-2.0521639569888452
2014-11-11,-2.9312426636332622,-2.080943722281698,-2.4056367199699373,-1.713891043576271,-1.7157301216978418,-1.9492791011447574
2014-11-12,-2.9312426636332622,-2.0189266270774926,-2.405345759024919,-1.6366714749489906,-1.6384291972663012,-1.834279224202555
2014-11-13,-2.9312426636332622,-1.9586381562709563,-2.4040701515684137,-1.5732341130591712,-1.574925134551822,-1.767717910696272
2014-11-14,-2.9312426636332622,-1.8995163080848727,-2.40125730180643,-1.511291471381604,-1.5129180795518526,-1.7117617826403617
2014-11-17,-2.9312426636332622,-1.8425604650677099,-2.3955359419001323,-1.4574064189836042,-1.4589771125145943,-1.6745969227018247
2014-11-18,-2.9312426636332622,-1.7884900607105811,-2.395873663257772,-1.4271654820725557,-1.4286988628715211,-1.6712389086907466
2014-11-19,-2.9312426636332622,-1.766456174065158,-2.391924514453396,-1.433881426678137,-1.4354227238569526,-1.7294445481742318
2014-11-20,-2.9312426636332622,-1.7248944309627687,-2.391313768977158,-1.430889350189871,-1.43241924866363,-1.740779255927221
2014-11-21,-2.8148156854938993,-1.6861053327508675,-2.370695379700849,-1.4056307552514757,-1.407143644439658,-1.7197960447159668
2014-11-24,-2.8148156854938993,-1.6489485308268739,-2.3700849175142795,-1.3917086103382617,-1.3932061033491627,-1.7168826081964697
2014-11-25,-2.8148156854938993,-1.6331880781849573,-2.3678553893937346,-1.4091286826488822,-1.410653652278345,-1.7677338806765144
2014-11-26,-2.8148156854938993,-1.583485197218123,-2.367835287111418,-1.3720384818258193,-1.3735121925487495,-1.6974832943635656
2014-11-28,-2.8148156854938993,-1.5560133469312432,-2.366569114921757,-1.3625981248793426,-1.364076413809769,-1.697711215492747
2014-12-01,-2.8148156854938993,-1.509339467690767,-2.358427084895413,-1.340976426722659,-1.3424174592620524,-1.66261305760822
2014-12-02,-2.8148156854938993,-1.574128813428764,-2.3582435684785468,-1.5458343607355503,-1.5474597559531142,-1.9501599989529006
2014-12-03,-2.8148156854938993,-1.5663182747958952,-2.35369966781263,-1.5452562501884686,-1.5469143337866595,-1.940653342908653
2014-12-04,-2.8148156854938993,-1.53425995429114,-2.3494647426921786,-1.504840734346994,-1.5064441771491928,-1.8606356230481553
2014-12-05,-2.8148156854938993,-1.4888604093453852,-2.349809674419138,-1.4589412900104541,-1.4604986804826539,-1.7730768731339057
2014-12-08,-2.6844873196219936,-1.448073232336583,-2.3331217598673217,-1.4136143556938046,-1.415126694342279,-1.7067538773994184
2014-12-09,-2.6844873196219936,-1.4734969367571216,-2.329882515706346,-1.519538775497746,-1.5211686229407497,-1.8816246911996122
2014-12-10,-2.6844873196219936,-1.43622770677358,-2.3299417872472907,-1.4808203016080095,-1.4824059414383954,-1.8058445430634529
2014-12-11,-2.6844873196219936,-1.6952424184424533,-2.3336241960003803,-1.9678061664980724,-1.9698951202543669,-2.384093611825832
2014-12-12,-2.6844873196219936,-1.666511644933214,-2.328266441273464,-1.8869150833301,-1.8889146167680508,-2.2470202006504576
2014-12-15,-2.6844873196219936,-1.801993219263884,-2.3317996376182353,-2.1346943347785263,-2.1369762476953396,-2.5382776342809827
2014-12-16,-2.6844873196219936,-1.8116813726853713,-2.333256683868998,-2.1322625426332036,-2.1345409102045965,-2.5559266007578536
2014-12-17,-2.6844873196219936,-1.856083748250374,-2.331563684046636,-2.1865939422699903,-2.1889241367763947,-2.624279456635317
2014-12-18,-2.6844873196219936,-2.1476345887940065,-2.333721189860157,-2.550050433044706,-2.5527580630216105,-2.822112091160101
2014-12-19,-2.6844873196219936,-2.4587780617077155,-2.336767780519233,-2.929883145516869,-2.9329825504706637,-3.0394194567932495
2014-12-22,-2.6844873196219936,-2.395099162695133,-2.336634234589361,-2.7442517321117488,-2.7471606514651583,-2.8150802827864667
2014-12-23,-2.6844873196219936,-2.3310872046625475,-2.3353481443412853,-2.5724958198856,-2.5752280559667398,-2.659846250911117
2014-12-24,-2.6844873196219936,-2.260536672467717,-2.33204222297922,-2.4184394268449556,-2.421012734189223,-2.5223220624903617
2014-12-26,-2.6844873196219936,-2.1921156976323792,-2.331552066017705,-2.2691907782105933,-2.2716099409836987,-2.3563618510198587
2014-12-29,-2.6844873196219936,-2.1454013277483357,-2.326834499808419,-2.159978153322858,-2.162283018642887,-2.2726391681283626
2014-12-30,-2.6844873196219936,-2.0801920882085714,-2.3269959450062028,-2.0356537467585825,-2.037829663409988,-2.0974600166482125
2014-12-31,-2.6844873196219936,-2.0412478581774187,-2.3276630436463064,-1.9824412211378502,-1.9845579099532644,-2.108206876629773
2015-01-02,-2.6634325796077496,-2.052261801403472,-2.3134391295309524,-2.039045017120686,-2.041226483610419,-2.29768152317105
2015-01-05,-2.6634325796077496,-1.990813786541279,-2.311177455656803,-1.932691741642598,-1.9347625032767197,-2.1292974101109086
2015-01-06,-2.6634325796077496,-2.1631860710050446,-2.315382950022377,-2.293801519213161,-2.2962470100789583,-2.5902464652851696
2015-01-07,-2.6634325796077496,-2.1879449047195623,-2.317006769066554,-2.33411130492019,-2.336597642017917,-2.6462721230084596
2015-01-08,-2.6634325796077496,-2.2292554151296815,-2.317460213755453,-2.3513325694044354,-2.353836401665926,-2.685591987764169
2015-01-09,-2.6634325796077496,-2.3923158916857004,-2.3124643144086594,-2.5662165793065332,-2.5689421581717413,-2.833430863530845
2015-01-12,-2.6634325796077496,-2.3597528544371564,-2.3139569168133276,-2.4896791471590407,-2.4923259231365913,-2.754206596949513
2015-01-13,-2.6634325796077496,-2.3358325373301905,-2.315608890141472,-2.4335985476753543,-2.4361876245033347,-2.7273706238282442
2015-01-14,-2.6634325796077496,-2.2665896252226965,-2.315873725727231,-2.2913355650228775,-2.293777998570217,-2.6004635546120642
2015-01-15,-2.6634325796077496,-2.2181945597019475,-2.3153708007424982,-2.204771351376405,-2.207124683440671,-2.5514690314725983
2015-01-16,-2.6634325796077496,-2.258150937089397,-2.3181816534965485,-2.2959824982123687,-2.298423484525503,-2.678109816380494
2015-01-20,-2.6634325796077496,-2.3219479330769293,-2.318717752294625,-2.3667742401872007,-2.3692901414476792,-2.739066978239323
2015-01-21,-2.6202660008275656,-2.2575990418724667,-2.306140707103712,-2.229108157926018,-2.2314808089875786,-2.607798197889482
2015-01-22,-2.6202660008275656,-2.199001678149328,-2.3061002027057,-2.1120267640714063,-2.1142771273759116,-2.5050365760980537
2015-01-23,-2.6202660008275656,-2.327569594284752,-2.3070254618796517,-2.3145418311258443,-2.3170023994393656,-2.719049643866353
2015-01-26,-2.6202660008275656,-2.2594433735478194,-2.3037132737593646,-2.2046080125630008,-2.206957593824125,-2.5997487560672843
2015-01-27,-2.6202660008275656,-2.196165101194764,-2.2999813056143434,-2.08039135941907,-2.082612136652762,-2.4754856648501207
2015-01-28,-2.6202660008275656,-2.322747340945739,-2.3043501956562,-2.351837389889195,-2.35430377943956,-2.7373545361009737
2015-01-29,-2.6202660008275656,-2.344798804429088,-2.3066359543684944,-2.4151320517773773,-2.4176990710609876,-2.753880468784396
2015-01-30,-2.6202660008275656,-2.3384912638986894,-2.3063271347969367,-2.3626409845947856,-2.3651541533920315,-2.7240066875369076
2015-02-02,-2.6202660008275656,-2.363370812673484,-2.3072530999603837,-2.4226800340475103,-2.425257870282393,-2.7745558539007376
2015-02-03,-2.6202660008275656,-2.3739283949373946,-2.3066240594003378,-2.4083206245173714,-2.410883753091151,-2.7703921284441804
2015-02-04,-2.6202660008275656,-2.4109401971774007,-2.3070283625753327,-2.438383621298665,-2.4409760458546668,-2.817651611777874
2015-02-05,-2.6202660008275656,-2.3448240857684306,-2.30547657643474,-2.3086558445521757,-2.311115557427724,-2.680270476743718
2015-02-06,-2.6202660008275656,-2.3468550847862444,-2.3047599972071775,-2.28359852677773,-2.2860329376893262,-2.704665350752645
2015-02-09,-2.6202660008275656,-2.2861257531772714,-2.305489099993041,-2.17597740511516,-2.178301679192421,-2.6022596655514314
2015-02-10,-2.6202660008275656,-2.228581728105871,-2.30568490567515,-2.083074648268254,-2.085303638161216,-2.5201610555432166
2015-02-11,-2.6202660008275656,-2.262690790422514,-2.3055405602918224,-2.1329492747341003,-2.135229070675798,-2.6312043758724046
2015-02-12,-2.6202660008275656,-2.195205129369599,-2.3056450746957546,-2.013268598416888,-2.0154246024269806,-2.4875217713906523
2015-02-13,-2.6202660008275656,-2.213030203847407,-2.3039410965319287,-2.0420173173558385,-2.044201604901587,-2.580833120395026
2015-02-17,-2.5955436372425735,-2.170474215796884,-2.2918766996761164,-1.9653468299523034,-1.967449676836795,-2.507647871856114
2015-02-18,-2.5955436372425735,-2.1057639684891774,-2.2905855049243646,-1.8608733480414232,-1.862858776170014,-2.3550329823473652
2015-02-19,-2.5955436372425735,-2.041868531177707,-2.2895893653676773,-1.7678761433777415,-1.76975757148433,-2.1884622264393414
2015-02-20,-2.5955436372425735,-1.981124434031626,-2.2896335051976053,-1.6924683442490704,-1.6942636145925634,-2.049344391427632
2015-02-23,-2.5955436372425735,-1.953186307697542,-2.2891022062702366,-1.6674932234634106,-1.6692643661286009,-2.0470835604069277
2015-02-24,-2.5955436372425735,-1.893790910701485,-2.289238800361812,-1.5954911013258715,-1.5972335516416285,-1.904125489828265
2015-02-25,-2.5955436372425735,-1.8399848635809868,-2.2844593119604584,-1.5351847055370935,-1.5368627476538859,-1.814353069272667
2015-02-26,-2.5955436372425735,-1.7841426281490393,-2.2843155281919003,-1.4808554082036296,-1.4824740266472631,-1.7473271777144723
2015-02-27,-2.5955436372425735,-1.731489622567073,-2.283069255564539,-1.443745840515439,-1.445321527699313,-1.724378736152072
2015-03-02,-2.5955436372425735,-1.6935998888164725,-2.2795301984488257,-1.4417143133146468,-1.443280705872451,-1.7472047781131186
2015-03-03,-2.5955436372425735,-1.697041649823989,-2.2795877202771826,-1.4818339851836915,-1.483435021529582,-1.8418917172153704
2015-03-04,-2.5955436372425735,-1.6707902969927988,-2.2785670913721345,-1.498299286885934,-1.4999178247224574,-1.865263251038099
2015-03-05,-2.5955436372425735,-1.6319968691235687,-2.2779787684420216,-1.4856908903701693,-1.4873067934431805,-1.8380452311805777
2015-03-06,-2.5955436372425735,-1.5871154559469902,-2.273867472950757,-1.4379703477944772,-1.439532868596944,-1.7675755651398648
2015-03-09,-2.5955436372425735,-1.7012262629053336,-2.276677913147717,-1.7433047372198542,-1.7451840333434288,-2.150000966135982
2015-03-10,-2.5955436372425735,-1.6613815893449015,-2.270729229589163,-1.6745716297737756,-1.6763801861092207,-2.0155245218686546
2015-03-11,-2.5955436372425735,-1.8791976533211208,-2.2754020189053854,-2.095845169435983,-2.0980870376382352,-2.5086200251687907
2015-03-12,-2.5955436372425735,-1.8254195719248445,-2.275017049680993,-1.9884901268320851,-1.9906218071283965,-2.341401664388739
2015-03-13,-2.5955436372425735,-1.8720927282260034,-2.2726442913071265,-2.034496941338685,-2.0366747426779517,-2.4422495774057302
2015-03-16,-2.5955436372425735,-1.8395640864985123,-2.2736263208311076,-1.9785268522054127,-1.9806472764776804,-2.38498106920886
2015-03-17,-2.5955436372425735,-1.922910943854911,-2.274220243363509,-2.0775321935558475,-2.0797529863906985,-2.5247669526678598
2015-03-18,-2.5955436372425735,-1.8649754952130848,-2.274551095815587,-1.9736828676372926,-1.975797528845839,-2.38966475392733
2015-03-19,-2.5955436372425735,-1.9067269091894532,-2.2738295042716548,-2.0156486273978413,-2.0178039568477626,-2.4668412913066966
2015-03-20,-2.5955436372425735,-1.85057576634729,-2.2740522044378326,-1.9305808703433442,-1.9326487078174819,-2.352628391894159
2015-03-23,-2.5955436372425735,-1.8495884398611364,-2.274136921146436,-1.908507809234084,-1.9105524678131416,-2.3553640425399123
2015-03-24,-2.5955436372425735,-1.7985057694057505,-2.2744628090922188,-1.8259747976931788,-1.8279373203116824,-2.2551478801734866
2015-03-25,-2.5955436372425735,-1.7641837353815546,-2.2753755235003768,-1.7896994902517434,-1.7916242933004194,-2.219471278315077
2015-03-26,-2.5955436372425735,-2.0337703323326792,-2.2800728255538005,-2.2908181973048407,-2.293230604531222,-2.6920042585395065
2015-03-27,-2.5955436372425735,-1.9771240734046402,-2.2800545321093884,-2.1687595118242253,-2.1710391684754256,-2.5479183546057733
2015-03-30,-2.5955436372425735,-1.9306608041358513,-2.278941305522556,-2.0590978474432484,-2.0613038221008644,-2.4480098540598383
2015-03-31,-2.5955436372425735,-1.9888650912423602,-2.2782564758858768,-2.1202355041765553,-2.1224825738720523,-2.56640687145903
2015-04-01,-2.5955436372425735,-1.9974524414715724,-2.2772929790639522,-2.1387408691783616,-2.1410118485340126,-2.5975368640594447
2015-04-02,-2.5955436372425735,-1.9506291172345718,-2.277067427740229,-2.0507752548945346,-2.0529492629207278,-2.516576756670452
2015-04-06,-2.5955436372425735,-1.8963457634033551,-2.277126574172434,-1.943914017409816,-1.945974140584529,-2.3933113849512946
2015-04-07,-2.5955436372425735,-1.8743099575287656,-2.276673852015373,-1.890099384140045,-1.8921071802576157,-2.3622315656419905
2015-04-08,-2.5955436372425735,-1.8199557848753771,-2.27645300431595,-1.8040922660371115,-1.8060064005591763,-2.2257810023587767
2015-04-09,-2.5955436372425735,-1.791690173500643,-2.2764047307757314,-1.7566833803884403,-1.758575907297645,-2.1791068182446076
2015-04-10,-2.5955436372425735,-1.7569071147391775,-2.274256613200174,-1.6984097608947835,-1.7002419170405778,-2.0888137887183937
2015-04-13,-2.5955436372425735,-1.7246934207543774,-2.271270180110461,-1.6509677427991027,-1.6527557431651876,-2.0207357944294175
2015-04-14,-2.5955436372425735,-1.68127919563321,-2.271045515335484,-1.6145808317164163,-1.616343902048516,-1.9609352082644247
2015-04-15,-2.5955436372425735,-1.6301418818210303,-2.2710553234590507,-1.556003128968048,-1.55769705352604,-1.858634718778939
2015-04-16,-2.5955436372425735,-1.6163735079517358,-2.271026752449839,-1.5438093895834688,-1.5454865124410184,-1.8741226914009428
2015-04-17,-2.5955436372425735,-1.5676570250714146,-2.2711189612345524,-1.4896092428033512,-1.4912280699678446,-1.7870717630119308
2015-04-20,-2.5955436372425735,-1.6991949927499397,-2.2745138348478484,-1.7880677976265362,-1.789986805615096,-2.1909107727746764
2015-04-21,-2.5955436372425735,-1.7610735014266181,-2.274764922888061,-1.8631438504702786,-1.8651340427048724,-2.3315878496851665
2015-04-22,-2.5955436372425735,-1.7088098925330013,-2.274263968846512,-1.7798659181552725,-1.7817686047258499,-2.1742835699228737
2015-04-23,-2.5955436372425735,-1.6776640426310436,-2.274175821374462,-1.721313279261061,-1.7231603401459998,-2.09067788545976
2015-04-24,-2.5955436372425735,-1.637049331209361,-2.274189632057164,-1.6526625550807565,-1.6544357083234043,-1.9717542342767715
2015-04-27,-2.5955436372425735,-1.609375593651981,-2.2693356059048178,-1.6118660434925947,-1.613587664615765,-1.9299206317161046
2015-04-28,-2.5955436372425735,-1.5883426283830744,-2.270168432928129,-1.610720915957809,-1.612439451706894,-1.949001944783659
2015-04-29,-2.5955436372425735,-1.5408189806087762,-2.270202566983169,-1.5520912376629898,-1.5537509219720183,-1.8504903756832438
2015-04-30,-2.5955436372425735,-1.5210932260336478,-2.271205002336137,-1.5560210456029335,-1.5576814169999575,-1.881655593028374
2015-05-01,-2.5955436372425735,-1.6591748223708056,-2.274576183114781,-1.8352928187848951,-1.8372406355610835,-2.257535292504478
2015-05-04,-2.5955436372425735,-1.744900382125643,-2.2749491747341883,-1.9350549614598391,-1.937098932586433,-2.413298694477262
2015-05-05,-2.5955436372425735,-1.6983169342513216,-2.274743024377213,-1.8399382508777604,-1.8418862447545257,-2.25080682138572
2015-05-06,-2.5955436372425735,-1.8234527786472023,-2.278162679653443,-2.066252083039916,-2.068435811070523,-2.5373698859942504
2015-05-07,-2.5955436372425735,-1.7842595145304865,-2.278744223125255,-1.9907194995873871,-1.9928297456168995,-2.4385448003602797
2015-05-08,-2.5955436372425735,-1.7488789213630742,-2.278500428827126,-1.9038675884424645,-1.9058873215720908,-2.3334417951280937
2015-05-11,-2.5955436372425735,-1.8394646333813096,-2.2788740208353087,-2.022206296504791,-2.0243390758968967,-2.520099348572877
2015-05-12,-2.5955436372425735,-1.7948605297315974,-2.279567429210218,-1.9468431233666343,-1.9489085118095544,-2.4237869324214665
2015-05-13,-2.5955436372425735,-1.74983025157321,-2.278772194172898,-1.869070322581805,-1.871048611108985,-2.322691406780767
2015-05-14,-2.5955436372425735,-1.6966763522387986,-2.2789063589808127,-1.7751694832972191,-1.7770959940277022,-2.1575478508981334
2015-05-15,-2.5955436372425735,-1.7869591455766867,-2.279136760819948,-1.8960548354018916,-1.8981003550118993,-2.401521755882192
2015-05-18,-2.5955436372425735,-1.7325383882768055,-2.277838967137237,-1.7997943560913987,-1.8017350515882926,-2.2222912828690076
2015-05-19,-2.5955436372425735,-1.6992089336636027,-2.2778385475351817,-1.7350949112138327,-1.736960163876064,-2.125440962522853
2015-05-20,-2.5955436372425735,-1.6487481414834515,-2.2768521261144423,-1.661644591345355,-1.6634308923514243,-1.982982323646365
2015-05-21,-2.5955436372425735,-1.5986101116783864,-2.2737512513989993,-1.592812876607522,-1.5945280520032548,-1.8640616923159956
2015-05-22,-2.5955436372425735,-1.5595739893386673,-2.2733728691001622,-1.537396326223762,-1.5390521456862478,-1.7989463964392893
2015-05-26,-2.5955436372425735,-1.5137632309057945,-2.2688585124196248,-1.4909825614499492,-1.4925940583101043,-1.7494256297954363
2015-05-27,-2.5955436372425735,-1.5905850663641985,-2.271236527837884,-1.684871547832827,-1.6867026774665157,-2.0421913444983586
2015-05-28,-2.5955436372425735,-1.6833310018893355,-2.2706164666788946,-1.8102423224383375,-1.8121771105293003,-2.2593915553114505
2015-05-29,-2.5955436372425735,-1.6342202013109874,-2.2709448481847088,-1.7307697750110276,-1.7326213288516679,-2.0911567460416736
2015-06-01,-2.5955436372425735,-1.619926719247397,-2.2720490862695772,-1.73151498458499,-1.7333788844120732,-2.122112787879189
2015-06-02,-2.5955436372425735,-1.5760327936555487,-2.2682458817416182,-1.655217949043709,-1.657000798537719,-1.9757087757130298
2015-06-03,-2.5955436372425735,-1.5293898752118975,-2.26710658892189,-1.5907138663647618,-1.5924284068596417,-1.8651055023860192
2015-06-04,-2.5955436372425735,-1.4946038491809677,-2.266045793073507,-1.5382551588002684,-1.5399114790456698,-1.8056288588616758
2015-06-05,-2.5955436372425735,-1.523929874621331,-2.267255817914619,-1.6368564214971608,-1.6386382674888351,-1.9837091926307948
2015-06-08,-2.5955436372425735,-1.4775503867641842,-2.2656695497835284,-1.5729216747130703,-1.5746358140788042,-1.8630098879013384
2015-06-09,-2.5955436372425735,-1.5014180395744166,-2.2647011046734478,-1.6464118036809425,-1.6481910403200644,-2.0154643277501663
2015-06-10,-2.5955436372425735,-1.4560336622343018,-2.26443638699105,-1.5806653579075434,-1.5823721163733877,-1.883934269539091
2015-06-11,-2.5955436372425735,-1.5738494681211093,-2.2649862105918412,-1.7464310630960742,-1.7482845640320388,-2.1805329227054733
2015-06-12,-2.5955436372425735,-1.5281127499401856,-2.264866448500194,-1.6656228184995736,-1.667438099119584,-2.0062763494095206
2015-06-15,-2.5955436372425735,-1.5286766167589563,-2.266055132971611,-1.6919020548000934,-1.6937080835324854,-2.083267200159715
2015-06-16,-2.5955436372425735,-1.5032855507976781,-2.2669212510037635,-1.6649232189282233,-1.6667027424001155,-2.041188122769682
2015-06-17,-2.5955436372425735,-1.4893026137716785,-2.266902947542462,-1.630006939317502,-1.6317530036687105,-2.0025192891760315
2015-06-18,-2.5955436372425735,-1.448031800620453,-2.266940981063811,-1.5632328929964687,-1.5649029666209748,-1.8800537866371259
2015-06-19,-2.5955436372425735,-1.5517988557419131,-2.2668850015470485,-1.7053138149729525,-1.7071660388706453,-2.1514510549081454
2015-06-22,-2.5955436372425735,-1.523575543013608,-2.2675729253851453,-1.677426694542922,-1.679212330423596,-2.0885171791452217
2015-06-23,-2.5955436372425735,-1.5248182397862982,-2.266701164846495,-1.6615422390152905,-1.663307717807708,-2.0901732235247246
2015-06-24,-2.5955436372425735,-1.4792776110151666,-2.2668132695278076,-1.5891159734236884,-1.5908514971823684,-1.9383553829107438
2015-06-25,-2.5955436372425735,-1.4941918369257372,-2.268222024319541,-1.6468718306228727,-1.6486278385774553,-2.0621698273507123
2015-06-26,-2.5955436372425735,-1.455591433399061,-2.2687151815210806,-1.597131908327734,-1.5988359313041172,-1.9589547965357716
2015-06-29,-2.5955436372425735,-1.4237457020505713,-2.269363913992487,-1.5731298196630759,-1.574833086373323,-1.9164576284495698
2015-06-30,-2.5955436372425735,-1.8917563131605082,-2.2770675399155156,-2.3358666927302756,-2.3383483434871115,-2.677712913243397
2015-07-01,-2.5955436372425735,-1.8495503653836165,-2.276609331091563,-2.2096469138748134,-2.2119827292704746,-2.5309538383867927
2015-07-02,-2.5955436372425735,-1.8263797648325504,-2.2764478664511154,-2.1216942339578737,-2.1239457093123364,-2.477599160164442
2015-07-06,-2.5955436372425735,-1.7710123776285636,-2.2764593643720312,-2.003599634253775,-2.0057198008688197,-2.330928505062767
2015-07-07,-2.5955436372425735,-1.7296898242689214,-2.27706465315288,-1.9258804968065142,-1.9279185873304485,-2.247316932640542
2015-07-08,-2.5955436372425735,-1.689385644568635,-2.276674117925935,-1.8509052352730964,-1.8528771322962938,-2.1570309376950925
2015-07-09,-2.5955436372425735,-1.910204501196157,-2.2811803271598117,-2.2310900592754312,-2.2334685582396157,-2.590305304171837
2015-07-10,-2.5955436372425735,-1.8571195202762538,-2.2805692693438036,-2.102591297174381,-2.104836659318886,-2.4228669995499224
2015-07-13,-2.5955436372425735,-1.9630083233735123,-2.280834118249924,-2.2097235798836325,-2.2120769959890723,-2.601508712470499
2015-07-14,-2.5955436372425735,-2.0388610401799494,-2.281469474543575,-2.2690121406977997,-2.271412791382278,-2.668459307535353
2015-07-15,-2.5955436372425735,-2.0014564943568427,-2.2812722973950863,-2.1626427771034407,-2.1649215699135924,-2.577591059812851
2015-07-16,-2.5955436372425735,-1.9412402363305874,-2.2811141709402807,-2.042352625577895,-2.0445510453242,-2.449175195429634
2015-07-17,-2.5955436372425735,-1.9706733424195122,-2.2811962623633235,-2.0562341004827576,-2.05842823003972,-2.5334523109980185
2015-07-20,-2.5955436372425735,-1.932441690598963,-2.281179838363537,-1.9822533575907137,-1.9843536613777584,-2.4509437003861314
2015-07-21,-2.5955436372425735,-1.8748644052234664,-2.281191740520108,-1.8765309099921856,-1.8785218264192516,-2.293919764566861
2015-07-22,-2.5955436372425735,-1.8266759291153984,-2.2814694660043586,-1.8120040587820687,-1.8139362557215009,-2.20914698371591
2015-07-23,-2.5955436372425735,-1.791141033105102,-2.282328345403282,-1.77579332936567,-1.777677327611004,-2.168501422307202
2015-07-24,-2.5955436372425735,-1.7626801171969284,-2.2833226850806785,-1.7572732793097077,-1.7591473971570681,-2.1633158684916793
2015-07-27,-2.5955436372425735,-1.8208172184023175,-2.282838309369787,-1.9027992795733317,-1.9048435006553286,-2.3940915288310793
2015-07-28,-2.5955436372425735,-1.8193203193721619,-2.2835510592947528,-1.9163873390484618,-1.918431206295519,-2.421455536530222
2015-07-29,-2.5955436372425735,-1.8726315874510058,-2.2835396396314307,-1.9868197502418508,-1.9889292133288254,-2.5251755672988665
2015-07-30,-2.5955436372425735,-1.845971424326903,-2.2834404131651325,-1.9251083157770055,-1.927169784164709,-2.4587608984167484
2015-07-31,-2.5955436372425735,-1.792291553349133,-2.283345940478709,-1.8284185999585307,-1.8303668768243158,-2.317765917230961
2015-08-03,-2.5955436372425735,-1.7390044081222122,-2.2837017724011925,-1.74711519120107,-1.7489772333841975,-2.174275738508429
2015-08-04,-2.5955436372425735,-1.6927236802654027,-2.2842603365064047,-1.6860894516623757,-1.687884290696413,-2.0645245540270705
2015-08-05,-2.5955436372425735,-1.6454633699315537,-2.277625266574098,-1.6262723022180927,-1.6280014028453333,-1.9538529544014203
2015-08-06,-2.5955436372425735,-1.6197000510727766,-2.277603310835601,-1.5893011846394474,-1.5910271298730736,-1.9134680243349003
2015-08-07,-2.5955436372425735,-1.7146256136742695,-2.2788204184058096,-1.8121728982606025,-1.8140893178849706,-2.242269910906594
2015-08-10,-2.5955436372425735,-1.6695839215372974,-2.2789712952663264,-1.7461288690842443,-1.7479746384419428,-2.1057800273114444
2015-08-11,-2.5955436372425735,-1.7595864281724778,-2.2794416803809843,-1.881663484475506,-1.8836837819775927,-2.3524123819182443
2015-08-12,-2.5955436372425735,-1.8217288318260594,-2.282058027214605,-2.0033603773924744,-2.005500422106266,-2.5081811663188094
2015-08-13,-2.5955436372425735,-1.7676188299444797,-2.2821761030655163,-1.895072048937284,-1.8970975780273116,-2.3355053509264763
2015-08-14,-2.5955436372425735,-1.7165465591732934,-2.28260428499315,-1.807996704279012,-1.809929737436388,-2.1894532814064283
2015-08-17,-2.5955436372425735,-1.6755476642740499,-2.282033701433747,-1.7326969468257913,-1.7345545310412578,-2.068228042086134
2015-08-18,-2.5955436372425735,-1.671208142656214,-2.2819037824117143,-1.7141102121901715,-1.7159410975159803,-2.088553566948475
2015-08-19,-2.5955436372425735,-1.6404740598176115,-2.282764089059381,-1.6860490043998555,-1.6878428362701519,-2.0503485146074434
2015-08-20,-2.5955436372425735,-1.6568079745520063,-2.2844194906243622,-1.7524266343219317,-1.7543047346475809,-2.1872000051695464
2015-08-21,-2.5955436372425735,-2.1458248411332046,-2.292686869083776,-2.5665265361712333,-2.569233989917031,-2.800265006185255
2015-08-24,-2.6202660008275656,-2.8458596306826025,-2.3079909314678675,-3.5914274470646603,-3.595197741570494,-3.4479137647803553
2015-08-25,-2.6634325796077496,-3.5637680863022614,-2.3278321296392352,-4.563848054929301,-4.568628345887886,-4.635168260568777
2015-08-26,-2.6634325796077496,-3.493010846467212,-2.3296177281287007,-4.313552610294765,-4.318074958494224,-4.439845521160023
2015-08-27,-2.6634325796077496,-4.0792205050387915,-2.333597863993953,-4.994239629183793,-4.999462427403413,-4.833670981590358
2015-08-28,-2.6634325796077496,-4.186865916558864,-2.335379346689482,-4.9560545265467875,-4.961238034955703,-4.783423759673471
2015-08-31,-2.6634325796077496,-4.06079646296495,-2.335396414884534,-4.587944007745937,-4.59274906435791,-4.602460561202182
2015-09-01,-2.6634325796077496,-3.9749721868929737,-2.3368008589916527,-4.323303531924626,-4.32783594610279,-4.5332249739669646
2015-09-02,-2.6844873196219936,-4.214392787990554,-2.348846236853014,-4.652720604959561,-4.657592366947209,-4.769135235192581
2015-09-03,-2.6844873196219936,-4.2608049346332315,-2.3471763095915916,-4.581221609018605,-4.586018289580945,-4.7450832057562415
2015-09-04,-2.6844873196219936,-4.131528553381321,-2.347490799415478,-4.249053828920298,-4.253507474661273,-4.568198513910385
2015-09-08,-2.6844873196219936,-4.0734736775535945,-2.3490041472621535,-4.0891278467909355,-4.093419071699263,-4.562550129580707
2015-09-09,-2.6844873196219936,-4.21550441450617,-2.352210925877805,-4.248729731879088,-4.253184993664546,-4.718281723860335
2015-09-10,-2.6844873196219936,-4.15153216995666,-2.352728288350857,-4.078284956080766,-4.082565390683367,-4.6392661340708825
2015-09-11,-2.6844873196219936,-4.0436139907215205,-2.3526604029074925,-3.809395969374035,-3.8133987161545377,-4.497774228802461
2015-09-14,-2.6844873196219936,-3.9305672300752263,-2.352012141541685,-3.549651960341884,-3.5533864937501716,-4.304642912439714
2015-09-15,-2.6844873196219936,-3.8168802358421496,-2.347164942407167,-3.317564297046683,-3.3210592788326805,-4.072878256076265
2015-09-16,-2.6844873196219936,-3.763664331925154,-2.347661856477877,-3.206455999681599,-3.2098378612590905,-4.075792892835612
2015-09-17,-2.6844873196219936,-3.672510567359543,-2.3465996673286047,-3.02987444287761,-3.0330751612249034,-3.89166706509969
2015-09-18,-2.6844873196219936,-3.5609234531929945,-2.3441143959674333,-2.830231489634382,-2.8332262972136646,-3.6080232876766645
2015-09-21,-2.6844873196219936,-3.556838822441131,-2.3421777461871134,-2.913218994345815,-2.9163012630326386,-3.87053612070275
2015-09-22,-2.6844873196219936,-3.4513215256336296,-2.3419397855872566,-2.726284394971046,-2.7291744683130092,-3.596298639328215
2015-09-23,-2.6844873196219936,-3.436466341919654,-2.345377198254325,-2.7778280355791836,-2.780769721460504,-3.7920071454615805
2015-09-24,-2.6844873196219936,-3.3327935210635036,-2.344412077805748,-2.600967092190474,-2.603726157229799,-3.5120887637468075
2015-09-25,-2.6844873196219936,-3.237801202037328,-2.3444620735744737,-2.4572603188247726,-2.4598705414147983,-3.325390660950201
2015-09-28,-2.6844873196219936,-3.153800928311616,-2.3454881893180364,-2.370955467336807,-2.373451227665523,-3.2573657115265435
2015-09-29,-2.790722548589878,-3.460726960670474,-2.3560593208519682,-3.148407878422429,-3.151721232050935,-4.12373163838324
2015-09-30,-2.790722548589878,-3.357914136290058,-2.3565251119696122,-2.9523427151035735,-2.955440028366049,-3.8020846836128803
2015-10-01,-2.790722548589878,-3.4627804714947903,-2.3583281387306503,-3.14191480834258,-3.1452138908902714,-4.186897657817766
2015-10-02,-2.790722548589878,-3.3587444557224946,-2.35830335689881,-2.9277067926114158,-2.9307740598750143,-3.8647037560530135
2015-10-05,-2.790722548589878,-3.3778693891278047,-2.359446921888373,-2.9576173755950315,-2.960713158950168,-4.047024451993709
2015-10-06,-2.790722548589878,-3.412116828242423,-2.3606222656851954,-3.0278853168344053,-3.031079699753966,-4.214760071286649
2015-10-07,-2.790722548589878,-3.3216681323468236,-2.361628013337961,-2.8608231157025923,-2.8638427843746364,-3.9839867818521033
2015-10-08,-2.790722548589878,-3.2565899730422743,-2.3615355003103633,-2.7332937832393194,-2.736181578679103,-3.838869120221687
2015-10-09,-2.790722548589878,-3.178605141035327,-2.361351322873787,-2.6015573237886884,-2.60431289290352,-3.6588058083658055
2015-10-12,-2.790722548589878,-3.0848143529145617,-2.3613620340404458,-2.4397134569043253,-2.442300879149187,-3.405036887747029
