,r_NASDAQ,r_SP500
2009-04-16,2.6472169728693955,1.5419309485732728
2009-04-17,0.15731973539342695,0.4957054226539451
2009-04-20,-3.9538502888908327,-4.373220914165703
2009-04-21,2.1919292350721515,2.1029384216146014
2009-04-22,0.1379952011856663,-0.7711320225478271
2009-04-23,0.3692782056733523,0.9873443065781582
2009-04-24,2.5149988358064217,1.6657834020331603
2009-04-27,-0.8821232764867983,-1.0117587499046197
2009-04-28,-0.3340076228928305,-0.27442976398493146
2009-04-29,2.252476534819567,2.1379853727164115
2009-04-30,0.3126059631251709,-0.09505192207446081
2009-05-01,0.11057763384844489,0.5381880325807842
2009-05-04,2.547542701824854,3.3307243587725845
2009-05-05,-0.5367186703312625,-0.3798929477293887
2009-05-06,0.2835007961623141,1.725461832941929
2009-05-07,-2.46664631966095,-1.3290338985760735
2009-05-08,1.3174383946032904,2.3783902379113706
2009-05-11,-0.44723206086017187,-2.1747190202753868
2009-05-12,-0.8888534831141841,-0.09793349834762966
2009-05-13,-3.061086135942523,-2.726319853661259
2009-05-14,1.4922445449263568,1.029843199277203
2009-05-15,-0.538384074576919,-1.1475676904067544
2009-05-18,3.060751745949268,2.9936594996533383
2009-05-19,0.12576078267731866,-0.17383460198724435
2009-05-20,-0.3870175060424918,-0.514467268804702
2009-05-21,-1.904185092049807,-1.6899558030336284
2009-05-22,-0.19130512497631974,-0.14983325081699614
2009-05-26,3.3944300706274846,2.596220760015714
2009-05-27,-1.1115980852102192,-1.9153424774368057
2009-05-28,1.189263113013208,1.5301255166552454
2009-05-29,1.278476456452529,1.3483445887850907
2009-06-01,3.0171508226751356,2.548994386142355
2009-06-02,0.44305320354776034,0.1981336974747815
2009-06-03,-0.5940957540166769,-1.383446575070985
2009-06-04,1.3112480239664472,1.1418220142166204
2009-06-05,-0.032437342152368646,-0.2517857488816695
2009-06-08,-0.3803006896745702,-0.1011065454445827
2009-06-09,0.9577308231524689,0.3497059761173111
2009-06-10,-0.3797258151981793,-0.3486401379967999
2009-06-11,0.5000750573938332,0.6093297249542341
2009-06-12,-0.19187519491335098,0.1396020848219796
2009-06-15,-2.3085608838221026,-2.405559125359691
2009-06-16,-1.1183321815268972,-1.2801901027885947
2009-06-17,0.6592259684858781,-0.13825234667824293
2009-06-18,-0.018806453987907683,0.8375815004881833
2009-06-19,1.0866113918205784,0.310935822324291
2009-06-22,-3.410781247479281,-3.107836433082392
2009-06-23,-0.07193205846096154,0.23040684995177824
2009-06-24,1.541666511974995,0.650324882432666
2009-06-25,2.054254043662349,2.1217583998248744
2009-06-26,0.4733142956230362,-0.14789203486033056
2009-06-29,0.31719504744254745,0.9024296841261898
2009-06-30,-0.4903382931933215,-0.8567351633166496
2009-07-01,0.5803165635506992,0.43524446236517017
2009-07-02,-2.701798500197368,-2.9577684825958017
2009-07-06,-0.5089410302453914,0.2562462104257053
2009-07-07,-2.3337231880803917,-1.987978536288478
2009-07-08,0.05725180070160843,-0.16699311679349974
2009-07-09,0.3074534098720325,0.3540946062317481
2009-07-10,0.19837091593632675,-0.40299380776840443
2009-07-13,2.095173055694503,2.4627948777227284
2009-07-14,0.36293437445985716,0.5301983236099628
2009-07-15,3.449775966253211,2.919943487510086
2009-07-16,1.1809322579167427,0.8604634691705462
2009-07-17,0.08378318675296435,-0.038273513320932276
2009-07-20,1.194987744173802,1.136670246273114
2009-07-21,0.3612613032674889,0.3620714522427704
2009-07-22,0.529853578403437,-0.053441937624996994
2009-07-23,2.421669221433951,2.3022599224312996
2009-07-24,-0.3878610594974556,0.3037543443477206
2009-07-27,0.09812271209382159,0.29773891259700835
2009-07-28,0.38646901071406786,-0.260984710734954
2009-07-29,-0.3930752892219408,-0.45734060269341126
2009-07-30,0.8370367135174589,1.182538418815696
2009-07-31,-0.29272252657274644,0.07395090837835545
2009-08-03,1.510395871342053,1.5225607827281227
2009-08-04,0.13433105166316184,0.30075704221065014
2009-08-05,-0.9120122350104618,-0.291784461716649
2009-08-06,-1.0029810191291517,-0.5640532654178876
2009-08-07,1.3635854216098233,1.334970053225195
2009-08-10,-0.40125389153434976,-0.3350556724880266
2009-08-11,-1.1363156313428644,-1.2740935609429687
2009-08-12,1.4610498153197944,1.1459230792872048
2009-08-13,0.5304311014300059,0.68564507961441
2009-08-14,-1.1930442118921918,-0.8567949977279208
2009-08-17,-2.792570317696342,-2.4559960849173303
2009-08-18,1.2905529589768472,1.0094533393885528
2009-08-19,0.678701053228861,0.6837483447019445
2009-08-20,1.0094920588091902,1.0889227984113237
2009-08-21,1.5800354640980225,1.84514797254206
2009-08-24,-0.14459456625358055,-0.05459459189837834
2009-08-25,0.30923702532031333,0.2366663818367554
2009-08-26,0.009879812094003331,0.011671995565297763
2009-08-27,0.16287613171925672,0.27779002715912854
2009-08-28,0.051275731432836834,-0.1990307732377177
2009-08-31,-0.9762747093586426,-0.8109198540382183
2009-09-01,-2.0197018816965393,-2.237222631680637
2009-09-02,-0.09248062123169494,-0.3301884345751011
2009-09-03,0.8166575776518614,0.8498582450941842
2009-09-04,1.778166682068154,1.3032243708161282
2009-09-08,0.9362704131397004,0.8806045829839553
2009-09-09,1.1039212580073674,0.7752259025442713
2009-09-10,1.1403435503057022,1.0368292776658143
2009-09-11,-0.1498228337456075,-0.13513389885911675
2009-09-14,0.5214885712213232,0.631910740710653
2009-09-15,0.5178319895270991,0.31304364906445525
2009-09-16,1.4406062460597058,1.5207308062442324
2009-09-17,-0.3004767630821367,-0.3064329005571477
2009-09-18,0.28688092057605913,0.26338675941077866
2009-09-21,0.24257194221245895,-0.3413114207888716
2009-09-22,0.3855907903740259,0.6553348588268071
2009-09-23,-0.695700514098775,-1.01195584531233
2009-09-24,-1.1233820189410846,-0.9556548191774188
2009-09-25,-0.7950443566610458,-0.6109360827818335
2009-09-28,1.8865176717632473,1.7652853549567058
2009-09-29,-0.31494016320265017,-0.22320656428964164
2009-09-30,-0.07629885027012752,-0.3333852135212442
2009-10-01,-3.1075014104163903,-2.6097211493280956
2009-10-02,-0.4564516314833048,-0.4515705309363511
2009-10-05,0.9737071192479286,1.4765453960324761
2009-10-06,1.6981413500098939,1.36124155690534
2009-10-07,0.32084319983732246,0.2707936560526622
2009-10-08,0.6423812787777738,0.7442145876693546
2009-10-09,0.7201177672991701,0.5624810543572637
2009-10-12,-0.006544472027068158,0.43767775685664234
2009-10-13,0.03505467396489783,-0.2791504630813565
2009-10-14,1.4999863807925213,1.7393743058258577
2009-10-15,0.04878587699626372,0.4148850316393222
2009-10-16,-0.7616506685516661,-0.8131023468328601
2009-10-19,0.9009735269285952,0.9361366739513969
2009-10-20,-0.5921962838626769,-0.6258649187024325
2009-10-21,-0.5906094772142012,-0.889323391718201
2009-10-22,0.6746982281379117,1.0587374358508141
2009-10-23,-0.5009548043331576,-1.225331535289976
2009-10-26,-0.5874812070138679,-1.1786514446438598
2009-10-27,-1.2099895389444248,-0.33233071166753814
2009-10-28,-2.7053401683059333,-1.97343861452413
2009-10-29,1.8253352487597272,2.227012433396776
2009-10-30,-2.531841919816991,-2.8466028015250755
2009-11-02,0.19978953037094654,0.643565319102102
2009-11-03,0.3954691847493896,0.2423064313306145
2009-11-04,-0.08753076292414372,0.10420772415051825
2009-11-05,2.393861728183997,1.9052887220614025
2009-11-06,0.337620289597072,0.2500124319576515
2009-11-09,1.9510756020479358,2.1995084915274346
2009-11-10,-0.13843919017458242,-0.006399214138483759
2009-11-11,0.732753314506716,0.5019357795690984
2009-11-12,-0.8285650471449216,-1.0312359059078018
2009-11-13,0.8737807220671362,0.5722887256427731
2009-11-16,1.372987830266284,1.436397656849818
2009-11-17,0.2694458002013439,0.09189839116237261
2009-11-18,-0.48397609092905364,-0.04683507842677806
2009-11-19,-1.6699392197492127,-1.3516805711666349
2009-11-20,-0.5010631326108875,-0.3220102206201698
2009-11-23,1.3868641207591201,1.352391393433508
2009-11-24,-0.31437086180437696,-0.053344952090374945
2009-11-25,0.31620907175558377,0.44940068802360333
2009-11-27,-1.7434715428997678,-1.7383699967934212
2009-11-30,0.2876463562021912,0.37858184300650394
2009-12-01,1.4447954201038093,1.2002902588402555
2009-12-02,0.42285494254687583,0.0342639998839418
2009-12-03,-0.5456432172091441,-0.8437597492034073
2009-12-04,0.9712748851744132,0.5494312254292437
2009-12-07,-0.21624293319552756,-0.2471432926803079
2009-12-08,-0.7619346447220575,-1.0304492069516176
2009-12-09,0.49303245357703535,0.36656453959778534
2009-12-10,0.3259736941539892,0.5822720019583755
2009-12-11,-0.025107448598860677,0.36763280289124933
2009-12-14,0.98992042726262,0.6935296207216682
2009-12-15,-0.5007771361698694,-0.5562408837016108
2009-12-16,0.2658827871489771,0.11275940949076901
2009-12-17,-1.2245534786837733,-1.188091353803201
2009-12-18,1.4409116855652762,0.5812952040880973
2009-12-21,1.1673747816713194,1.0448977120226208
2009-12-22,0.6685502360464561,0.3557213499394716
2009-12-23,0.7505049257544751,0.22960206868369712
2009-12-24,0.7046719519853726,0.5242407471724702
2009-12-28,0.23553739829094944,0.11534152818410755
2009-12-29,-0.11704386986950945,-0.14020340886091168
2009-12-30,0.12577299635138545,0.019541047723540855
2009-12-31,-0.9705301345305761,-1.0100435863962351
2010-01-04,1.7157995796400844,1.5916082167126386
2010-01-05,0.012561916185228995,0.3110831966759719
2010-01-06,-0.33060032714352994,0.05453718878234133
2010-01-07,-0.04520618880151827,0.3993218354654243
2010-01-08,0.7415751667514151,0.2877583075096213
2010-01-11,-0.20563427685981261,0.174523162858463
2010-01-12,-1.3102182765135153,-0.942544643894456
2010-01-13,1.1149932187833473,0.8291456333360419
2010-01-14,0.3823004932989537,0.2423486421414183
2010-01-15,-1.2487322205221798,-1.0882126301208588
2010-01-19,1.406588173114277,1.2422151207737095
2010-01-20,-1.264206443799454,-1.0654386601861303
2010-01-21,-1.1213758210506455,-1.9126657272987804
2010-01-22,-2.702474243598714,-2.238977963010898
2010-01-25,0.2495421451686831,0.4587559053796009
2010-01-26,-0.320306172780161,-0.4212057847785588
2010-01-27,0.7990750157197137,0.4868282868611808
2010-01-28,-1.9276073443883552,-1.188812553427926
2010-01-29,-1.4631532186974832,-0.9877799049982582
2010-02-01,1.1045486322959515,1.4165305546369655
2010-02-02,0.8648930614917689,1.28895204452028
2010-02-03,0.038804192252657035,-0.5489350382538535
2010-02-04,-3.0342847788950333,-3.1635856049806907
2010-02-05,0.7354921765353476,0.28929303608266027
2010-02-08,-0.7063258624802096,-0.8902803100374193
2010-02-09,1.160661346564699,1.295584177358637
2010-02-10,-0.13957580533064112,-0.22350694280074235
2010-02-11,1.365944368795891,0.9633882335101287
2010-02-12,0.28067361704869087,-0.2748366119941131
2010-02-16,1.3943814870874736,1.7840653536261433
2010-02-17,0.5449874765173756,0.42290045967103734
2010-02-18,0.6902444593625325,0.6563157733795463
2010-02-19,0.09630862305237364,0.21842348635910053
2010-02-22,-0.08203482481502675,-0.10464051249203224
2010-02-23,-1.2833839040263677,-1.21766449451987
2010-02-24,1.0095965143537993,0.9673519697189884
2010-02-25,-0.07516577090095526,-0.20832085528651542
2010-02-26,0.18066044337010195,0.14043925568579446
2010-03-01,1.5652505042187335,1.0107257423603737
2010-03-02,0.31705908396968285,0.23277310028862694
2010-03-03,-0.004823006619421036,0.04291095214003986
2010-03-04,0.5086398646722418,0.37291560795713796
2010-03-05,1.4740472930709765,1.3910282801603981
2010-03-08,0.25158002003984276,-0.017561143217653643
2010-03-09,0.36251695528704575,0.17112720239721047
2010-03-10,0.777511933441965,0.451435490421295
2010-03-11,0.4023350133992504,0.40333743135059696
2010-03-12,-0.03378292811874939,-0.021736957009269708
2010-03-15,-0.23045041034786298,0.045209262343589775
2010-03-16,0.6666381945765036,0.7749014983159959
2010-03-17,0.4648536826248871,0.5804795332563638
2010-03-18,0.09162471328413674,-0.03258991266890941
2010-03-19,-0.7079801860952487,-0.5099426451612706
2010-03-22,0.8801245958917445,0.5082359099180065
2010-03-23,0.8248429517500041,0.7145377784800172
2010-03-24,-0.6846723879749951,-0.5508447887288308
2010-03-25,-0.05629492014056814,-0.1705621083328679
2010-03-26,-0.09514788283495094,0.07374506159884132
2010-03-29,0.3846246738195819,0.5667146312798056
2010-03-30,0.26292577010020746,0.004265846293038881
2010-03-31,-0.5294637679401344,-0.327824231803275
2010-04-01,0.19247840561043483,0.7386454005524301
2010-04-05,1.1154663052215024,0.7896729443087884
2010-04-06,0.29919838855728936,0.1682878875349027
2010-04-07,-0.23212971883753622,-0.5894042967262019
2010-04-08,0.2321297188375431,0.33686614308549273
2010-04-09,0.7049914086326557,0.666166829683167
2010-04-12,0.15554002386578752,0.17650508571401097
2010-04-13,0.32982283659521505,0.06851660398368414
2010-04-14,1.563949516758063,1.1088363099908616
2010-04-15,0.43142750488291426,0.08421839911768203
2010-04-16,-1.3780624128356893,-1.6257982418547083
2010-04-19,-0.0463581639988767,0.4511140739529798
2010-04-20,0.8111810154836817,0.8026045737071379
2010-04-21,0.17183096065515321,-0.10195164357019706
2010-04-22,0.5756751996110941,0.22613206430901964
2010-04-23,0.43888037300294613,0.7098267683218249
2010-04-26,-0.284973773430279,-0.43057043550931084
2010-04-27,-2.0615736471477026,-2.3659640178701644
2010-04-28,0.010519501547181741,0.6441958378180899
2010-04-29,1.6129090635889263,1.2860180281289573
2010-04-30,-2.0402428147790204,-1.6787810139866295
2010-05-03,1.5141632006190797,1.303525745326214
2010-05-04,-3.026440662094563,-2.412719995741821
2010-05-05,-0.909974910960439,-0.6608341800780098
2010-05-06,-3.5010447868973387,-3.2888440643963666
2010-05-07,-2.3554721495299815,-1.5426646180907493
2010-05-10,4.700120073546256,4.303470414561544
2010-05-11,0.02694748204719154,-0.3403075918466228
2010-05-12,2.071181649354144,1.3645992401824483
2010-05-13,-1.2723800007814303,-1.221949988922511
2010-05-14,-2.0041968320060395,-1.8978981387949807
2010-05-17,0.31397066472046004,0.11087536210084369
2010-05-18,-1.582825687281747,-1.429763178499772
2010-05-19,-0.818527718517359,-0.5143468860015589
2010-05-20,-4.192174755399916,-3.9755795837766263
2010-05-21,1.1292571024196456,1.4912632585704337
2010-05-24,-0.6973437914221979,-1.299204632368772
2010-05-25,-0.11752741775456585,0.035387476465256085
2010-05-26,-0.6839410072426497,-0.5677078693651669
2010-05-27,3.6574503712032835,3.2347311768677054
2010-05-28,-0.9103160738464064,-1.2451892345405802
2010-06-01,-1.549802527734334,-1.7314353324598772
2010-06-02,2.608843608429809,2.551442810834267
2010-06-03,0.958101611491225,0.4043191983442443
2010-06-04,-3.709239513884262,-3.5017442089831103
2010-06-07,-2.0610462621056045,-1.3624466165715647
2010-06-08,-0.15329836100310326,1.091626764351899
2010-06-09,-0.5414133361447985,-0.5959396741888011
2010-06-10,2.735027340054804,2.907984566617691
2010-06-11,1.115577274197944,0.43701157426175097
2010-06-14,0.016044353758949338,-0.18062939317567234
2010-06-15,2.7220220141882674,2.322245059850045
2010-06-16,0.002168346050759123,-0.05560893540954269
2010-06-17,0.053326513428017835,0.1282185812389404
2010-06-18,0.11436097725454357,0.13162641384549062
2010-06-21,-0.9006582021686079,-0.3864297943398893
2010-06-22,-1.1993402222074339,-1.620122508698942
2010-06-23,-0.33525052269885414,-0.29899392610687203
2010-06-24,-1.646409334019069,-1.6946283204951273
2010-06-25,0.2729178212276155,0.2855281931545411
2010-06-28,-0.12735902786503397,-0.20360096106544404
2010-06-29,-3.924899356127412,-3.150823034220892
2010-06-30,-1.2223259229591892,-1.0164453973335281
2010-07-01,-0.37429388683936526,-0.32457133092441126
2010-07-02,-0.4564595407429077,-0.4673271754301508
2010-07-06,0.09986454611545387,0.5344725887457726
2010-07-07,3.0844017001466626,3.0850023008263836
2010-07-08,0.7349734460144262,0.936865495165787
2010-07-09,0.9629865009625939,0.7178063766629461
2010-07-12,0.0869207142176421,0.07326336059528174
2010-07-13,1.9670077640931503,1.5261822735573063
2010-07-14,0.347739710635618,-0.015514366479341991
2010-07-15,-0.033785886711904724,0.11953885564136067
2010-07-16,-3.1632241704718496,-2.924290970075012
2010-07-19,0.8763489084468199,0.5964069587908596
2010-07-20,1.0975697868896341,1.1351874168992775
2010-07-21,-1.59465670142231,-1.2902699582286208
2010-07-22,2.642025721562602,2.2263687822425644
2010-07-23,1.0444444896727432,0.8186420184344789
2010-07-26,1.180941909579733,1.113790871672976
2010-07-27,-0.3568409869405912,-0.10499083075197903
2010-07-28,-1.0406853704417642,-0.6946032638280119
2010-07-29,-0.5699434193673324,-0.4167292220516642
2010-07-30,0.13358810256686554,0.006349719619899018
2010-08-02,1.7872767545603223,2.178352878116676
2010-08-03,-0.5171581866589189,-0.48078946413303936
2010-08-04,0.8741981381948457,0.6032878060028029
2010-08-05,-0.4572923343882158,-0.12693298432147423
2010-08-06,-0.200369812515185,-0.37109155663972965
2010-08-09,0.7496508891090461,0.5468087107405527
2010-08-10,-1.244653695876095,-0.5985281603927614
2010-08-11,-3.0561030130528666,-2.8583405997961564
2010-08-12,-0.8347589903716802,-0.5393266400071398
2010-08-13,-0.7695254244300838,-0.4031690712189038
2010-08-16,0.38527376115070233,0.012045128871151445
2010-08-17,1.2556782487355789,1.2118489601347648
2010-08-18,0.28292909041892644,0.14816804859392602
2010-08-19,-1.6725271265525685,-1.708043585689712
2010-08-20,0.03716696037702739,-0.3669753922919338
2010-08-23,-0.9277868270446523,-0.40484907945532
2010-08-24,-1.6748808081823738,-1.4618768361991257
2010-08-25,0.8337093750161191,0.3283944691638116
2010-08-26,-1.0727223233654837,-0.7714466580892417
2010-08-27,1.635681737312118,1.6450710403283033
2010-08-30,-1.575285289429592,-1.4828611113085735
2010-08-31,-0.280585918613968,0.0390718088492601
2010-09-01,2.927820546101777,2.9077736386750193
2010-09-02,1.0587621893208028,0.903985298673457
2010-09-03,1.5219881683015464,1.3132393793160997
2010-09-07,-1.1191660581310057,-1.1537491412768315
2010-09-08,0.9004603675198755,0.6418059490903166
2010-09-09,0.32832661457411283,0.48206520589967217
2010-09-10,0.28043995622981843,0.4851545040690317
2010-09-13,1.909430188928145,1.106912660314444
2010-09-14,0.17746776581142898,-0.07133739296067344
2010-09-15,0.5031495512651228,0.35348838022687706
2010-09-16,0.08382976534287422,-0.03644100558466401
2010-09-17,0.5351982741636132,0.0826514114932464
2010-09-20,1.721995524047201,1.5095287889557545
2010-09-21,-0.275441283728409,-0.25673131207138566
2010-09-22,-0.6319541089735654,-0.4837172794451643
2010-09-23,-0.3204890303991076,-0.8366240177841381
2010-09-24,2.2998698630314363,2.0972915547808246
2010-09-27,-0.4820057364086484,-0.5683553181933576
2010-09-28,0.41352999115979555,0.4838660735848585
2010-09-29,-0.12741399703191955,-0.2591112883144724
2010-09-30,-0.3346556889431682,-0.30884867064552596
2010-10-01,0.0898853705622964,0.44067143598945757
2010-10-04,-1.112567066704102,-0.8067386519721716
2010-10-05,2.3317211397108872,2.064672250716406
2010-10-06,-0.8020141347581876,-0.0672230459595621
2010-10-07,0.12635566388032163,-0.16478755817934904
2010-10-08,0.7622937376810838,0.6103613171284074
2010-10-11,0.017484555354032368,0.014582627318711123
2010-10-12,0.6468566717558504,0.38114836641496563
2010-10-13,0.9594344199972885,0.7095785561559261
2010-10-14,-0.2399208797155674,-0.3648032184403023
2010-10-15,1.361724904658701,0.2025432873275127
2010-10-18,0.4804602902796859,0.721763469070623
2010-10-19,-1.7777396399641698,-1.6004644029054833
2010-10-20,0.8352553698015577,1.0469082613678415
2010-10-21,0.09273835029093343,0.17723369527991778
2010-10-22,0.798536757554609,0.23864087842906395
2010-10-25,0.4611455506601873,0.214467014688162
2010-10-26,0.2582126234691809,0.0016885142218022245
2010-10-27,0.23877384833245643,-0.2694209639216564
2010-10-28,0.16405126388352026,0.11242172367564925
2010-10-29,0.001595284339521372,-0.04393838135683326
2010-11-01,-0.10254876453579015,0.09460857172530168
2010-11-02,1.1384779878734153,0.7729336064693736
2010-11-03,0.26607344735287564,0.3671306443685746
2010-11-04,1.4487484733818012,1.9099304409664533
2010-11-05,0.06361125978606548,0.3915079053611362
2010-11-08,0.04148066653392595,-0.21232098228606586
2010-11-09,-0.6638134594655752,-0.8084894540661062
2010-11-10,0.6145774882993916,0.43665335797252625
2010-11-11,-0.9060693426374117,-0.4251149890857143
2010-11-12,-1.4707393784624974,-1.1878766244753407
2010-11-15,-0.17448231086641755,-0.12181773094550821
2010-11-16,-1.765013734556672,-1.6338157414688126
2010-11-17,0.2495022372598214,0.02121403759877297
2010-11-18,1.538581291481355,1.5240583543647692
2010-11-19,0.14783848559141796,0.25371519119104957
2010-11-22,0.5504811787753454,-0.15766088850612958
2010-11-23,-1.4748714222371977,-1.4387031590549966
2010-11-24,1.9122984764334776,1.481271551861717
2010-11-26,-0.3371621728447957,-0.749659142423389
2010-11-29,-0.369186431369491,-0.1379810265237083
2010-11-30,-1.074570652091458,-0.6088715610163862
2010-12-01,2.0287323648353497,2.138662226312978
2010-12-02,1.1667624435177006,1.2737100160620847
2010-12-03,0.4683994244967091,0.2599854016351503
2010-12-06,0.13342641739744251,-0.12990821033003647
2010-12-07,0.13748194586266066,0.051494758445800724
2010-12-08,0.40978233679380754,0.3694925752614823
2010-12-09,0.28741865579156756,0.3835383567009256
2010-12-10,0.7944147553214995,0.5983703744360294
2010-12-13,-0.4800054822428634,0.00483191504584528
2010-12-14,0.10699403034545989,0.09105416846800492
2010-12-15,-0.4003864306192,-0.5135617015335396
2010-12-16,0.7646772553842281,0.6166045704273937
2010-12-17,0.21438265272962106,0.08364544598930705
2010-12-20,0.24903036565568437,0.25451114605429465
2010-12-21,0.6789351980456249,0.60119938497866
2010-12-22,0.14496854998743924,0.33738576255426245
2010-12-23,-0.22034529664349095,-0.16456817776046478
2010-12-27,0.0626304430668408,0.06125096248109704
2010-12-28,-0.16472335647755462,0.07710265951420124
2010-12-29,0.15197542799864763,0.10086365106648648
2010-12-30,-0.1482201659372572,-0.15093576964174302
2010-12-31,-0.3803723652680748,-0.019080765268397786
2011-01-03,1.4464016967722775,1.125129414776139
2011-01-04,-0.3822986097745321,-0.1313924652635054
2011-01-05,0.7783152349531662,0.49946760743084984
2011-01-06,0.28417876181710383,-0.2125214370637225
2011-01-07,-0.24828852635079518,-0.1846485769081899
2011-01-10,0.1711338680488884,-0.13772751808198855
2011-01-11,0.3329262397877537,0.3718206258407198
2011-01-12,0.7517233280933899,0.8967253798850817
2011-01-13,-0.07455295980676682,-0.1712211240459357
2011-01-14,0.7288866438816732,0.7357410347301483
2011-01-18,0.3821672238712097,0.13754642661832542
2011-01-19,-1.4747472355965339,-1.0167165793385584
2011-01-20,-0.7761128530464618,-0.12957984038339024
2011-01-21,-0.5469225677243432,0.24106376042604427
2011-01-24,1.0360563834519787,0.5819315234595438
2011-01-25,0.06253678838300908,0.026342777361852737
2011-01-26,0.7419315004510768,0.4212024148480004
2011-01-27,0.5743648838050567,0.2241791060799816
2011-01-28,-2.513467988790844,-1.8013805424182845
2011-01-31,0.4897011254488821,0.7633349932881147
2011-02-01,1.8752143150797742,1.6555791837834375
2011-02-02,-0.05926464746476294,-0.27262302593629273
2011-02-03,0.1569927495269141,0.23514322901266807
2011-02-04,0.5583754309694923,0.28801110627525583
2011-02-07,0.5290569829620559,0.6220782345952653
2011-02-08,0.4680139844376047,0.41760203758396963
2011-02-09,-0.28570834240384924,-0.2789653077800705
2011-02-10,0.049466621793249954,0.0749212207498601
2011-02-11,0.6782302078914176,0.5492261501886461
2011-02-14,0.27512093875552257,0.2382084644068833
2011-02-15,-0.4564601550363525,-0.3240154691578971
2011-02-16,0.7534791975836845,0.6237938698850808
2011-02-17,0.21282847065291602,0.30709708803804936
2011-02-18,0.0836638456858482,0.19228727220244873
2011-02-22,-2.7738761889755255,-2.0742204920454523
2011-02-23,-1.2202195050790117,-0.6130715010508628
2011-02-24,0.5460661925025639,-0.09948719612429038
2011-02-25,1.5637351044617869,1.0495248165324718
2011-02-28,0.04385870377961909,0.5545679951233037
2011-03-01,-1.6254923382354465,-1.5864861791058633
2011-03-02,0.38866292171549227,0.16138978895201783
2011-03-03,1.8270468793778467,1.7072434579238578
2011-03-04,-0.5039941463253219,-0.740538978936872
2011-03-07,-1.4118817612281607,-0.8376215256269803
2011-03-08,0.7308520393078486,0.8883161530176172
2011-03-09,-0.5092906509556641,-0.13626313929708095
2011-03-10,-1.8596691260756792,-1.9051280476330656
2011-03-11,0.5387126418027983,0.7055564524569619
2011-03-14,-0.540563811464418,-0.6067696956773772
2011-03-15,-1.2532995672812288,-1.1263544394845546
2011-03-16,-1.9118131943090744,-1.9687481949372254
2011-03-17,0.7321744458419984,1.3309266231874257
2011-03-18,0.2886518713421607,0.43009395825458097
2011-03-21,1.8149740308579494,1.487466793018228
2011-03-22,-0.3058060850876352,-0.35568853410381707
2011-03-23,0.5362162315648659,0.29097422585029215
2011-03-24,1.4028551670290834,0.9297393435475378
2011-03-25,0.2423588826005197,0.31561510021889394
2011-03-28,-0.4523423147351849,-0.2751618499391395
2011-03-29,0.9552570375740661,0.7035239607301627
2011-03-30,0.7192351485946654,0.6662462626235184
2011-03-31,0.15401614456097623,-0.1831177104975248
2011-04-01,0.30624706423860387,0.49507129444560716
2011-04-04,-0.014698527843416678,0.03451501808517552
2011-04-05,0.07167970946900407,-0.018007145753026057
2011-04-06,0.30871012048973656,0.2181296758153027
2011-04-07,-0.13152347516726945,-0.15211626992252944
2011-04-08,-0.5641495806253782,-0.40124830009741963
2011-04-11,-0.3206100816888946,-0.279728829140217
2011-04-12,-0.9687728722871858,-0.7807095445724583
2011-04-13,0.607668347081115,0.01902174903101045
2011-04-14,-0.04708660762800096,0.008367309086169079
2011-04-15,0.16036579863029807,0.39177288255680137
2011-04-18,-1.0643678789949607,-1.1078997728577973
2011-04-19,0.34997800463689654,0.5714810218094469
2011-04-20,2.0745298260428577,1.3424435132347328
2011-04-21,0.6278176728706264,0.5262908499655702
2011-04-25,0.20261995865945237,-0.15939395500958123
2011-04-26,0.7635643134792054,0.8939507790192993
2011-04-27,0.7814753400155319,0.6230397799828821
2011-04-28,0.0922957499766479,0.35491184714345464
2011-04-29,0.03515446245525218,0.2298019742020782
2011-05-02,-0.32975375058442497,-0.1754249109045456
2011-05-03,-0.7872869589941606,-0.33850263710526607
2011-05-04,-0.4723237790449016,-0.6878914252832363
2011-05-05,-0.4788284784634594,-0.9111217180694529
2011-05-06,0.4551359437995358,0.3812642995876722
2011-05-09,0.5533615140271522,0.45338701019314065
2011-05-10,1.002258553441053,0.804161600966336
2011-05-11,-0.9386192629984783,-1.1173689687885626
2011-05-12,0.6299840390251485,0.4883493672167491
2011-05-13,-1.214806796071093,-0.8100047045425268
2011-05-16,-1.6454411497613606,-0.6223718638095737
2011-05-17,0.03234199168613654,-0.03686285233300362
2011-05-18,1.1357323756022837,0.8765271983703135
2011-05-19,0.29476939072387826,0.21755725891674885
2011-05-20,-0.7105526436024798,-0.7717974612614023
2011-05-23,-1.59723795008954,-1.1997264840988668
2011-05-24,-0.46284773440679594,-0.08277226453314669
2011-05-25,0.5526982552805381,0.31781131566695725
2011-05-26,0.7770181402271272,0.3945322767699228
2011-05-27,0.4996623165228807,0.4072615318765918
2011-05-31,1.3650392348773224,1.053701485636789
2011-06-01,-2.359289302300507,-2.3048225700640406
2011-06-02,0.14866940040975896,-0.1225586114047521
2011-06-03,-1.4722146583913238,-0.978149266519151
2011-06-06,-1.1119934134264602,-1.0818516013722312
2011-06-07,-0.03700880111521179,-0.09568650426676839
2011-06-08,-0.9737957605018123,-0.41956644216076977
2011-06-09,0.3540883322737254,0.7350409328991669
2011-06-10,-1.5441510884448943,-1.407848288184634
2011-06-13,-0.15293127509813634,0.06685325595012269
2011-06-14,1.4677582468519945,1.2532913485107313
2011-06-15,-1.7800243249399568,-1.7585569507258008
2011-06-16,-0.29532899626939946,0.17527979756827483
2011-06-17,-0.2755632275517506,0.3040390291799793
2011-06-20,0.5024657264125039,0.5380689090158733
2011-06-21,2.166752687444145,1.33341790614636
2011-06-22,-0.6747031541094476,-0.6489459844407727
2011-06-23,0.6557229139710148,-0.2831992858193941
2011-06-24,-1.2682672938404436,-1.1795077176858442
2011-06-27,1.3251972101878127,0.9142536655730837
2011-06-28,1.5147246095551843,1.2861292735996777
2011-06-29,0.40879065300589124,0.8248633534913172
2011-06-30,1.1980535064043902,1.0068371595162744
2011-07-01,1.5210820055885745,1.4306869106082432
2011-07-05,0.3452802182480818,-0.1337072545078201
2011-07-06,0.29153045759868307,0.10010578196052823
2011-07-07,1.354223139217013,1.0399582892092554
2011-07-08,-0.4483240740257247,-0.6985458106936123
2011-07-11,-2.020049509936006,-1.8256166936573937
2011-07-12,-0.7416951807952007,-0.44433698298372165
2011-07-13,0.5381069585916735,0.31010271091221175
2011-07-14,-1.2321208325129056,-0.6738782369334765
2011-07-15,0.9772305264001522,0.5539055540283085
2011-07-18,-0.8889491491213951,-0.8163117539368405
2011-07-19,2.196585581229903,1.617714964684356
2011-07-20,-0.43575834587304735,-0.06710584073998067
2011-07-21,0.7152169225394875,1.3455262786265243
2011-07-22,0.8571591458408778,0.09074395131127662
2011-07-25,-0.5622968251553088,-0.5658995223243947
2011-07-26,-0.09995144037183001,-0.41134200623285405
2011-07-27,-2.6825284843974546,-2.051772480729147
2011-07-28,0.052792966021218385,-0.3239207155505587
2011-07-29,-0.35743877494822257,-0.6471427287173138
2011-08-01,-0.42792362687007696,-0.41408608662307433
2011-08-02,-2.784520066638579,-2.5888909190623943
2011-08-03,0.8888019109092319,0.5003145952717516
2011-08-04,-5.208569977220695,-4.90016550437416
2011-08-05,-0.9424688532150524,-0.057508298927246036
2011-08-08,-7.1489092375905905,-6.895836939262512
2011-08-09,5.159184717211878,4.631744106338802
2011-08-10,-4.173260643525527,-4.515679702747438
2011-08-11,4.5816870032063255,4.5250594363771555
2011-08-12,0.6119211360909768,0.5247875067275939
2011-08-15,1.8652850221391657,2.1550727976033657
2011-08-16,-1.2503485627468895,-0.9786275177620173
2011-08-17,-0.475479204339224,0.09469381398126654
2011-08-18,-5.359107717472768,-4.561859893236344
2011-08-19,-1.6344198468454203,-1.5122756128207964
2011-08-22,0.15104905138084326,0.02580078732242726
2011-08-23,4.2031131130396835,3.3710248386474015
2011-08-24,0.8803923565471876,1.3034651368546804
2011-08-25,-1.9667854456892664,-1.568793473796148
2011-08-26,2.4583438559347566,1.5008418274915636
2011-08-29,3.263306328302266,2.788750501216433
2011-08-30,0.5449371434040192,0.23442750237692417
2011-08-31,0.12995655073935686,0.4909908712070555
2011-09-01,-1.3040863770267739,-1.1942460792303735
2011-09-02,-2.614759509016603,-2.5607017291752765
2011-09-06,-0.26240588635593465,-0.7464076457609709
2011-09-07,2.991002949717226,2.8243824959147195
2011-09-08,-0.779826246974422,-1.0668890387302459
2011-09-09,-2.4475269833515925,-2.706856251096215
2011-09-12,1.0920746526111418,0.6941568182022928
2011-09-13,1.4743943536183792,0.9078726180354302
2011-09-14,1.582888064978093,1.338976051823038
2011-09-15,1.3329360494082012,1.704104671810514
2011-09-16,0.5828623334121769,0.5690475561935461
2011-09-19,-0.3621683608119601,-0.9850948688080359
2011-09-20,-0.868338959217695,-0.16623864527241425
2011-09-21,-2.029930692475078,-2.9830995087147443
2011-09-22,-3.305159215001981,-3.2402456759229787
2011-09-23,1.1160495683064606,0.6063588829469748
2011-09-26,1.3384413953669616,2.306802129696945
2011-09-27,1.190490250631824,1.0631665357294655
2011-09-28,-2.1932401184324735,-2.090819585269548
2011-09-29,-0.4352082551926213,0.8081486435358656
2011-09-30,-2.6700059983951783,-2.529127447886567
2011-10-03,-3.3497616513914052,-2.886360290378494
2011-10-04,2.9107768336699165,2.223930613115467
2011-10-05,2.2893588848304707,1.7707918945510777
2011-10-06,1.8646372105356108,1.8138168466480482
2011-10-07,-1.1018588586248659,-0.819681118762265
2011-10-10,3.4371322534938566,3.3555643919288363
2011-10-11,0.6595376863841612,0.05438556372526529
2011-10-12,0.8365894552497511,0.9747046937638062
2011-10-13,0.5936893630524359,-0.29781023951361335
2011-10-14,1.800698795267518,1.7230948802478145
2011-10-17,-2.003940026911871,-1.955993759944958
2011-10-18,1.6125986026728667,2.021304938031121
2011-10-19,-2.0295405129974977,-1.2729818787026608
2011-10-20,-0.20835503226299593,0.45438398210843994
2011-10-21,1.483579792158754,1.863406749243458
2011-10-24,2.322801128058057,1.279080668037179
2011-10-25,-2.286409094479012,-2.0248346199382077
2011-10-26,0.4632185084449057,1.048143054408723
2011-10-27,3.264535712765245,3.3716591168134338
2011-10-28,-0.0540562270960091,0.03891535285413573
2011-10-31,-1.9456268565089105,-2.5048616612977614
2011-11-01,-2.9276172995074967,-2.834005962159464
2011-11-02,1.258654984478045,1.5976363304397205
2011-11-03,2.172829700412593,1.8607607200930414
2011-11-04,-0.43906967114544365,-0.6299819537189565
2011-11-07,0.3382022772465979,0.6276008211166596
2011-11-08,1.189080792014088,1.1667310321725162
2011-11-09,-3.957788181439171,-3.7385347098988095
2011-11-10,0.13341467252996478,0.8587201099481742
2011-11-11,2.0212230537510623,1.9293223004513553
2011-11-14,-0.8069804305170883,-0.9596036687554769
2011-11-15,1.0847091992358793,0.480559827730043
2011-11-16,-1.7496376520088464,-1.6755798341954984
2011-11-17,-1.9749666329195665,-1.6942671987706432
2011-11-18,-0.6003323917485955,-0.03947564904724282
2011-11-21,-1.9374031110001144,-1.882457110494877
2011-11-22,-0.07374485408802087,-0.4149438857005794
2011-11-23,-2.457283933448595,-2.2342970458596256
2011-11-25,-0.7577169386790624,-0.26891193002505226
2011-11-28,3.4550665895075756,2.8821079038609922
2011-11-29,-0.4691799954838305,0.22112069693969919
2011-11-30,4.082851405169804,4.240343833622763
2011-12-01,0.2233854096922503,-0.19104695778526481
2011-12-02,0.027792954093993582,-0.024101537332728126
2011-12-05,1.091500210185539,1.02344632992658
2011-12-06,-0.23372776090720285,0.11051379065262915
2011-12-07,-0.013210613048270887,0.20163207826575202
2011-12-08,-2.014331517184749,-2.1368498950929857
2011-12-09,1.9252086539161872,1.6742412907085384
2011-12-12,-1.3154506671043427,-1.502638690477899
2011-12-13,-1.2709333881884541,-0.8723953020305214
2011-12-14,-1.561402257776402,-1.141325149713759
2011-12-15,0.06692492061333799,0.3237852858081692
2011-12-16,0.5619734039381087,0.3210989101900451
2011-12-19,-1.267721621207879,-1.180219845855773
2011-12-20,3.1440874718480782,2.938929593094407
2011-12-21,-0.9942764813112274,0.1947608164854339
2011-12-22,0.829761666704674,0.8231577169829831
2011-12-23,0.7355214844334256,0.8994480783105518
2011-12-27,0.25019845846146893,0.007910481903918607
2011-12-28,-1.3506929943520989,-1.2556506256502387
2011-12-29,0.9131992158865605,1.0650172463280614
2011-12-30,-0.3291890711303772,-0.4300570740064627
2012-01-03,1.6586249317543809,1.5355483670177896
2012-01-04,-0.013592394321171777,0.018790634443729307
2012-01-05,0.8085456084691593,0.2939392669493865
2012-01-06,0.16317124621522797,-0.2540185002539133
2012-01-09,0.08746388934598531,0.22590443626086362
2012-01-10,0.9644882595118988,0.88465236130604
2012-01-11,0.30517678480785554,0.030954934463217332
2012-01-12,0.5129291932242404,0.23338827385691882
2012-01-13,-0.5162493504524416,-0.4960204447869401
2012-01-17,0.6402228257404688,0.3546657768174128
2012-01-18,1.514455651331579,1.104668913022228
2012-01-19,0.6700228734957002,0.49265017172440156
2012-01-20,-0.0584750233252951,0.06692357932856269
2012-01-23,-0.09082962531660987,0.047123192204085035
2012-01-24,0.08867651784417349,-0.10263438252235968
2012-01-25,1.1300845518660148,0.8641694717196025
2012-01-26,-0.4634058783702285,-0.5770508287989055
2012-01-27,0.40093759851116195,-0.1594147545290945
2012-01-30,-0.16380951306144384,-0.25253090863453725
2012-01-31,0.06754619171881814,-0.045705112807793644
2012-02-01,1.2161693915593679,0.8860237474265962
2012-02-02,0.39979380329710856,0.10945478306671234
2012-02-03,1.59508285314376,1.4499725948107647
2012-02-06,-0.1263850434689752,-0.042396401353111846
2012-02-07,0.07199362357918754,0.20213375254701532
2012-02-08,0.4048157227440178,0.21578809333250354
2012-02-09,0.3891781352262261,0.14730251258786603
2012-02-10,-0.8008809577463787,-0.6910122643616179
2012-02-13,0.9428939471242893,0.6777023326497382
2012-02-14,0.015008817708566106,-0.09399650039259268
2012-02-15,-0.5472288035862245,-0.5397747536216692
2012-02-16,1.498407796906181,1.09653658332769
2012-02-17,-0.27302131604504876,0.23461758829402962
2012-02-21,-0.10880711539800439,0.07196637576957368
2012-02-22,-0.5236557614228021,-0.33456974121455285
2012-02-23,0.808472778811876,0.426290318060624
2012-02-24,0.22868811617800747,0.1670841175508428
2012-02-27,0.0812828569974477,0.13536425518792067
2012-02-28,0.6921000863005871,0.3350713492314775
2012-02-29,-0.6674921695062215,-0.47482427569533836
2012-03-01,0.741458031442967,0.6139156544532941
2012-03-02,-0.4284887430905748,-0.32510350278581207
2012-03-05,-0.8676090038924389,-0.38772005028211404
2012-03-06,-1.3704828206632875,-1.5489506127544146
2012-03-07,0.8679478573267612,0.6876921722994126
2012-03-08,1.176083761135513,0.9770049174722242
2012-03-09,0.6014692326449346,0.36246730207315236
2012-03-12,-0.156731445345797,0.016044778678812075
2012-03-13,1.86673061238369,1.7969133090434228
2012-03-14,0.0279577215291298,-0.11969780885961415
2012-03-15,0.5130319103818158,0.5949465701560221
2012-03-16,-0.036324188872834895,0.11187724767004655
2012-03-19,0.7519298240386522,0.39659715140711566
2012-03-20,-0.135555334314185,-0.3005028734390367
2012-03-21,0.03805206023015805,-0.18729499037742287
2012-03-22,-0.39096657518545697,-0.7232634226897842
2012-03-23,0.15005124128526628,0.31040360075561585
2012-03-26,1.7656573154926196,1.3790299964088288
2012-03-27,-0.0711205683742837,-0.2820749754246321
2012-03-28,-0.49443421621246464,-0.49537586832890157
2012-03-29,-0.3096616842752466,-0.16092239433873862
2012-03-30,-0.1225163521835168,0.3691613621621361
2012-04-02,0.905779086194971,0.7476626120982405
2012-04-03,-0.19668655380527686,-0.3996611820141247
2012-04-04,-1.4714759667653983,-1.0254926852538038
2012-04-05,0.40367033260353047,-0.0629240152421399
2012-04-09,-1.0908166480467048,-1.1423437999542612
2012-04-10,-1.8502424053853521,-1.7229025277185803
2012-04-11,0.84026274714647,0.7421289800123757
2012-04-12,1.287565074320286,1.3685315235975748
2012-04-13,-1.4577767518523084,-1.255346712505612
2012-04-16,-0.7643714514802948,-0.050372724017345265
2012-04-17,1.804658989328626,1.5367979157954645
2012-04-18,-0.37436641042395413,-0.4063533761746023
2012-04-19,-0.7911934116171776,-0.5952075477202332
2012-04-20,-0.2366841373149553,0.11685826213373295
2012-04-23,-1.0048820930372462,-0.8443113102887432
2012-04-24,-0.29837936517661107,0.3673019641628904
2012-04-25,2.271083701665774,1.3552342898741399
2012-04-26,0.6901070768232934,0.6657952133507797
2012-04-27,0.6075370699386563,0.24114139290230932
2012-04-30,-0.7469506044767263,-0.38910622753696145
2012-05-01,0.1338407232992128,0.5642435719684133
2012-05-02,0.3080052645348018,-0.24998055766587626
2012-05-03,-1.1686235409077457,-0.7688351103506842
2012-05-04,-2.2727642976540805,-1.6278995721590046
2012-05-07,0.048020832494819636,0.035051958289764595
2012-05-08,-0.3892261558912925,-0.4287853134969311
2012-05-09,-0.3931322632826288,-0.672482753178195
2012-05-10,-0.0364668096435169,0.25142474063852527
2012-05-11,0.006135533946782556,-0.3393091334281743
2012-05-14,-1.0705331489329717,-1.1175073102338486
2012-05-15,-0.3043302086261009,-0.5762408276502476
2012-05-16,-0.6837989125516464,-0.44135439289479245
2012-05-17,-2.1221916289077587,-1.5165797405604462
2012-05-18,-1.248120800095812,-0.7415201826754865
2012-05-21,2.4323986275786225,1.5908684395839308
2012-05-22,-0.28595114001520006,0.048621879514186846
2012-05-23,0.3881042627254708,0.1692270514548765
2012-05-24,-0.37753801764215855,0.13790801585880885
2012-05-25,-0.06517630420384239,-0.2167980702760717
2012-05-29,1.1722962587074146,1.101805527882847
2012-05-30,-1.1782875642675426,-1.4438629304797284
2012-05-31,-0.35377020672951165,-0.22792610600432575
2012-06-01,-2.865221239167295,-2.4951295414361523
2012-06-04,0.45501749866148233,0.010954819498779878
2012-06-05,0.6536537469570778,0.5710514594359025
2012-06-06,2.369380407674588,2.2787776048048256
2012-06-07,-0.48275737109400274,-0.010647016016737381
2012-06-08,0.9631953877661735,0.8081420799989608
2012-06-11,-1.7180631304036158,-1.2700423815401067
2012-06-12,1.1796060924143876,1.1583389901239802
2012-06-13,-0.8640598614426773,-0.7048030071104174
2012-06-14,0.6267107342768968,1.0756592649869776
2012-06-15,1.2776200957347184,1.0284745652146794
2012-06-18,0.7811930236203205,0.1443703958935358
2012-06-19,1.1821414245327564,0.9767834417612747
2012-06-20,0.02354864427001999,-0.1687780512771723
2012-06-21,-2.4652602470962255,-2.2513208183375855
2012-06-22,1.1590129584684834,0.7148989234504349
2012-06-25,-1.963897151184255,-1.6083502390603004
2012-06-26,0.6287991503252962,0.47613681610202147
2012-06-27,0.7421430444170647,0.894478141961743
2012-06-28,-0.9023941504123291,-0.21120283457667527
2012-06-29,2.9587865102111794,2.4614793734920246
2012-07-02,0.5497525015837725,0.2456292158706836
2012-07-03,0.8384937431954327,0.6212771568424255
2012-07-05,0.0010080289505957274,-0.46980415663211994
2012-07-06,-1.3119433283373834,-0.947741865558198
2012-07-09,-0.18946692553408703,-0.164017617051813
2012-07-10,-1.0089028021699773,-0.815912178959069
2012-07-11,-0.4956549757435885,-0.0014923688990578575
2012-07-12,-0.757713672501901,-0.4999574352459078
2012-07-13,1.4643548024643305,1.6362759247573275
2012-07-16,-0.3968710315750107,-0.23169958916205513
2012-07-17,0.4508367388816114,0.738235580991176
2012-07-18,1.113011583773412,0.6658275330085007
2012-07-19,0.7883585074558606,0.2713415248511383
2012-07-20,-1.3783488178643821,-1.0112620534169032
2012-07-23,-1.2085175613398078,-0.8948979003707246
2012-07-24,-0.9441837797669933,-0.9082050192424119
2012-07-25,-0.3060914541678522,-0.031391072211795545
2012-07-26,1.3571326171750593,1.6405662864951118
2012-07-27,2.216335204318654,1.8900814490450273
2012-07-30,-0.41497841537647295,-0.048347644461061726
2012-07-31,-0.2147702920235037,-0.4326172766220222
2012-08-01,-0.6590771212788943,-0.29041929017454254
2012-08-02,-0.35814912433857005,-0.7531963624136045
2012-08-03,1.9780591756087347,1.8861288185302485
2012-08-06,0.7388654599973192,0.2326560724057678
2012-08-07,0.8641743355044119,0.5093762742592908
2012-08-08,-0.15297550232226462,0.062063380745319294
2012-08-09,0.24511238844925903,0.041359999517301904
2012-08-10,0.07351602284908862,0.21860506671047944
2012-08-13,0.05493614638657782,-0.12526850781939547
2012-08-14,-0.18345894705985788,-0.012815461201997174
2012-08-15,0.46131720675631727,0.11389916294490678
2012-08-16,1.0326153737660362,0.7075420387505466
2012-08-17,0.4626183934527143,0.18703837394767023
2012-08-20,-0.012352099872681852,-0.0021175053652821643
2012-08-21,-0.29136648609689975,-0.3503666814444632
2012-08-22,0.20876324361325868,0.022637762345679675
2012-08-23,-0.6616563528677267,-0.8104999597722565
2012-08-24,0.5353431509952015,0.6433988343262266
2012-08-27,0.11069547181276795,-0.04891344205224454
2012-08-28,0.12844840986065773,-0.08085090427962799
2012-08-29,0.13152918352450751,0.08439929642994781
2012-08-30,-1.0597335671914494,-0.7836429729673381
2012-08-31,0.5968292655698582,0.5060469767645165
2012-09-04,0.2637570276822246,-0.11666393226880797
2012-09-05,-0.18846649557629735,-0.10682316532888013
2012-09-06,2.144776561053749,2.022953661200689
2012-09-07,0.01945081739423127,0.40417949889430294
2012-09-10,-1.038397649277614,-0.6166805654652836
2012-09-11,0.016428956878725236,0.3130052101452872
2012-09-12,0.31452837064913985,0.2090505602596938
2012-09-13,1.3243917005634462,1.617817215384428
2012-09-14,0.8871028461150587,0.3951135292808127
2012-09-17,-0.16596940291945206,-0.31295828602655196
2012-09-18,-0.027373683992290402,-0.1280595132117327
2012-09-19,0.15156234722467657,0.11848517443742584
2012-09-20,-0.20948080972363098,-0.054087999282133994
2012-09-21,0.12586692494816695,-0.007532185571705149
2012-09-24,-0.6049785513618924,-0.2235150069379947
2012-09-25,-1.3713659667386413,-1.0557389418567713
2012-09-26,-0.7737387327515165,-0.5753253211740956
2012-09-27,1.3771625130085834,0.9602727708234702
2012-09-28,-0.6515472853468779,-0.4487808236766832
2012-10-01,-0.08668071222822904,0.2647997667994667
2012-10-02,0.20886915095933217,0.08719067272658147
2012-10-03,0.4856714373017589,0.3617857293033645
2012-10-04,0.45284729455090716,0.7148821731697362
2012-10-05,-0.4222322183002854,-0.03216410840751239
2012-10-08,-0.763061952912048,-0.3462723847428905
2012-10-09,-1.532397320606638,-0.9940182135141966
2012-10-10,-0.4329067707746753,-0.6207255566481142
2012-10-11,-0.07768976606876957,0.019537043698457743
2012-10-12,-0.17395532751195397,-0.2970544956016541
2012-10-15,0.6571420880302924,0.8045470752666933
2012-10-16,1.199946275205469,1.0217555817170516
2012-10-17,0.09508017263460573,0.4108606125954804
2012-10-18,-1.0118283051525756,-0.24467198768949572
2012-10-19,-2.2128108815099155,-1.671014460003599
2012-10-22,0.3765832384628616,0.04394856785508615
2012-10-23,-0.8822480162184568,-1.454923497073801
2012-10-24,-0.29336140634029173,-0.30901524835878325
2012-10-25,0.14812781914304576,0.2991064948394708
2012-10-26,0.061264767812854566,-0.07292475686444065
2012-10-31,-0.3594195494618068,0.015586755128053293
2012-11-01,1.4283360704216514,1.0867212600985972
2012-11-02,-1.2638888444023595,-0.9423718242892513
2012-11-05,0.5861138617002438,0.21614713450575923
2012-11-06,0.4082120383670593,0.7822509122727109
2012-11-07,-2.5093681742650484,-2.3990484179204747
2012-11-08,-1.4301951171451266,-1.22799333135091
2012-11-09,0.3203202490613819,0.16972512798215902
2012-11-12,-0.02100142369827686,0.013047937654856286
2012-11-13,-0.7038547410150848,-0.3993383474745327
2012-11-14,-1.2941008072276459,-1.3948870444327603
2012-11-15,-0.3473062650935735,-0.15948159570167258
2012-11-16,0.5690630762157995,0.4828274735175702
2012-11-19,2.1820182081189294,1.966737673954756
2012-11-20,0.020916377428271953,0.06631664358276915
2012-11-21,0.3378271739076,0.2317493660971613
2012-11-23,1.3676529054779114,1.294220206896831
2012-11-26,0.3341395490288837,-0.20316442693263445
2012-11-27,-0.30246113187600787,-0.5240293685227754
2012-11-28,0.8050959912126624,0.7825330760125263
2012-11-29,0.674574205036134,0.4260553566881813
2012-11-30,-0.059446024595819165,0.01624943340681183
2012-12-03,-0.2674456557510937,-0.4756519166260062
2012-12-04,-0.1837007029467516,-0.1711275791054211
2012-12-05,-0.7701377508099643,0.1583607654586976
2012-12-06,0.5222241730263977,0.3301135858709377
2012-12-07,-0.37638444315791125,0.2916661999350491
2012-12-10,0.2990781776680309,0.03385032499758963
2012-12-11,1.1761983146966448,0.6527531315292976
2012-12-12,-0.2813071862080388,0.044813933395670504
2012-12-13,-0.7209524448349767,-0.6341489977008348
2012-12-14,-0.6985870593475533,-0.4143975679491531
2012-12-17,1.3129730419469303,1.1800688037811027
2012-12-18,1.4486340189912554,1.1421185666775555
2012-12-19,-0.33350361873352746,-0.7618145562821222
2012-12-20,0.19787528504103918,0.5473104693568626
2012-12-21,-0.9678238736000011,-0.9422944450144789
2012-12-24,-0.27877192746766605,-0.24432789712663985
2012-12-26,-0.7476595609997404,-0.47989567899257196
2012-12-27,-0.1422339670217048,-0.12191849162664065
2012-12-28,-0.8610565424439939,-1.1111445674961484
2012-12-31,1.980057398500186,1.680002726988578
2013-01-02,3.02545838171576,2.5086115958697297
2013-01-03,-0.3763184827434987,-0.20877954235245738
2013-01-04,0.03514864850936973,0.48532999789810666
2013-01-07,-0.09192852157038954,-0.3128003259122683
2013-01-08,-0.2261486889311502,-0.32476391807331084
2013-01-09,0.4517870993384433,0.265234535868163
2013-01-10,0.5122394409340677,0.756870010921085
2013-01-11,0.12389175303641449,-0.0047515114977522335
2013-01-14,-0.2604464297761122,-0.09311049049197806
2013-01-15,-0.21578999684207434,0.11280332953043061
2013-01-16,0.21707306800121717,0.01969725099562613
2013-01-17,0.5903873204515446,0.5627060541354582
2013-01-18,-0.04114366692759236,0.3397492378151099
2013-01-22,0.26983604807592754,0.44183316277115203
2013-01-23,0.3331827724716009,0.1506341924293118
2013-01-24,-0.7412451090582021,0.000661466154430249
2013-01-25,0.6155982173596023,0.5430708661868183
2013-01-28,0.14562162214578375,-0.18513342747921246
2013-01-29,-0.02029182183134342,0.5093003781205059
2013-01-30,-0.360548487218888,-0.3907244671751714
2013-01-31,-0.005728434038647793,-0.2566591958392015
2013-02-01,1.1697223968819135,1.0002513224009681
2013-02-04,-1.519140124429945,-1.16058327096515
2013-02-05,1.2823149808317214,1.0362632222059642
2013-02-06,-0.09779088043474184,0.05490198591339299
2013-02-07,-0.1057848624212593,-0.1807031055856767
2013-02-08,0.9039218647313458,0.5641994585043149
2013-02-11,-0.05856680619718006,-0.06063012476382776
2013-02-12,-0.17276820597225412,0.15940011376042063
2013-02-13,0.3255336656161994,0.059208777479065645
2013-02-14,0.055663792141411816,0.0690433265053607
2013-02-15,-0.20748940657782708,-0.10456277960136191
2013-02-19,0.6731614243499973,0.7309694441361245
2013-02-20,-1.5422067966282662,-1.2481711430005844
2013-02-21,-1.0457694696438848,-0.632300546566533
2013-02-22,0.9638881550313542,0.8734213386774423
2013-02-25,-1.4517455315098795,-1.8479275584774388
2013-02-26,0.42908213577255777,0.6090876862567387
2013-02-27,1.0365784632478672,1.2645699119019573
2013-02-28,-0.06548094722659224,-0.08644534614572404
2013-03-01,0.30174132244394664,0.23211594495267213
2013-03-04,0.38697923058272526,0.46001265483496306
2013-03-05,1.3143788508258212,0.9520551872499975
2013-03-06,-0.05460327445060021,0.10839250554146815
2013-03-07,0.30118731382073294,0.18148436172064245
2013-03-08,0.3792199663497011,0.447112871295497
2013-03-11,0.2616497112401623,0.32438188658736855
2013-03-12,-0.32485606357850916,-0.2406145396801988
2013-03-13,0.08632064955861396,0.13131891571707574
2013-03-14,0.42465912019708774,0.5587352158971998
2013-03-15,-0.3030119097796912,-0.16197737499887566
2013-03-18,-0.353957567860431,-0.5525570335024047
2013-03-19,-0.26257652301129397,-0.24254697268762293
2013-03-20,0.7739936129531363,0.6675163815817943
2013-03-21,-0.9754909609150944,-0.8316923756005078
2013-03-22,0.6926862998721701,0.7148643803299891
2013-03-25,-0.29936907996331197,-0.3345629300947282
2013-03-26,0.5296122913132663,0.7754963194634992
2013-03-27,0.1241358278934862,-0.05885230525645967
2013-03-28,0.33721468365485247,0.4048463396191122
2013-04-01,-0.8714163238170876,-0.4483616865356026
2013-04-02,0.4832139835990193,0.5158933898853431
2013-04-03,-1.1202781580598047,-1.0602133218841154
2013-04-04,0.1980266275861076,0.40402790127371013
2013-04-05,-0.6570415807450737,-0.43041451689076393
2013-04-08,0.5723540432084135,0.6282958765270947
2013-04-09,0.483274445218289,0.3538065806577469
2013-04-10,1.8176169968922338,1.2115443329548887
2013-04-11,0.08821644217100691,0.3545956179576568
2013-04-12,-0.1579958813059153,-0.2840798318549253
2013-04-15,-2.410029043779955,-2.323412455036433
2013-04-16,1.4855730288092774,1.4205840828064487
2013-04-17,-1.8537312229901266,-1.4431313685984553
2013-04-18,-1.2026457809276951,-0.6723555969544303
2013-04-19,1.2460105778161166,0.8808989051054724
2013-04-22,0.8537835983631266,0.46507982154273886
2013-04-23,1.100446604395429,1.036531280555277
2013-04-24,0.009787459213994895,0.0006340170072840042
2013-04-25,0.6201579717473761,0.40266145649913837
2013-04-26,-0.3266738072737917,-0.18438118015177635
2013-04-29,0.842969457256433,0.716031536940742
2013-04-30,0.6561392837715967,0.24818174185819603
2013-05-01,-0.8950077245902867,-0.9351472649564404
2013-05-02,1.249762115361783,0.9364003810320709
2013-05-03,1.1313883380338319,1.047956394817034
2013-05-06,0.42353421454458695,0.1905961128483939
2013-05-07,0.10781195812757538,0.5216639159837863
2013-05-08,0.4887012472310926,0.4130538866696586
2013-05-09,-0.12019161747329288,-0.36939180287733103
2013-05-10,0.8007930899171487,0.4312343771584845
2013-05-13,0.06428745147137802,0.004288844886953105
2013-05-14,0.6902974639138968,1.0091066969150286
2013-05-15,0.2598703841831858,0.5101103490210886
2013-05-16,-0.18394494912492274,-0.5022331985410746
2013-05-17,0.9686745158058322,1.0247411986562578
2013-05-20,-0.07261915291829439,-0.07078684047072334
2013-05-21,0.1626051468866251,0.17209046830023478
2013-05-22,-1.1146607652594283,-0.8308074265778554
2013-05-23,-0.1120946797292243,-0.29281151046060855
2013-05-24,-0.008094169889493165,-0.055151749898889435
2013-05-28,0.8563630787828989,0.6320962109160131
2013-05-29,-0.6143993014791307,-0.7072936243165862
2013-05-30,0.6834518658294559,0.36636251143134246
2013-05-31,-1.0188350756726063,-1.4410576921857086
2013-06-03,0.2733600111792835,0.5918439859741687
2013-06-04,-0.5820035731955437,-0.5526048005605536
2013-06-05,-1.2788742289127168,-1.3875554543922224
2013-06-06,0.661342994985137,0.8454454144230643
2013-06-07,1.310572385280332,1.274991452694569
2013-06-10,0.13106746952995305,-0.03468736036370341
2013-06-11,-1.0656009333392829,-1.0205264184821081
2013-06-12,-1.068255597770379,-0.8404776908050976
2013-06-13,1.312940651674654,1.4676069097359319
2013-06-14,-0.635035538120129,-0.5902401062457968
2013-06-17,0.8310486490847221,0.7538875562714678
2013-06-18,0.8667102598363067,0.7760963428783294
2013-06-19,-1.1257262893102238,-1.3948301328481996
2013-06-20,-2.3083269917600036,-2.532842439229829
2013-06-21,-0.21958151485258418,0.26662190535255614
2013-06-24,-1.092851408529222,-1.221936895962692
2013-06-25,0.8136624257540562,0.9452456559302368
2013-06-26,0.8426443835888333,0.9544789666190033
2013-06-27,0.7565600376233552,0.6180691300296602
2013-06-28,0.040851654692750136,-0.4298788980467904
2013-07-01,0.9137585625145132,0.5389199609389811
2013-07-02,-0.0317419180898798,-0.05450566900508968
2013-07-03,0.29867393045454854,0.08237078945754475
2013-07-05,1.0316353835063512,1.0150045703225963
2013-07-08,0.15651455405746598,0.5237805213836031
2013-07-09,0.5560108699759894,0.7203661934863007
2013-07-10,0.4697504161265979,0.018157596462801375
2013-07-11,1.621095189963775,1.3463212765353811
2013-07-12,0.6068240141837344,0.3081730220628843
2013-07-15,0.205617222189827,0.13739351515561535
2013-07-16,-0.2495147693552963,-0.3715655417706993
2013-07-17,0.31906803790676613,0.27702066483981413
2013-07-18,0.03545077918056877,0.5020341712006725
2013-07-19,-0.6576037500019984,0.16087555796456546
2013-07-22,0.35559302911905133,0.20309625424268185
2013-07-23,-0.5883303922277955,-0.185365386833642
2013-07-24,0.00921933210782563,-0.38185027297184215
2013-07-25,0.7123411598485246,0.2553209985188819
2013-07-26,0.2208261788013851,0.08279514379092263
2013-07-29,-0.38878076783856413,-0.37430341753677177
2013-07-30,0.4803483924964223,0.037374708533409455
2013-07-31,0.27337359835319125,-0.01364185159984208
2013-08-01,1.3522324995528507,1.2462588230416578
2013-08-02,0.37608678293236253,0.16391140879470276
2013-08-05,0.09102558826631758,-0.14809308775636418
2013-08-06,-0.7387187881091076,-0.573947283055402
2013-08-07,-0.32132140906551476,-0.3813125661941763
2013-08-08,0.4126656618881357,0.3877921074046536
2013-08-09,-0.2458649691374249,-0.3576348041426874
2013-08-12,0.2684836389018057,-0.11535858605248943
2013-08-13,0.3940508662059812,0.2772210007268357
2013-08-14,-0.4125814458028689,-0.5190063227858108
2013-08-15,-1.7360330101855306,-1.4384564947961866
2013-08-16,-0.09266324235291863,-0.3310067623478068
2013-08-19,-0.38070812000447485,-0.5917777957153822
2013-08-20,0.6803049556911797,0.38139130983711445
2013-08-21,-0.38262276037076737,-0.5796369467346861
2013-08-22,1.0753712804014632,0.8582441743413965
2013-08-23,0.5229916669555291,0.393924191021318
2013-08-26,-0.006014741586636539,-0.4047839230058562
2013-08-27,-2.184968537017166,-1.6001539229183352
2013-08-28,0.41356079061007556,0.27438773089689755
2013-08-29,0.7471980311176306,0.19614766490956537
2013-08-30,-0.8440905186721397,-0.3179367192635175
2013-09-03,0.6314512656589994,0.41555752269595936
2013-09-04,1.0033616499647617,0.8084187928560308
2013-09-05,0.2665639210436026,0.12091315394673384
2013-09-06,0.0336121137942315,0.005442965978223178
2013-09-09,1.2535816920380016,0.9943282138970118
2013-09-10,0.6143767980136758,0.7318940484802409
2013-09-11,-0.10759281588183037,0.30476346138184846
2013-09-12,-0.2429788669660291,-0.3386141827801778
2013-09-13,0.1669770424866049,0.2711001653103429
2013-09-16,-0.11639739325969599,0.5677008295820801
2013-09-17,0.7462971176148496,0.420886959655227
2013-09-18,1.0077993852626448,1.2104121558415792
2013-09-19,0.15159080787319182,-0.18446541484815582
2013-09-20,-0.3873560357517929,-0.7243053962847499
2013-09-23,-0.2503973446305858,-0.47307589419510576
2013-09-24,0.07858191905319308,-0.2600521497731875
2013-09-25,-0.1899234900549582,-0.27432251543777136
2013-09-26,0.6976221008559244,0.34793658479979506
2013-09-27,-0.1543132706447858,-0.40821216634435287
2013-09-30,-0.2677058742444173,-0.6047479981190951
2013-10-01,1.225398957753345,0.7966724683406784
2013-10-02,-0.07755797585158972,-0.06668918703408629
2013-10-03,-1.0720374208056558,-0.9019972500552985
2013-10-04,0.8812930534896269,0.7028466704283861
2013-10-07,-0.9862671377139581,-0.8542747536819599
2013-10-08,-2.0241246913657407,-1.2408749931083476
2013-10-09,-0.4625235946456681,0.057374173060579806
2013-10-10,2.2309096319573603,2.1595622882836496
2013-10-11,0.8240895508892091,0.6266595617327234
2013-10-14,0.6152134390856778,0.4066441145288558
2013-10-15,-0.5587928245552778,-0.7088789613758755
2013-10-16,1.1900410831707322,1.3732804307132302
2013-10-17,0.6158994773511757,0.6721314413737084
2013-10-18,1.314849162841996,0.652740546362272
2013-10-21,0.1473004339435237,0.009173220960465484
2013-10-22,0.24255963136024403,0.5721116239627231
2013-10-23,-0.5742272664214444,-0.47357532400367486
2013-10-24,0.5587027344485441,0.3252838544355574
2013-10-25,0.36583919506815255,0.43852143927746773
2013-10-28,-0.08194340782414246,0.1328816519236969
2013-10-29,0.30940908843318493,0.5568661214094168
2013-10-30,-0.551063432122111,-0.48878496945693045
2013-10-31,-0.27795027785811405,-0.3846770567938354
2013-11-01,0.059425512636018474,0.28992144122096125
2013-11-04,0.3702939730082449,0.35641993780981684
2013-11-05,0.0830323353254753,-0.28095308483402837
2013-11-06,-0.20097036545125443,0.42564687122875744
2013-11-07,-1.916025173854523,-1.3270435999594776
2013-11-08,1.5919971645774955,1.3338208792264143
2013-11-11,0.014287500247554851,0.07226700649729084
2013-11-12,0.0033164492057054964,-0.2373205445619954
2013-11-13,1.1580878907644803,0.8062752720499361
2013-11-14,0.18039086208680388,0.48255968204506566
2013-11-15,0.3324662460712758,0.42131462738810765
2013-11-18,-0.9300587266089569,-0.3705052423504697
2013-11-19,-0.4446357993238004,-0.20450552776006603
2013-11-20,-0.2618169236602146,-0.3642235996161311
2013-11-21,1.2136385057578252,0.8095705420755901
2013-11-22,0.5652713273077189,0.49491905000291736
2013-11-25,0.07312596272379825,-0.12641407872397545
2013-11-26,0.5786105564996485,0.014979323550383502
2013-11-27,0.6697699456266738,0.24819986774607428
2013-11-29,0.3736135747234935,-0.07859984571164318
2013-12-02,-0.36100543207161717,-0.2722723534716429
2013-12-03,-0.19944429472605715,-0.31979559918936146
2013-12-04,0.019813750807838537,-0.13043434697867973
2013-12-05,-0.1199332086132278,-0.4349015813080098
2013-12-06,0.7253282916147272,1.1175194876875878
2013-12-09,0.15323562540816804,0.18154512479509813
2013-12-10,-0.20321709883392297,-0.31847248956570495
2013-12-11,-1.4057248206789308,-1.1381397674606988
2013-12-12,-0.13521266810629148,-0.37776883791563437
2013-12-13,0.06450500137408108,-0.010141528650587886
2013-12-16,0.71079310527818,0.6300152129396221
2013-12-17,-0.14503553925689944,-0.31058059363714124
2013-12-18,1.146083458807862,1.651090600917418
2013-12-19,-0.2935464984624539,-0.058009742839373164
2013-12-20,1.1420127129112685,0.4807155440690711
2013-12-23,1.0700835361897298,0.530402888620606
2013-12-24,0.15702673643884665,0.2911504304306033
2013-12-26,0.2826041820292124,0.4734304621132077
2013-12-27,-0.25445214641502456,-0.03366410106074713
2013-12-30,-0.057515592762790176,-0.017926996201467878
2013-12-31,0.5375253465793746,0.39518563491115477
2014-01-02,-0.8058065204030632,-0.8901413016629188
2014-01-03,-0.26972891212043076,-0.033302052016060915
2014-01-06,-0.4421764774319864,-0.2514927253759435
2014-01-07,0.9556300845554857,0.606334537539104
2014-01-08,0.29884176065636525,-0.02122315034510835
2014-01-09,-0.22639342506278562,0.03482485435141758
2014-01-10,0.443412863328719,0.23040304904553008
2014-01-13,-1.4807291812305496,-1.265596645879401
2014-01-14,1.680784765752008,1.0759876119934082
2014-01-15,0.7587647591556166,0.5152889134682223
2014-01-16,0.09035320176858243,-0.1348028486425814
2014-01-17,-0.5016484563735929,-0.39027803200150835
2014-01-21,0.6690957537568648,0.2769912242817671
2014-01-22,0.4071439931011277,0.05747000497681626
2014-01-23,-0.5703246541576003,-0.892932476457093
2014-01-24,-2.173311017676986,-2.109642142734084
2014-01-27,-1.0852808372448095,-0.4888221853339347
2014-01-28,0.35078877807210934,0.6121875622432071
2014-01-29,-1.1419383692254845,-1.026170390849596
2014-01-30,1.7542678448829734,1.1204044372218205
2014-01-31,-0.4679715991793603,-0.6486290214250375
2014-02-03,-2.639879550141446,-2.309660470448658
2014-02-04,0.860940388980778,0.7612043683081426
2014-02-05,-0.496577576386886,-0.20302824086565885
2014-02-06,1.1295661993739423,1.2363054453375717
2014-02-07,1.6801120612023033,1.321419350429692
2014-02-10,0.5392790228850043,0.15680048032540356
2014-02-11,1.0281640024867842,1.1001375944254965
2014-02-12,0.24427078288530832,-0.026929864772088686
2014-02-13,0.9329654640370534,0.5793211978776681
2014-02-14,0.07920139016441385,0.47976893855483044
2014-02-18,0.6751379731308669,0.11578033925587676
2014-02-19,-0.8185007502500334,-0.6545861773195999
2014-02-20,0.6960230320872874,0.6013341826934013
2014-02-21,-0.09705825194352342,-0.19205666731810658
2014-02-24,0.6909491537796079,0.6167455552331448
2014-02-25,-0.1253997572421552,-0.13485906767746497
2014-02-26,0.10420006420885436,0.0021699742124629577
2014-02-27,0.6240882224314523,0.4935881408416543
2014-02-28,-0.25060723323945283,0.27788242813380903
2014-03-03,-0.7179644651170902,-0.7405866200454787
2014-03-04,1.730664673930224,1.5152322676141787
2014-03-05,0.13777364595115404,-0.0053352749664553455
2014-03-06,-0.13409721760088655,0.17169334968570882
2014-03-07,-0.3662379573435771,0.053794457711570584
2014-03-10,-0.04082729534365802,-0.04633536412194934
2014-03-11,-0.6309008572545662,-0.5095096975215844
2014-03-12,0.3740219318308573,0.03051243232100062
2014-03-13,-1.4658191679174926,-1.1770091695883622
2014-03-14,-0.35317031425410345,-0.2825766417445165
2014-03-17,0.8105283454270356,0.9567717695038962
2014-03-18,1.239035688106872,0.7193682245473189
2014-03-19,-0.5950779690956479,-0.6150525096734505
2014-03-20,0.27101324243326413,0.6022334087521748
2014-03-21,-0.9888308693920203,-0.2936980116608755
2014-03-24,-1.185452741771016,-0.4876580959363224
2014-03-25,0.18627393793158228,0.43942708488222343
2014-03-26,-1.443675947611133,-0.7024936954876045
2014-03-27,-0.5369504817238133,-0.19018913439770552
2014-03-28,0.10906478637970406,0.4629489243409657
2014-03-31,1.0348696444756655,0.7892871384796676
2014-04-01,1.6310685287006041,0.7014688044213445
2014-04-02,0.19708590849023275,0.2849263831838461
2014-04-03,-0.9095456280833003,-0.11270852130106553
2014-04-04,-2.6302489207498554,-1.2616542925313996
2014-04-07,-1.169190703448078,-1.0808312332149783
2014-04-08,0.8114545901082761,0.37435379801772806
2014-04-09,1.709356797339499,1.0859039341965573
2014-04-10,-3.1512644546572397,-2.1105967737387243
2014-04-11,-1.350432251514914,-0.9532059739897396
2014-04-14,0.57239742342563,0.8183708150740607
2014-04-15,0.2847268535191826,0.6734579517703411
2014-04-16,1.2824682970055485,1.043386794876615
2014-04-17,0.2270908789048358,0.13629237070939354
2014-04-21,0.6335612832863862,0.37680156555725475
2014-04-22,0.9636668035959852,0.40837889961278256
2014-04-23,-0.8322492697825425,-0.22157668625220617
2014-04-24,0.5164772680053973,0.17154882753308748
2014-04-25,-1.7700093657276232,-0.8129344743501644
2014-04-28,-0.028466397573315986,0.3230811162502344
2014-04-29,0.7126519228150634,0.47494605046335214
2014-04-30,0.26818867147217973,0.298754980270127
2014-05-01,0.31278803372606734,-0.014327174433229933
2014-05-02,-0.0860465310291141,-0.13493550298709084
2014-05-05,0.3427761418468538,0.18694675823397822
2014-05-06,-1.3943833397636267,-0.9029031461991046
2014-05-07,-0.32128916270529995,0.5600754871033284
2014-05-08,-0.3983171033236119,-0.1374569232786406
2014-05-09,0.501517047614262,0.15183231948788392
2014-05-12,1.7525367207927725,0.9626256172315508
2014-05-13,-0.3309152249310106,0.042166878828303375
2014-05-14,-0.7177947910819235,-0.47120895650170913
2014-05-15,-0.7672083380205491,-0.9405904183934792
2014-05-16,0.5220676867412799,0.37399628190006035
2014-05-19,0.8575573979948726,0.3837414189704193
2014-05-20,-0.703663861928363,-0.6519604608543308
2014-05-21,0.8422069535441692,0.8083340547746922
2014-05-22,0.5503352099004825,0.23594441947138817
2014-05-23,0.7546662675560146,0.4239392917884754
2014-05-27,1.217175903092332,0.5969950211528873
2014-05-28,-0.2836163912160415,-0.11146927500584232
2014-05-29,0.5400684906320944,0.5352758657361124
2014-05-30,-0.12555106901287275,0.18419804431013698
2014-06-02,-0.12783291952140777,0.07275613640587
2014-06-03,-0.07366065437745214,-0.03792884695348666
2014-06-04,0.4138723659389984,0.18898766063629324
2014-06-05,1.0433103092673757,0.6504082119662982
2014-06-06,0.5841529880939546,0.46170835480189804
2014-06-09,0.34281893296325394,0.09383308564868176
2014-06-10,0.040579924561734114,-0.02460138818795375
2014-06-11,-0.14002422145913918,-0.354331115166594
2014-06-12,-0.7949462227316965,-0.711413908891029
2014-06-13,0.3024996846851018,0.312965919907076
2014-06-16,0.24236088862676078,0.08363553307868064
2014-06-17,0.37235818009906996,0.21702124448891516
2014-06-18,0.5887325957485338,0.7689243160729405
2014-06-19,-0.08048456265986259,0.1276663295165036
2014-06-20,0.1996020082061361,0.172856349567606
2014-06-23,0.014650807194118497,-0.01324728528989271
2014-06-24,-0.42023036847962675,-0.645610649861748
2014-06-25,0.6735328069555784,0.48855574227171933
2014-06-26,-0.016212248046375805,-0.11795794276391144
2014-06-27,0.4302169794232363,0.1909045238083737
2014-06-30,0.232793018232804,-0.03723259970013541
2014-07-01,1.1384123766343188,0.6655572896822518
2014-07-02,-0.020636177535387663,0.06585960751231935
2014-07-03,0.6306164021003621,0.5464550227672395
2014-07-07,-0.7697974564382982,-0.3931239054323629
2014-07-08,-1.3586111481753154,-0.7073762181680687
2014-07-09,0.6258469163332089,0.4633516553259208
2014-07-10,-0.5179683579981864,-0.41396283244737225
2014-07-11,0.43782817631402415,0.14698419980472352
2014-07-14,0.5630153389965126,0.48318607269969255
2014-07-15,-0.5426346272315115,-0.19339645679456247
2014-07-16,0.21668431840237246,0.41922850094485553
2014-07-17,-1.422643461248985,-1.1904605927478003
2014-07-18,1.562176477344426,1.0212608899671183
2014-07-21,-0.1682314086175169,-0.2322946423904652
2014-07-22,0.7053511393822346,0.5003611167300126
2014-07-23,0.3959815784160728,0.1752900777012884
2014-07-24,-0.03554736836000099,0.0488036812550669
2014-07-25,-0.5055118160751628,-0.4860946046109087
2014-07-28,-0.1045593593241874,0.028811339355283253
2014-07-29,-0.049732156238842654,-0.4538068413714011
2014-07-30,0.45364792136157184,0.0060910919410201375
2014-07-31,-2.108840279958463,-2.020193215523012
2014-08-01,-0.39278185783791125,-0.2863216231298331
2014-08-04,0.715390052496598,0.7163314449646608
2014-08-05,-0.7107952455465991,-0.9732679197336651
2014-08-06,0.05075856602345123,0.0015638426360123552
2014-08-07,-0.4621401501482393,-0.5572115446733026
2014-08-08,0.8254247766195901,1.1465422557972031
2014-08-11,0.6937830416761328,0.27556250258418474
2014-08-12,-0.2748398309110477,-0.16379823741559416
2014-08-13,1.0173059996561935,0.6684767102510805
2014-08-14,0.42465966758225193,0.4336398273697699
2014-08-15,0.26755103744025377,-0.006137480757126603
2014-08-18,0.9668823736334754,0.84954832196601
2014-08-19,0.424975904715101,0.49881901791977945
2014-08-20,-0.022752399868873806,0.24747482825436223
2014-08-21,0.12408127368867977,0.2945547280270624
2014-08-22,0.1422169543997177,-0.19945749188226203
2014-08-25,0.41337364682644273,0.4776353863603847
2014-08-26,0.29119246166635415,0.10505288952435787
2014-08-27,-0.022318840038124652,0.004998604328455613
2014-08-28,-0.2614134239734214,-0.1691330544946164
2014-08-29,0.49420321290987185,0.3314914329019902
2014-09-02,0.3904799447735654,-0.05442142177026967
2014-09-03,-0.5587337723618804,-0.07794447528015455
2014-09-04,-0.22507196256206993,-0.1535599204712169
2014-09-05,0.45072950681654356,0.5023247704958487
2014-09-08,0.2046824813061701,-0.3077845854315851
2014-09-09,-0.8748407278433272,-0.6566521532685439
2014-09-10,0.7491163526784835,0.3639443600367803
2014-09-11,0.11527152729872128,0.08815167647232053
2014-09-12,-0.5286379009266136,-0.5980405492006543
2014-09-15,-1.0719301450613934,-0.07104037481093733
2014-09-16,0.746504107129602,0.7456507324556423
2014-09-17,0.20691289287122616,0.12948050790884347
2014-09-18,0.6824250293953013,0.4879257127339826
2014-09-19,-0.2973876142207371,-0.04773835104033983
2014-09-22,-1.1441269886831755,-0.80456025302185
2014-09-23,-0.42052299703185636,-0.5793250079626252
2014-09-24,1.0267182429234372,0.7801976758654436
2014-09-25,-1.9612753287440328,-1.6300913265170507
2014-09-26,1.0121548407098,0.8539261124001539
2014-09-29,-0.14060707303433662,-0.2550050856915823
2014-09-30,-0.27691244953999566,-0.2789816544312018
2014-10-01,-1.5994993002807927,-1.3337106112637436
2014-10-02,0.1830037518153313,0.0005143328250229687
2014-10-03,1.0202417088195965,1.1103635523902509
2014-10-06,-0.4662723079227509,-0.15663860013981837
2014-10-07,-1.5746931718560186,-1.5241618619128634
2014-10-08,1.8837687805143184,1.731094749805919
2014-10-09,-2.0403265505746777,-2.087784845431496
2014-10-10,-2.3595538308216533,-1.1517080026210946
2014-10-13,-1.4742490118679152,-1.6605033202522508
2014-10-14,0.32011097336467603,0.1577619680866768
2014-10-15,-0.2807230516597793,-0.8133300726077349
2014-10-16,0.04909453880372233,0.01449672004417697
2014-10-17,0.968644273578343,1.280181337714614
2014-10-20,1.344236995378577,0.9101116121281314
2014-10-21,2.3676776124420913,1.938537082775091
2014-10-22,-0.8322844393616838,-0.7326100661612184
2014-10-23,1.5831668292821799,1.2228305721599457
2014-10-24,0.6922193004951581,0.7028690175716193
2014-10-27,0.049277286064022235,-0.1502696878837878
2014-10-28,1.7317138860304067,1.1868364566910392
2014-10-29,-0.3304982862440012,-0.13863159906425204
2014-10-30,0.3710221175491582,0.6210797247873184
2014-10-31,1.4048473492979834,1.1663114233148568
2014-11-03,0.17627423075361132,-0.011892891639947337
2014-11-04,-0.32971511805294756,-0.28338532526650334
2014-11-05,-0.06317365609111514,0.5684311060804489
2014-11-06,0.3834033375158414,0.3768403644328259
2014-11-07,-0.12814153409132165,0.034952512678080784
2014-11-10,0.41123908820477784,0.3115327019558855
2014-11-11,0.19200665679912698,0.06964516302874352
2014-11-12,0.312135724932313,-0.07013625789179807
2014-11-13,0.10710541713789565,0.052970442840023106
2014-11-14,0.17932093423875547,0.02402413485468054
2014-11-17,-0.37480518344558805,0.07350887776586797
2014-11-18,0.6708341421024597,0.5120849353688389
2014-11-19,-0.570050007392389,-0.15022868756188182
2014-11-20,0.557927905915554,0.19651640132027542
2014-11-21,0.23579806227333105,0.5223212603738253
2014-11-24,0.8855279637170479,0.285992981373923
2014-11-25,0.07063913996253762,-0.11506914684172845
2014-11-26,0.60908023029617,0.28020524716035633
2014-11-28,0.08998899233953599,-0.2545664637012221
2014-12-01,-1.3505854008807292,-0.6852789344834435
2014-12-02,0.6002236689798963,0.6364166758848178
2014-12-03,0.39159445148159905,0.37576738340269794
2014-12-04,-0.10540754189271241,-0.11625717317858437
2014-12-05,0.2370632091775154,0.16638315989210528
2014-12-08,-0.8416834947759968,-0.7283022149715385
2014-12-09,0.5423294272318696,-0.023785182583414742
2014-12-10,-1.7447138508130262,-1.6486121183048656
2014-12-11,0.5138323030247448,0.45254339716207764
2014-12-12,-1.165605991303033,-1.634646579165845
2014-12-15,-1.0463699668170263,-0.6362786271721939
2014-12-16,-1.2527217824291732,-0.8525259865380821
2014-12-17,2.0992618285134266,2.0148073243295617
2014-12-18,2.21649047901547,2.373137488570905
2014-12-19,0.3569562892901596,0.4559637967419008
2014-12-22,0.3360291426037489,0.3803222479927145
2014-12-23,-0.33518975871150825,0.17448386297044874
2014-12-24,0.16878278103731,-0.01393062410745646
2014-12-26,0.6970560554383448,0.33041099821209485
2014-12-29,0.0010401746661486163,0.0861403428089447
2014-12-30,-0.6149627856757527,-0.4900593034504285
2014-12-31,-0.8701383225318283,-1.036438356125046
2015-01-02,-0.1952898581747102,-0.03400214731352804
2015-01-05,-1.5830801281208406,-1.844721353258727
2015-01-06,-1.2942959235641447,-0.8933254690700171
2015-01-07,1.2491493900510595,1.1562735844876304
2015-01-08,1.8264725259911085,1.773016812715569
2015-01-09,-0.6804923582246108,-0.8439322147078786
2015-01-12,-0.8402424129956272,-0.8126616843470486
2015-01-13,-0.068838255341888,-0.2581885435816322
2015-01-14,-0.4769480980338573,-0.583002896797565
2015-01-15,-1.4875183891778871,-0.9290903004567546
2015-01-16,1.380980535521747,1.3334893186267298
2015-01-20,0.4407261556451685,0.1548752433400387
2015-01-21,0.26967696962246607,0.47204650221893607
2015-01-22,1.7622368536970572,1.5154313070630328
2015-01-23,0.15733658544025123,-0.5506656279301936
2015-01-26,0.29130187111159894,0.25651679986232745
2015-01-27,-1.909663819607002,-1.3478287815857577
2015-01-28,-0.9337488667559299,-1.358750281102202
2015-01-29,0.9745394355170507,0.948951705826357
2015-01-30,-1.0338499471858946,-1.3077099006318498
2015-02-02,0.8902617129878705,1.2879170000215516
2015-02-03,1.0856692309506204,1.4336238577453098
2015-02-04,-0.23378845179697813,-0.41647065724529614
2015-02-05,1.0209120710847694,1.0238810710909236
2015-02-06,-0.4353548071838139,-0.342402761187852
2015-02-09,-0.3883680456210725,-0.4256239310481708
2015-02-10,1.295630218227204,1.0618979554062367
2015-02-11,0.2824124136071125,-0.0029034010158247173
2015-02-12,1.1684826371659962,0.9598295065916026
2015-02-13,0.7430723985689192,0.4066459227779422
2015-02-17,0.11089430337174003,0.15962996977983962
2015-02-18,0.144610825323138,-0.03143586232287482
2015-02-19,0.37310363837393024,-0.10626217157189283
2015-02-20,0.6329551416656468,0.6107842721055837
2015-02-23,0.10083756529082398,-0.0303385211985694
2015-02-24,0.1440212796114126,0.2754972468831103
2015-02-25,-0.01972771730539198,-0.07660169636026022
2015-02-26,0.41687528918176686,-0.147711863025381
2015-02-27,-0.4895793496130776,-0.29606830486323704
2015-03-02,0.8939420498091637,0.6106238181133017
2015-03-03,-0.5646791135892868,-0.45488726038175675
2015-03-04,-0.25655887578857367,-0.4398161230154572
2015-03-05,0.3149767175757362,0.11953652510360889
2015-03-06,-1.1188611781753577,-1.4275356362467067
2015-03-09,0.30537592337043123,0.39366623579759685
2015-03-10,-1.6863909281200826,-1.7106820937141425
2015-03-11,-0.20288933634375225,-0.1919520676484767
2015-03-12,0.8898545154369917,1.2522702206037069
2015-03-13,-0.440961078273281,-0.6093237090196838
2015-03-16,1.1784323523722893,1.3442909023855907
2015-03-17,0.16053612773447296,-0.33256977077820027
2015-03-18,0.9153049811370125,1.2085101501628708
2015-03-19,0.19147472419586703,-0.4884489126950175
2015-03-20,0.6795251124730395,0.8972382193259681
2015-03-23,-0.3078491958921732,-0.17472566067133016
2015-03-24,-0.3246152545200601,-0.6158345701590925
2015-03-25,-2.395150586180381,-1.4665926527239062
2015-03-26,-0.2702293664457631,-0.23803307374738966
2015-03-27,0.5712204062965245,0.23657607295033603
2015-03-30,1.1428509961814497,1.2162382647149435
2015-03-31,-0.9455490255375689,-0.8834686217530795
2015-04-01,-0.4222430926673156,-0.39732542018475253
2015-04-02,0.1373990839848865,0.35234523037141535
2015-04-06,0.6197325903898129,0.6587072647165644
2015-04-07,-0.1442882759194736,-0.2064032708587167
2015-04-08,0.823243554021044,0.26789415573472003
2015-04-09,0.4783705061536304,0.4447575873625805
2015-04-10,0.42966645644984136,0.5189376899456222
2015-04-13,-0.15484422022530822,-0.4591806820961145
2015-04-14,-0.21995806386504244,0.162843225851382
2015-04-15,0.6753920977087375,0.5134989044995592
2015-04-16,-0.0644787177700066,-0.07787467579851994
2015-04-17,-1.5288639376592947,-1.137570418905323
2015-04-20,1.2651268179208848,0.9192748586536723
2015-04-21,0.38966148797259376,-0.1481702504767951
2015-04-22,0.4193345561383538,0.5074582853386292
2015-04-23,0.4140234607785287,0.23549408425523674
2015-04-24,0.7098867628082942,0.22502668247534868
2015-04-27,-0.6270502297326226,-0.4149913240734652
2015-04-28,-0.09549541191151246,0.27654044373465075
2015-04-29,-0.6306164526867497,-0.37473481275732223
2015-04-30,-1.6502031260642365,-1.0180553033248205
2015-05-01,1.286259252245629,1.0863776563455256
2015-05-04,0.2302861034147949,0.29364331477630207
2015-05-05,-1.558849837226489,-1.19080033585301
2015-05-06,-0.3994337375820599,-0.4465681140931977
2015-05-07,0.5250803230602846,0.3766710469475405
2015-05-08,1.1661500177336874,1.3368147987361163
2015-05-11,-0.199657567685194,-0.5102556456082039
2015-05-12,-0.3486546838830549,-0.29539964393672663
2015-05-13,0.11046529099134343,-0.030500129065166772
2015-05-14,1.3777455684816498,1.0721604261760034
2015-05-15,-0.04970744991245067,0.07681188278664758
2015-05-18,0.5954555732204024,0.3043312472570502
2015-05-19,-0.16573930701189976,-0.06435815978420155
2015-05-20,0.03372192459905396,-0.09309494507940488
2015-05-21,0.3749070814679441,0.23351459087448084
2015-05-22,-0.02809388878171101,-0.22363851494835973
2015-05-26,-1.1185531521400793,-1.0335204907502333
2015-05-27,1.456530808000745,0.9120918929110081
2015-05-28,-0.16874796376808646,-0.12675639174870543
2015-05-29,-0.5497648093778609,-0.6338515184097658
2015-06-01,0.25411322297447403,0.20573434991476608
2015-06-02,-0.1261879501464057,-0.10091051653478204
2015-06-03,0.4463560465807046,0.21166294697559992
2015-06-04,-0.7896992808167502,-0.8660562215101069
2015-06-05,0.18444687966800397,-0.14372152327325358
2015-06-08,-0.9282441733116752,-0.6495560338305542
2015-06-09,-0.1546510198122382,0.04182655190027647
2015-06-10,1.2451402423415188,1.1970491752514407
2015-06-11,0.1145759633965497,0.17371167565281323
2015-06-12,-0.6199192704363963,-0.7018874653102702
2015-06-15,-0.41920214705765946,-0.46332896217713476
2015-06-16,0.5072629839832605,0.5673730515753803
2015-06-17,0.18437956970553726,0.19776843950728407
2015-06-18,1.3350097222419388,0.9854000054008836
2015-06-19,-0.3112212815502797,-0.531761523794962
2015-06-22,0.7198961668508667,0.6076367981542122
2015-06-23,0.11867297103655612,0.06356664251933869
2015-06-24,-0.7328989771377648,-0.7380465718305258
2015-06-25,-0.1997147596771,-0.2978004156596414
2015-06-26,-0.6216233581612701,-0.03901557449223848
2015-06-29,-2.4314424843126963,-2.108696950861153
2015-06-30,0.5711233039056302,0.26549623524674104
2015-07-01,0.5250017308684941,0.6912096434637041
2015-07-02,-0.07802577241755206,-0.030807018954653403
2015-07-06,-0.34536062683807867,-0.3869232698897424
2015-07-07,0.1105171594259248,0.6062560593868743
2015-07-08,-1.7704722583680985,-1.6792964912141515
2015-07-09,0.25711556694395404,0.22596476448199895
2015-07-10,1.5181590157500302,1.226298638500772
2015-07-13,1.4660797033539663,1.1005268507355188
2015-07-14,0.6560300246846106,0.44432732365001704
2015-07-15,-0.11662288913826581,-0.07352563007372866
2015-07-16,1.2519993750630924,0.7982733444475738
2015-07-17,0.9054058064119694,0.110557162445071
2015-07-20,0.16722604338075905,0.07709366240016023
2015-07-21,-0.20600411237334132,-0.4270796242723094
2015-07-22,-0.7003956418974974,-0.23905650201902798
2015-07-23,-0.49156054778707114,-0.5692210211379454
2015-07-24,-1.1290745091244954,-1.0761020696661188
2015-07-27,-0.9646208790478311,-0.5791755065064178
2015-07-28,0.9760181892949514,1.2310073801889354
2015-07-29,0.4415286549111174,0.7292142927383681
2015-07-30,0.33299153566911865,0.0028366904022368087
2015-07-31,-0.009749382384351014,-0.2274103801051709
2015-08-03,-0.25186323675856315,-0.27606939449045503
2015-08-04,-0.19235046186227298,-0.22522391669328679
2015-08-05,0.6713222921588109,0.3109838185490679
2015-08-06,-1.6378727872662173,-0.7783195922562142
2015-08-07,-0.25544618929285595,-0.28790228563377146
2015-08-10,1.1485202156064584,1.2726835632025084
2015-08-11,-1.2824444226290972,-0.9603064680182269
2015-08-12,0.1507760289923023,0.09496036382146948
2015-08-13,-0.21492474499051578,-0.12760258683812037
2015-08-14,0.2912180438976556,0.39043322743591374
2015-08-17,0.8572095322596421,0.5197891709402951
2015-08-18,-0.6373746463113622,-0.26289829356331
2015-08-19,-0.7997343782822858,-0.8289136409597112
2015-08-20,-2.8609929484651615,-2.1325960454146156
2015-08-21,-3.5783953225823466,-3.2369242521878174
2015-08-24,-3.895300795883921,-4.021144434651927
2015-08-25,-0.4375202102823982,-1.3614249742655897
2015-08-26,4.152038744198209,3.829129943453164
2015-08-27,2.422136758862861,2.400725448969004
2015-08-28,0.32382460465001645,0.06085511568762156
2015-08-31,-1.0788426763098595,-0.8427078663984054
2015-09-01,-2.9836658744792066,-3.0022649842427995
2015-09-02,2.4266911947259597,1.8127671423214637
2015-09-03,-0.347552092456082,0.11641156994188924
2015-09-04,-1.0529520416492626,-1.5448308754276239
2015-09-08,2.6962884870389496,2.4773637197038503
2015-09-09,-1.1579840237596266,-1.3995035769084718
2015-09-10,0.8315951775915585,0.5264075444935657
2015-09-11,0.5424924855988145,0.44770064449862806
2015-09-14,-0.34440889456859736,-0.409804122304381
2015-09-15,1.1330229584197387,1.274968763143236
2015-09-16,0.5891444111533137,0.8667740715375899
2015-09-17,0.09628761914873989,-0.25643444425600986
2015-09-18,-1.3726944190300405,-1.629623095438354
2015-09-21,0.03562485409740454,0.45553920336726966
2015-09-22,-1.5070697635874184,-1.2394930019378314
2015-09-23,-0.08370612489857406,-0.20507442295939468
2015-09-24,-0.38493937207728957,-0.336865187130644
2015-09-25,-1.0185864917182499,-0.046590180122054944
2015-09-28,-3.0884955920023294,-2.600121116280911
2015-09-29,-0.5882181641008001,0.12320939129817131
2015-09-30,2.251043888523218,1.889589860356512
2015-10-01,0.14966630674089731,0.19719386783371728
2015-10-02,1.7290459738221717,1.4213793016405512
2015-10-05,1.5487650759554454,1.8124593518502157
2015-10-06,-0.6904814822181624,-0.35946893441433
2015-10-07,0.8971170843089259,0.8003519857552759
2015-10-08,0.40908456811102273,0.8779780144558488
2015-10-09,0.4082459623122672,0.07248485605153578
