,Copula-MSM clayton
2013-10-17,-1.657394124652036
2013-10-18,-1.6073674944473402
2013-10-21,-1.6394335806932043
2013-10-22,-1.5263377877923148
2013-10-23,-1.4497249285058627
2013-10-24,-1.4240387305498488
2013-10-25,-1.3083232591727938
2013-10-28,-1.2652138443037557
2013-10-29,-1.1736441100068082
2013-10-30,-1.113802198571594
2013-10-31,-1.1058387422604359
2013-11-01,-1.0765980408980949
2013-11-04,-0.9771612328590872
2013-11-05,-1.0759536522352078
2013-11-06,-1.0564231916430673
2013-11-07,-1.050775352452763
2013-11-08,-1.3690951006305816
2013-11-11,-1.552838882022067
2013-11-12,-1.4050771786757248
2013-11-13,-1.2870752709026574
2013-11-14,-1.3854411586932633
2013-11-15,-1.2883488754739711
2013-11-18,-1.2109552787745737
2013-11-19,-1.2613264225181666
2013-11-20,-1.2079779865811464
2013-11-21,-1.1679828915855557
2013-11-22,-1.274507403903915
2013-11-25,-1.2280336484494059
2013-11-26,-1.1491884431951163
2013-11-27,-1.1201936755423583
2013-11-29,-1.1132095900517214
2013-12-02,-1.0806422581540442
2013-12-03,-1.0531419083528766
2013-12-04,-1.0677792633063992
2013-12-05,-1.0078130977682127
2013-12-06,-1.0475103922087203
2013-12-09,-1.1339993956449337
2013-12-10,-1.0753843638398368
2013-12-11,-1.066170399971068
2013-12-12,-1.2411649555903068
2013-12-13,-1.1923248739884433
2013-12-16,-1.121173465664543
2013-12-17,-1.1393580380051287
2013-12-18,-1.0980944313743404
2013-12-19,-1.3237413921097982
2013-12-20,-1.2188441754662986
2013-12-23,-1.2640669342501065
2013-12-24,-1.2837828866843377
2013-12-26,-1.1882994438145114
2013-12-27,-1.140682375084465
2013-12-30,-1.0949342999715992
2013-12-31,-1.0547671852702647
2014-01-02,-1.0570833379304971
2014-01-03,-1.1649178384040162
2014-01-06,-1.0993468425784778
2014-01-07,-1.0824456794969366
2014-01-08,-1.129897233781405
2014-01-09,-1.075222153871995
2014-01-10,-1.0454344771035498
2014-01-13,-1.0317782215562867
2014-01-14,-1.2599791124679776
2014-01-15,-1.438554315271551
2014-01-16,-1.3792175592498879
2014-01-17,-1.265916160372052
2014-01-21,-1.2441922226945876
2014-01-22,-1.202466733240773
2014-01-23,-1.1399538500552215
2014-01-24,-1.2129213986096945
2014-01-27,-1.7115985370682583
2014-01-28,-1.654901935521885
2014-01-29,-1.5804638833554636
2014-01-30,-1.6623208637002824
2014-01-31,-1.7351741246022259
2014-02-03,-1.672476165355229
2014-02-04,-1.8839762848428605
2014-02-05,-1.7887651483888711
2014-02-06,-1.7060526240341622
2014-02-07,-1.7459974985133824
2014-02-10,-1.803870461036852
2014-02-11,-1.6948318337938009
2014-02-12,-1.7206621453710733
2014-02-13,-1.636791685252323
2014-02-14,-1.5986451583681018
2014-02-18,-1.4993772372896423
2014-02-19,-1.4017180524918609
2014-02-20,-1.432225249818266
2014-02-21,-1.4196264580336682
2014-02-24,-1.3079351786452398
2014-02-25,-1.2999921609550946
2014-02-26,-1.205620140768833
2014-02-27,-1.1291268789042466
2014-02-28,-1.1300622963255527
2014-03-03,-1.0936779175172004
2014-03-04,-1.1452155695002177
2014-03-05,-1.467207436024243
2014-03-06,-1.3265544313249844
2014-03-07,-1.2211911910177777
2014-03-10,-1.1582270149373974
2014-03-11,-1.094466086682663
2014-03-12,-1.1221405575289762
2014-03-13,-1.0686693273819554
2014-03-14,-1.3293462006767376
2014-03-17,-1.2551572199455088
2014-03-18,-1.3134240025555384
2014-03-19,-1.3636106356770263
2014-03-20,-1.3570200701280066
2014-03-21,-1.3056235211676157
2014-03-24,-1.2994870486844772
2014-03-25,-1.3912145960878235
2014-03-26,-1.2973815288819053
2014-03-27,-1.4437471568323574
2014-03-28,-1.3374218002715414
2014-03-31,-1.2751143596876138
2014-04-01,-1.3222017340885666
2014-04-02,-1.429060227340857
2014-04-03,-1.3349935149965206
2014-04-04,-1.3159427862138473
2014-04-07,-1.6147604044716628
2014-04-08,-1.7562083393045846
2014-04-09,-1.6379398248197845
2014-04-10,-1.7544692472530543
2014-04-11,-2.221917042113294
2014-04-14,-1.9362292094111369
2014-04-15,-1.841335663459013
2014-04-16,-1.7320024692956035
2014-04-17,-1.7821525663325457
2014-04-21,-1.6317688401654142
2014-04-22,-1.6416414053480775
2014-04-23,-1.5452895075841788
2014-04-24,-1.4837041763336154
2014-04-25,-1.385345810892407
2014-04-28,-1.5742203839363318
2014-04-29,-1.45237488466773
2014-04-30,-1.4148422927496114
2014-05-01,-1.3221978001655716
2014-05-02,-1.2252108699011908
2014-05-05,-1.1681078216544325
2014-05-06,-1.1159249605874793
2014-05-07,-1.3263297022562677
2014-05-08,-1.2895177920220666
2014-05-09,-1.2229115780217596
2014-05-12,-1.1587896042527972
2014-05-13,-1.3802302571602094
2014-05-14,-1.3035158136607792
2014-05-15,-1.304121853954144
2014-05-16,-1.3638895310863548
2014-05-19,-1.3034851000669014
2014-05-20,-1.275235961628023
2014-05-21,-1.2989961502614722
2014-05-22,-1.3289943390438812
2014-05-23,-1.2573162538754652
2014-05-27,-1.2390623518469552
2014-05-28,-1.2954248483625384
2014-05-29,-1.2278460193095202
2014-05-30,-1.2018225501573074
2014-06-02,-1.1465069661100424
2014-06-03,-1.094842447978057
2014-06-04,-1.044718710868452
2014-06-05,-1.0046913459726396
2014-06-06,-1.1048049218919818
2014-06-09,-1.0898851516507888
2014-06-10,-1.0424415492918921
2014-06-11,-0.9916836734920292
2014-06-12,-0.9698471341943289
2014-06-13,-1.0671183615262994
2014-06-16,-1.0158882324431473
2014-06-17,-0.9675158751891437
2014-06-18,-1.0348048847176081
2014-06-19,-1.0816272014077057
2014-06-20,-1.039238233037887
2014-06-23,-1.02172981265659
2014-06-24,-0.8463740032257844
2014-06-25,-1.0438354681225341
2014-06-26,-1.0616700198126179
2014-06-27,-0.8736238597177295
2014-06-30,-0.8543802596407637
2014-07-01,-0.8212575199143451
2014-07-02,-1.0940024595974667
2014-07-03,-1.0268683655052058
2014-07-07,-1.0564609295793332
2014-07-08,-0.998826604655645
2014-07-09,-1.252495986657975
2014-07-10,-1.2101665639924082
2014-07-11,-1.193827243044838
2014-07-14,-1.1303220078186489
2014-07-15,-1.1235772065217642
2014-07-16,-1.0603792309101265
2014-07-17,-1.0744863528555915
2014-07-18,-1.2575108664800074
2014-07-21,-1.4596699682861596
2014-07-22,-1.2982128264025548
2014-07-23,-1.3067071317198073
2014-07-24,-1.1764567217576498
2014-07-25,-1.0953016840408631
2014-07-28,-1.0981883102613565
2014-07-29,-1.0242756137692188
2014-07-30,-1.0605320321179341
2014-07-31,-1.0323972243200905
2014-08-01,-1.5488157544232088
2014-08-04,-1.4431573016462065
2014-08-05,-1.4234400041536652
2014-08-06,-1.4676326833402524
2014-08-07,-1.3442964634322703
2014-08-08,-1.3221981396939082
2014-08-11,-1.3765729275844187
2014-08-12,-1.3107534780029944
2014-08-13,-1.2215128123066816
2014-08-14,-1.2586732488286243
2014-08-15,-1.1799142731733117
2014-08-18,-1.1123194355189086
2014-08-19,-1.1654148294163156
2014-08-20,-1.1873355173627906
2014-08-21,-1.0683261070118584
2014-08-22,-1.021634426320173
2014-08-25,-0.9921887720462612
2014-08-26,-0.9886597037243732
2014-08-27,-0.9660473474748167
2014-08-28,-0.9423038082840051
2014-08-29,-0.9390949193408862
2014-09-02,-0.795248963375209
2014-09-03,-0.956044039526646
2014-09-04,-0.9694805832472031
2014-09-05,-0.8099561303429538
2014-09-08,-0.9677956393987789
2014-09-09,-0.818471320850528
2014-09-10,-1.0724353421896708
2014-09-11,-0.9571473484481996
2014-09-12,-1.0035008193555908
2014-09-15,-0.9486596890593066
2014-09-16,-1.1054872014498653
2014-09-17,-1.1441296559940675
2014-09-18,-1.0712563853821102
2014-09-19,-1.0816023208005445
2014-09-22,-1.0366098380380178
2014-09-23,-1.1937723203908763
2014-09-24,-1.1726580583429513
2014-09-25,-1.2362300632969208
2014-09-26,-1.6528267520898667
2014-09-29,-1.6248597389602368
2014-09-30,-1.5213619988480636
2014-10-01,-1.4275453022348228
2014-10-02,-1.606533367946053
2014-10-03,-1.4992577521287171
2014-10-06,-1.5353325490765717
2014-10-07,-1.4528316433026722
2014-10-08,-1.631986515252199
2014-10-09,-1.7685206335665222
2014-10-10,-1.9168432616564943
2014-10-13,-2.021366621343158
2014-10-14,-2.057650325226546
2014-10-15,-1.8924079609801499
2014-10-16,-1.7101376976290534
2014-10-17,-1.617262171432841
2014-10-20,-1.6523418495399447
2014-10-21,-1.72673516015784
2014-10-22,-1.959622431053554
2014-10-23,-1.8583515220399283
2014-10-24,-1.8867224701742034
2014-10-27,-1.7992775579207354
2014-10-28,-1.624841671660544
2014-10-29,-1.7690871542913924
2014-10-30,-1.6561741386592714
2014-10-31,-1.595085677320947
2014-11-03,-1.706490901537913
2014-11-04,-1.5763460277916348
2014-11-05,-1.4646328932271286
2014-11-06,-1.3688956094460691
2014-11-07,-1.350718633819341
2014-11-10,-1.2238133786084053
2014-11-11,-1.1435143045751683
2014-11-12,-1.0786462647223993
2014-11-13,-1.047029086447921
2014-11-14,-1.0156982899890792
2014-11-17,-0.8484296364752483
2014-11-18,-0.7966476597158137
2014-11-19,-1.0239515397158439
2014-11-20,-0.9202279572116642
2014-11-21,-0.9497968406884235
2014-11-24,-1.0181795223646986
2014-11-25,-1.0448313741257207
2014-11-26,-1.0092395505703726
2014-11-28,-1.0145413510667787
2014-12-01,-0.8421818808062052
2014-12-02,-1.1557988486651016
2014-12-03,-1.1335636315918471
2014-12-04,-1.0384257720678556
2014-12-05,-1.027936423168796
2014-12-08,-0.9934316226720894
2014-12-09,-1.0986216933855635
2014-12-10,-1.046712349324723
2014-12-11,-1.4429708301331112
2014-12-12,-1.3149429506491064
2014-12-15,-1.5820215546953689
2014-12-16,-1.5897154477244755
2014-12-17,-1.658856479278886
2014-12-18,-1.8092787826644245
2014-12-19,-1.8353410828072705
2014-12-22,-1.7413982740580753
2014-12-23,-1.653150965220947
2014-12-24,-1.5497241091862073
2014-12-26,-1.372350124072371
2014-12-29,-1.353791995588717
2014-12-30,-1.2220496619730952
2014-12-31,-1.2362979000156475
2015-01-02,-1.337968943541428
2015-01-05,-1.239452044252786
2015-01-06,-1.641646772180143
2015-01-07,-1.6713058783182786
2015-01-08,-1.6974634489996512
2015-01-09,-1.771674570868994
2015-01-12,-1.7355889832548073
2015-01-13,-1.7161682544815942
2015-01-14,-1.6149673011223786
2015-01-15,-1.5297568360578626
2015-01-16,-1.696773395681661
2015-01-20,-1.7430421878082423
2015-01-21,-1.6158143508241936
2015-01-22,-1.5379351644155077
2015-01-23,-1.7292781565918167
2015-01-26,-1.614759112584728
2015-01-27,-1.510493248908118
2015-01-28,-1.738805498980912
2015-01-29,-1.7426271369284398
2015-01-30,-1.6923400145584444
2015-02-02,-1.7152866182054494
2015-02-03,-1.7017383439168616
2015-02-04,-1.7175431382304787
2015-02-05,-1.636615893737841
2015-02-06,-1.6586707433898067
2015-02-09,-1.5938297997160982
2015-02-10,-1.4761861598557386
2015-02-11,-1.6273892340356413
2015-02-12,-1.5152491072772465
2015-02-13,-1.591289688670496
2015-02-17,-1.5184681202003263
2015-02-18,-1.3784124363474188
2015-02-19,-1.2281091350058628
2015-02-20,-1.1190342673554432
2015-02-23,-1.1102917403374866
2015-02-24,-1.02851255506462
2015-02-25,-0.9752749839130617
2015-02-26,-0.9413157394490788
2015-02-27,-0.9253087891222835
2015-03-02,-0.9404886166277858
2015-03-03,-0.9957323860139562
2015-03-04,-1.0062186537796345
2015-03-05,-0.9394436079614947
2015-03-06,-0.9011948164908661
2015-03-09,-1.3441453725280634
2015-03-10,-1.2559842592948254
2015-03-11,-1.5492957212630472
2015-03-12,-1.440555546439985
2015-03-13,-1.4879972462361468
2015-03-16,-1.442948446962149
2015-03-17,-1.5334773892909448
2015-03-18,-1.4337034518474243
2015-03-19,-1.4875326999930196
2015-03-20,-1.4039497535585836
2015-03-23,-1.3805643479566285
2015-03-24,-1.331768438608109
2015-03-25,-1.3057677438268043
2015-03-26,-1.676745229260139
2015-03-27,-1.5674840236433885
2015-03-30,-1.4854802972986383
2015-03-31,-1.5882981394039997
2015-04-01,-1.6136157409367713
2015-04-02,-1.5442637593639668
2015-04-06,-1.4356086964594068
2015-04-07,-1.370173584508879
2015-04-08,-1.2883589198566883
2015-04-09,-1.227450905066322
2015-04-10,-1.0844706742332517
2015-04-13,-1.031932501215215
2015-04-14,-1.0098456079759228
2015-04-15,-0.9474448695073577
2015-04-16,-0.9489135933464466
2015-04-17,-0.9109368760481121
2015-04-20,-1.3863339437133084
2015-04-21,-1.5056231372854414
2015-04-22,-1.3767201403733984
2015-04-23,-1.2035169066693938
2015-04-24,-1.1044392118134305
2015-04-27,-1.0648591223199688
2015-04-28,-1.0695869239484341
2015-04-29,-1.0077528771066038
2015-04-30,-1.0272532168563102
2015-05-01,-1.321384929267253
2015-05-04,-1.543266602706319
2015-05-05,-1.354925161467973
2015-05-06,-1.6098452151203495
2015-05-07,-1.566581787801772
2015-05-08,-1.473978881009645
2015-05-11,-1.5555003918150567
2015-05-12,-1.532107368666562
2015-05-13,-1.4343809543266446
2015-05-14,-1.2832249252077808
2015-05-15,-1.458000448424075
2015-05-18,-1.3587638077631141
2015-05-19,-1.2649257311880726
2015-05-20,-1.1399922306476427
2015-05-21,-1.0450177854651455
2015-05-22,-0.9971904470038695
2015-05-26,-0.9595491210868589
2015-05-27,-1.1930833519407997
2015-05-28,-1.4292552461023273
2015-05-29,-1.2815308139245343
2015-06-01,-1.2163359591242775
2015-06-02,-1.104257806826622
2015-06-03,-1.0309325780738618
2015-06-04,-0.9946275948332955
2015-06-05,-1.1138398957035263
2015-06-08,-1.031676026374723
2015-06-09,-1.1128317525624676
2015-06-10,-1.0630933116058376
2015-06-11,-1.2373233259971548
2015-06-12,-1.139044100660089
2015-06-15,-1.186570333656295
2015-06-16,-1.1429061405971392
2015-06-17,-1.0959052085663972
2015-06-18,-1.036642507852986
2015-06-19,-1.1996611299293423
2015-06-22,-1.1588092896574105
2015-06-23,-1.1427914237891281
2015-06-24,-1.0606180036386639
2015-06-25,-1.1309703448281165
2015-06-26,-1.0675675881308764
2015-06-29,-1.0525827807979529
2015-06-30,-1.7063063224698916
2015-07-01,-1.6036424270132912
2015-07-02,-1.5491932470228786
2015-07-06,-1.435928563663195
2015-07-07,-1.3410528433523774
2015-07-08,-1.2515289835791925
2015-07-09,-1.6284183281241857
2015-07-10,-1.503770211445164
2015-07-13,-1.6404215903705228
2015-07-14,-1.6861014233278289
2015-07-15,-1.6180774136018106
2015-07-16,-1.5152898598259301
2015-07-17,-1.5501906848506324
2015-07-20,-1.5010595256376293
2015-07-21,-1.35761701276962
2015-07-22,-1.266077218366948
2015-07-23,-1.2363598991874227
2015-07-24,-1.2209703396067324
2015-07-27,-1.4504021374711076
2015-07-28,-1.4594922537846506
2015-07-29,-1.5737531012590635
2015-07-30,-1.5175518660515266
2015-07-31,-1.3592298777566947
2015-08-03,-1.2519072599969687
2015-08-04,-1.166699147610113
2015-08-05,-1.114170304888115
2015-08-06,-1.06643186883319
2015-08-07,-1.2659180299740478
2015-08-10,-1.187427028849713
2015-08-11,-1.434261393961163
2015-08-12,-1.560343754805793
2015-08-13,-1.4248087505861653
2015-08-14,-1.2867260939862113
2015-08-17,-1.1974795658238508
2015-08-18,-1.1955213198299373
2015-08-19,-1.1630189302209963
2015-08-20,-1.240884692075443
2015-08-21,-1.8248945161196475
2015-08-24,-2.3378434939846042
2015-08-25,-2.901167651614456
2015-08-26,-2.741826286289874
2015-08-27,-3.164429997767066
2015-08-28,-3.1640962109479953
2015-08-31,-2.9237003577984844
2015-09-01,-2.7610343503477597
2015-09-02,-3.0482798991264155
2015-09-03,-3.0354489647594676
2015-09-04,-2.830777889829736
2015-09-08,-2.701966111716357
2015-09-09,-2.9283538272420846
2015-09-10,-2.8241119679915596
2015-09-11,-2.6525020569045186
2015-09-14,-2.4144652557511193
2015-09-15,-2.1931038425862606
2015-09-16,-2.186969025545954
2015-09-17,-2.055654910000744
2015-09-18,-1.8688003584777877
2015-09-21,-2.0541614481086308
2015-09-22,-1.8975784356631598
2015-09-23,-2.0115206049421244
2015-09-24,-1.8583711762087818
2015-09-25,-1.7434013783782412
2015-09-28,-1.6948590573020637
2015-09-29,-2.377615040097945
2015-09-30,-2.195122879245273
2015-10-01,-2.407402913096515
2015-10-02,-2.1928068906839706
2015-10-05,-2.2619956280342253
2015-10-06,-2.350798741337675
2015-10-07,-2.184836270961043
2015-10-08,-2.0694277310345774
2015-10-09,-1.953906688102852
2015-10-12,-1.8195545492484178
