,Copula-GARCH gaussian
2013-10-17,-1.5740281763761492
2013-10-18,-1.5169114848423404
2013-10-21,-1.509195610025884
2013-10-22,-1.43250080022614
2013-10-23,-1.3749670169273418
2013-10-24,-1.345975824985685
2013-10-25,-1.2937638023871656
2013-10-28,-1.2452507071830048
2013-10-29,-1.1917799042752153
2013-10-30,-1.1561700263262802
2013-10-31,-1.1537401512704863
2013-11-01,-1.1290238860908266
2013-11-04,-1.086712885830011
2013-11-05,-1.0545005584347615
2013-11-06,-1.025907812680254
2013-11-07,-1.0039810895842256
2013-11-08,-1.305786788297465
2013-11-11,-1.4229905529326654
2013-11-12,-1.352396388745666
2013-11-13,-1.2949376310080507
2013-11-14,-1.3115072651719786
2013-11-15,-1.2604192997448478
2013-11-18,-1.2130567215535086
2013-11-19,-1.2254800164766522
2013-11-20,-1.1923712603547836
2013-11-21,-1.1629706757168197
2013-11-22,-1.2048862508696045
2013-11-25,-1.1737611102023437
2013-11-26,-1.1311275128709997
2013-11-27,-1.0975015300624307
2013-11-29,-1.0737945437858079
2013-12-02,-1.0408122079161246
2013-12-03,-1.0308472490153033
2013-12-04,-1.013619631107962
2013-12-05,-0.9843126725203182
2013-12-06,-0.9789482174035458
2013-12-09,-1.0469704360167513
2013-12-10,-1.0086191569197736
2013-12-11,-0.9921404893573537
2013-12-12,-1.188342991895337
2013-12-13,-1.153767089017927
2013-12-16,-1.106504980131507
2013-12-17,-1.1020898803495403
2013-12-18,-1.0733763214967103
2013-12-19,-1.2396767847010883
2013-12-20,-1.1923627718593917
2013-12-23,-1.2033276613287944
2013-12-24,-1.205992964601876
2013-12-26,-1.153596782427585
2013-12-27,-1.1153809561395724
2013-12-30,-1.0802731720481251
2013-12-31,-1.0401506502726026
2014-01-02,-1.0180492360896498
2014-01-03,-1.0996874587255558
2014-01-06,-1.064673408959697
2014-01-07,-1.0492428689634365
2014-01-08,-1.0677287940442266
2014-01-09,-1.0287951130309567
2014-01-10,-0.9979072602231509
2014-01-13,-0.9706851561589094
2014-01-14,-1.2122174933781968
2014-01-15,-1.3286659584049603
2014-01-16,-1.292354427770267
2014-01-17,-1.2333377206518952
2014-01-21,-1.2096646812417728
2014-01-22,-1.1713004979794568
2014-01-23,-1.1248327602221104
2014-01-24,-1.1692300388383312
2014-01-27,-1.6191327516107406
2014-01-28,-1.6027382326043316
2014-01-29,-1.5229180965254283
2014-01-30,-1.5627919659850704
2014-01-31,-1.6320640775164585
2014-02-03,-1.5745958812336314
2014-02-04,-2.0139553182767242
2014-02-05,-1.9171701478879501
2014-02-06,-1.8105566089821221
2014-02-07,-1.7938154964174515
2014-02-10,-1.8367414348846263
2014-02-11,-1.7269192444011174
2014-02-12,-1.701738582684654
2014-02-13,-1.5989726716355772
2014-02-14,-1.543576894776674
2014-02-18,-1.4638533386355637
2014-02-19,-1.3946968326585576
2014-02-20,-1.3894875005437561
2014-02-21,-1.34467380589146
2014-02-24,-1.282179008388362
2014-02-25,-1.2519843705401161
2014-02-26,-1.197468238349842
2014-02-27,-1.14365731359746
2014-02-28,-1.1187083122778512
2014-03-03,-1.079904211782928
2014-03-04,-1.1262611462438394
2014-03-05,-1.3430872570798453
2014-03-06,-1.2720603636374297
2014-03-07,-1.2109791859935228
2014-03-10,-1.1631368467714194
2014-03-11,-1.1128513214111042
2014-03-12,-1.1234871767320371
2014-03-13,-1.0797754099903378
2014-03-14,-1.280139993186559
2014-03-17,-1.23550284234118
2014-03-18,-1.251252461883249
2014-03-19,-1.2772897495358841
2014-03-20,-1.2692224588099814
2014-03-21,-1.2246458698003027
2014-03-24,-1.2365054417103167
2014-03-25,-1.2769013815264851
2014-03-26,-1.2224162515858745
2014-03-27,-1.3156675163030251
2014-03-28,-1.2720900749108186
2014-03-31,-1.2202233402805216
2014-04-01,-1.2385660041101363
2014-04-02,-1.3082324224932695
2014-04-03,-1.2461053741584187
2014-04-04,-1.2349510890758737
2014-04-07,-1.5942751766126901
2014-04-08,-1.6455570217856008
2014-04-09,-1.5665518854516065
2014-04-10,-1.628509286010902
2014-04-11,-2.132244496090213
2014-04-14,-2.0930662314260196
2014-04-15,-1.9781743506614746
2014-04-16,-1.8614782373055512
2014-04-17,-1.8318431651585605
2014-04-21,-1.7124970047875043
2014-04-22,-1.6208504405743909
2014-04-23,-1.5560223279952459
2014-04-24,-1.5029200216995808
2014-04-25,-1.4234049978246803
2014-04-28,-1.5334827348612041
2014-04-29,-1.4484402860985215
2014-04-30,-1.392507313222048
2014-05-01,-1.320229166175414
2014-05-02,-1.25271131311914
2014-05-05,-1.1947061842158084
2014-05-06,-1.1442314734094945
2014-05-07,-1.2793432961576168
2014-05-08,-1.24136165851852
2014-05-09,-1.1968857367315318
2014-05-12,-1.1488060214850495
2014-05-13,-1.2827902317336821
2014-05-14,-1.2298396693698237
2014-05-15,-1.2259808281875495
2014-05-16,-1.2808202333003693
2014-05-19,-1.2308992812990878
2014-05-20,-1.2062929795889243
2014-05-21,-1.2201967211489984
2014-05-22,-1.226456346118476
2014-05-23,-1.1813032567514772
2014-05-27,-1.156971017391581
2014-05-28,-1.186512524982409
2014-05-29,-1.1417900164199128
2014-05-30,-1.1165208474105048
2014-06-02,-1.0752557232287037
2014-06-03,-1.0340769376558998
2014-06-04,-0.9976140324882189
2014-06-05,-0.9668909295634659
2014-06-06,-1.0152590207096734
2014-06-09,-1.0053377104355494
2014-06-10,-0.9718343401256895
2014-06-11,-0.9391281043157966
2014-06-12,-0.9330588146870653
2014-06-13,-1.0125468864449523
2014-06-16,-0.9804989550267815
2014-06-17,-0.9471482068418106
2014-06-18,-0.922316846786473
2014-06-19,-0.9506818938333821
2014-06-20,-0.9216549284068306
2014-06-23,-0.892878644447217
2014-06-24,-0.8680117344292579
2014-06-25,-0.91422183966956
2014-06-26,-0.9228618901871088
2014-06-27,-0.8985843613900799
2014-06-30,-0.8795086377702043
2014-07-01,-0.8562648362655286
2014-07-02,-0.9405079159935305
2014-07-03,-0.9082219882237227
2014-07-07,-0.9162296829734575
2014-07-08,-0.9583933546365259
2014-07-09,-1.105302697075593
2014-07-10,-1.0841615418742834
2014-07-11,-1.077318845854016
2014-07-14,-1.0354286832603798
2014-07-15,-1.017830115891725
2014-07-16,-1.008117804432677
2014-07-17,-0.9786265699829247
2014-07-18,-1.2002709968380738
2014-07-21,-1.3055781754310787
2014-07-22,-1.2445329411158979
2014-07-23,-1.2096189909439705
2014-07-24,-1.154144355943037
2014-07-25,-1.1003979610198473
2014-07-28,-1.0967394864694444
2014-07-29,-1.0517427977163005
2014-07-30,-1.0318646106666225
2014-07-31,-0.9968583199815237
2014-08-01,-1.4893972648207732
2014-08-04,-1.4178420788221937
2014-08-05,-1.3768073038087962
2014-08-06,-1.3934684625479081
2014-08-07,-1.3173204520842698
2014-08-08,-1.2882356942199147
2014-08-11,-1.3093019797713101
2014-08-12,-1.261332518229406
2014-08-13,-1.2091991952240475
2014-08-14,-1.2151952914322093
2014-08-15,-1.1695342381943739
2014-08-18,-1.119091714882565
2014-08-19,-1.1475875520613819
2014-08-20,-1.1152665680498235
2014-08-21,-1.070107300301797
2014-08-22,-1.0298699614043867
2014-08-25,-0.9950712513241154
2014-08-26,-0.9744964660521462
2014-08-27,-0.9392539562615139
2014-08-28,-0.9107616314554229
2014-08-29,-0.8966388281389753
2014-09-02,-0.8844043672630224
2014-09-03,-0.8664469452259571
2014-09-04,-0.87665116353959
2014-09-05,-0.8646161128471914
2014-09-08,-0.8658906311206528
2014-09-09,-0.8564900067458786
2014-09-10,-0.9500306248244873
2014-09-11,-0.9514775806906358
2014-09-12,-0.9190050961693762
2014-09-15,-0.9562628869967853
2014-09-16,-1.009452283558207
2014-09-17,-1.0326017759064126
2014-09-18,-0.9923052552029092
2014-09-19,-0.9899976591459032
2014-09-22,-0.963771277071055
2014-09-23,-1.0839536159420653
2014-09-24,-1.0851412159407603
2014-09-25,-1.1228584961220784
2014-09-26,-1.464921103418112
2014-09-29,-1.4488541715673073
2014-09-30,-1.372035558011599
2014-10-01,-1.3100018863460015
2014-10-02,-1.481719869616132
2014-10-03,-1.3963093049694941
2014-10-06,-1.4174024197226693
2014-10-07,-1.3568589171390013
2014-10-08,-1.5374122239834727
2014-10-09,-1.7041539096089413
2014-10-10,-1.9610665348942151
2014-10-13,-2.0870412294700365
2014-10-14,-2.1387614007132667
2014-10-15,-1.9962888172650097
2014-10-16,-1.904943215216212
2014-10-17,-1.7856561336053738
2014-10-20,-1.7680861694584837
2014-10-21,-1.7463252801137246
2014-10-22,-1.9532097738644951
2014-10-23,-1.88375720859235
2014-10-24,-1.8912455645961737
2014-10-27,-1.8038592070513968
2014-10-28,-1.6990887096783711
2014-10-29,-1.7439508629723492
2014-10-30,-1.6501850190788878
2014-10-31,-1.5731787914103448
2014-11-03,-1.6017215787085979
2014-11-04,-1.5122757677937848
2014-11-05,-1.4443733188060588
2014-11-06,-1.3795011646479003
2014-11-07,-1.3180855742101645
2014-11-10,-1.2533555293595355
2014-11-11,-1.2026400053893642
2014-11-12,-1.1442531842558092
2014-11-13,-1.0955596772123444
2014-11-14,-1.0462666765129
2014-11-17,-1.0034826653110225
2014-11-18,-0.9746410800198253
2014-11-19,-0.9729607894859607
2014-11-20,-0.9672088464081001
2014-11-21,-0.9446887204679465
2014-11-24,-0.9311770427393802
2014-11-25,-0.9404599932013896
2014-11-26,-0.9121997538569514
2014-11-28,-0.902537096448287
2014-12-01,-0.8863366398369071
2014-12-02,-1.0398012972603188
2014-12-03,-1.037561666524489
2014-12-04,-1.0080364601767409
2014-12-05,-0.9753670468893022
2014-12-08,-0.9405105007635086
2014-12-09,-1.0195006184096105
2014-12-10,-0.9907604374591064
2014-12-11,-1.3441877335727912
2014-12-12,-1.2873896201400377
2014-12-15,-1.4681055524745237
2014-12-16,-1.4640436256786513
2014-12-17,-1.5069233355176828
2014-12-18,-1.7729824894316248
2014-12-19,-2.057183425868981
2014-12-22,-1.9080583611014221
2014-12-23,-1.7733731030335242
2014-12-24,-1.6547218015972773
2014-12-26,-1.5409099762746092
2014-12-29,-1.4581553790391315
2014-12-30,-1.361850510845227
2014-12-31,-1.321418561554871
2015-01-02,-1.3742032199582548
2015-01-05,-1.2938815745869054
2015-01-06,-1.5733176673401574
2015-01-07,-1.6040450504052184
2015-01-08,-1.6144780549413007
2015-01-09,-1.7791514872260425
2015-01-12,-1.7158722777113558
2015-01-13,-1.6702086023211538
2015-01-14,-1.556838935277552
2015-01-15,-1.4900583253143007
2015-01-16,-1.5637983696045221
2015-01-20,-1.6187541052028243
2015-01-21,-1.508389099957539
2015-01-22,-1.414258992009173
2015-01-23,-1.579215209599528
2015-01-26,-1.4898223234844334
2015-01-27,-1.3916545615786684
2015-01-28,-1.618566862567572
2015-01-29,-1.6677856797949002
2015-01-30,-1.621222484130587
2015-02-02,-1.668282559716695
2015-02-03,-1.6528178852070285
2015-02-04,-1.6738150787860346
2015-02-05,-1.5677038233432727
2015-02-06,-1.5462890411137786
2015-02-09,-1.4597448330263745
2015-02-10,-1.3857054065347247
2015-02-11,-1.4285526109954667
2015-02-12,-1.3299467230308286
2015-02-13,-1.3569264667551308
2015-02-17,-1.2943860541303813
2015-02-18,-1.2098080278102616
2015-02-19,-1.1367702782743487
2015-02-20,-1.0798169273625895
2015-02-23,-1.068289208118704
2015-02-24,-1.0137616705542738
2015-02-25,-0.9687254707165549
2015-02-26,-0.9312554972667559
2015-02-27,-0.9083385304322373
2015-03-02,-0.9198747688079671
2015-03-03,-0.9618915210731294
2015-03-04,-0.9861003109113619
2015-03-05,-0.9820618297946787
2015-03-06,-0.9423623472879908
2015-03-09,-1.2163336598484276
2015-03-10,-1.1502720620001683
2015-03-11,-1.5077702955854513
2015-03-12,-1.3997420661736217
2015-03-13,-1.4277607341503313
2015-03-16,-1.3714717574570638
2015-03-17,-1.4478922258719573
2015-03-18,-1.350792426700994
2015-03-19,-1.384258108546948
2015-03-20,-1.3067663289581268
2015-03-23,-1.2858053393462394
2015-03-24,-1.2136680917734877
2015-03-25,-1.1869472719206822
2015-03-26,-1.6168736014944516
2015-03-27,-1.5017344442823282
2015-03-30,-1.4013050834547718
2015-03-31,-1.4543411687668122
2015-04-01,-1.4724084610609909
2015-04-02,-1.3924963233483079
2015-04-06,-1.2995263009250373
2015-04-07,-1.2560590152789954
2015-04-08,-1.1849461744354217
2015-04-09,-1.1473715060432654
2015-04-10,-1.103089907610337
2015-04-13,-1.071803086239982
2015-04-14,-1.0502777742920466
2015-04-15,-1.0054252153030263
2015-04-16,-1.0042674322296923
2015-04-17,-0.9629657692248283
2015-04-20,-1.2397101740083787
2015-04-21,-1.2995775655972002
2015-04-22,-1.2211240342487937
2015-04-23,-1.1691242001183852
2015-04-24,-1.1090292671859443
2015-04-27,-1.0705955578511477
2015-04-28,-1.0769498249831078
2015-04-29,-1.0288919157730814
2015-04-30,-1.0391597786340663
2015-05-01,-1.2855606515300153
2015-05-04,-1.364814894461423
2015-05-05,-1.2735486328862433
2015-05-06,-1.4633419778291823
2015-05-07,-1.388035402286954
2015-05-08,-1.3070781323287617
2015-05-11,-1.4107190150134323
2015-05-12,-1.3400610564803364
2015-05-13,-1.2710967602621284
2015-05-14,-1.188229639392412
2015-05-15,-1.297962820046904
2015-05-18,-1.2112829473300928
2015-05-19,-1.155535325841802
2015-05-20,-1.0938185368147344
2015-05-21,-1.0391489646140082
2015-05-22,-0.9951070729680381
2015-05-26,-0.9623656534244176
2015-05-27,-1.1490496205743361
2015-05-28,-1.2546811918150647
2015-05-29,-1.1809748062135819
2015-06-01,-1.1825982104507928
2015-06-02,-1.1130935227190943
2015-06-03,-1.0601946703057739
2015-06-04,-1.0169784392458947
2015-06-05,-1.1110927495654603
2015-06-08,-1.0546857795145745
2015-06-09,-1.1161369578619678
2015-06-10,-1.060319626521153
2015-06-11,-1.2039459738504292
2015-06-12,-1.1340847213179757
2015-06-15,-1.1568056512317444
2015-06-16,-1.1338787079053398
2015-06-17,-1.1062876680696816
2015-06-18,-1.0522177767485876
2015-06-19,-1.172286753620022
2015-06-22,-1.1487506197149193
2015-06-23,-1.1337968063928643
2015-06-24,-1.0744215825795789
2015-06-25,-1.125562043578818
2015-06-26,-1.0845447223822897
2015-06-29,-1.064110125761727
2015-06-30,-1.6797343531060094
2015-07-01,-1.561370835620297
2015-07-02,-1.482452665528836
2015-07-06,-1.3809177020561585
2015-07-07,-1.3158090772199178
2015-07-08,-1.2574203412191536
2015-07-09,-1.5629181686009608
2015-07-10,-1.4547449477249785
2015-07-13,-1.5401355892002628
2015-07-14,-1.5847084121962374
2015-07-15,-1.4928595777169844
2015-07-16,-1.3925263432949164
2015-07-17,-1.404627579222145
2015-07-20,-1.3439851680416055
2015-07-21,-1.2619403954238206
2015-07-22,-1.2145010992009377
2015-07-23,-1.187786752703447
2015-07-24,-1.1786235236755607
2015-07-27,-1.3012659611342423
2015-07-28,-1.3085079192862683
2015-07-29,-1.372001351016982
2015-07-30,-1.3226821676993348
2015-07-31,-1.242269189712228
2015-08-03,-1.176366117577834
2015-08-04,-1.127361734319171
2015-08-05,-1.0800278648384567
2015-08-06,-1.054763942424365
2015-08-07,-1.2429810778856267
2015-08-10,-1.1874899775305383
2015-08-11,-1.3090003198190137
2015-08-12,-1.4001010062783468
2015-08-13,-1.3058879647399235
2015-08-14,-1.232199765651555
2015-08-17,-1.1724503599275955
2015-08-18,-1.1591991832012076
2015-08-19,-1.135189532458127
2015-08-20,-1.1918594250322807
2015-08-21,-1.8443422599208183
2015-08-24,-2.7151152985554656
2015-08-25,-3.5580018080660194
2015-08-26,-3.2625011558901518
2015-08-27,-3.8501476550651574
2015-08-28,-3.7419164852467235
2015-08-31,-3.335163235607142
2015-09-01,-3.0489501644891694
2015-09-02,-3.3593200056402894
2015-09-03,-3.2648281405562174
2015-09-04,-2.921814087014171
2015-09-08,-2.7739467710676875
2015-09-09,-2.952863296641804
2015-09-10,-2.78455608942962
2015-09-11,-2.5209581860353256
2015-09-14,-2.270473010364904
2015-09-15,-2.0607672626610647
2015-09-16,-1.995050033335067
2015-09-17,-1.8473007456560204
2015-09-18,-1.6768791956404379
2015-09-21,-1.8458587507749615
2015-09-22,-1.6825268845781847
2015-09-23,-1.7788259425269761
2015-09-24,-1.628514692554693
2015-09-25,-1.5085966878412465
2015-09-28,-1.4491274278478483
2015-09-29,-2.243686586797817
2015-09-30,-2.0513384791503464
2015-10-01,-2.2305860462869798
2015-10-02,-2.025907518629686
2015-10-05,-2.06039003417471
2015-10-06,-2.1307333767359036
2015-10-07,-1.9695549680578017
2015-10-08,-1.854774490871628
2015-10-09,-1.7408272480404525
2015-10-12,-1.5974168629563883
