,RiskMetrics
2013-10-17,-1.9108400666793213
2013-10-18,-1.8707109624979392
2013-10-21,-1.8565291400927484
2013-10-22,-1.8002477789252807
2013-10-23,-1.7531038691477734
2013-10-24,-1.7127541072922665
2013-10-25,-1.6700981475592807
2013-10-28,-1.6273080636444286
2013-10-29,-1.5777670676304065
2013-10-30,-1.5396243943826522
2013-10-31,-1.5073481868325798
2013-11-01,-1.4675121477084956
2013-11-04,-1.4245453125420589
2013-11-05,-1.388885219888481
2013-11-06,-1.34716434237208
2013-11-07,-1.306908262117383
2013-11-08,-1.4256089549414306
2013-11-11,-1.502606770872094
2013-11-12,-1.4569356636428357
2013-11-13,-1.4133379432891389
2013-11-14,-1.4262792334651744
2013-11-15,-1.3892632650603804
2013-11-18,-1.3554733517155615
2013-11-19,-1.3400426537196364
2013-11-20,-1.3057842817030307
2013-11-21,-1.2722711562315057
2013-11-22,-1.2991214125414867
2013-11-25,-1.2775160940441852
2013-11-26,-1.2386443198878534
2013-11-27,-1.2068490851896327
2013-11-29,-1.1846070143284129
2013-12-02,-1.1500557229359114
2013-12-03,-1.1222948923003073
2013-12-04,-1.0931215683579454
2013-12-05,-1.060054941589979
2013-12-06,-1.0338160370255014
2013-12-09,-1.068848114633187
2013-12-10,-1.0384789772386682
2013-12-11,-1.0123128927652696
2013-12-12,-1.1072100065518775
2013-12-13,-1.0784427563640206
2013-12-16,-1.0456464027470993
2013-12-17,-1.049158219897308
2013-12-18,-1.021329314921058
2013-12-19,-1.1393232478339037
2013-12-20,-1.1068797799392585
2013-12-23,-1.1218315319122543
2013-12-24,-1.134438463579478
2013-12-26,-1.1035783849042264
2013-12-27,-1.0807448213514983
2013-12-30,-1.049427386807387
2013-12-31,-1.0175710787911976
2014-01-02,-1.0043049890395106
2014-01-03,-1.0319097412113714
2014-01-06,-1.0023342326491322
2014-01-07,-0.981794850853852
2014-01-08,-1.0025457248857426
2014-01-09,-0.973611685311405
2014-01-10,-0.9447400930069246
2014-01-13,-0.9259701793627205
2014-01-14,-1.05457104888107
2014-01-15,-1.1635366988489781
2014-01-16,-1.1569197658814072
2014-01-17,-1.1217110688607603
2014-01-21,-1.102282438511691
2014-01-22,-1.085564185862646
2014-01-23,-1.0566472278504648
2014-01-24,-1.0660106936940326
2014-01-27,-1.3463739564035344
2014-01-28,-1.3433226825846778
2014-01-29,-1.3167681296572384
2014-01-30,-1.3493015900814376
2014-01-31,-1.4306454030337876
2014-02-03,-1.4051834200600102
2014-02-04,-1.6882746048159438
2014-02-05,-1.6691445978172255
2014-02-06,-1.624421244675646
2014-02-07,-1.6454719954595438
2014-02-10,-1.7060900474858878
2014-02-11,-1.6600489015490205
2014-02-12,-1.6656186676879727
2014-02-13,-1.6154693851679414
2014-02-14,-1.5956097977196682
2014-02-18,-1.5510905592808888
2014-02-19,-1.5122601120292964
2014-02-20,-1.4959206162122753
2014-02-21,-1.4737088473462265
2014-02-24,-1.4300002618778174
2014-02-25,-1.4112429599711624
2014-02-26,-1.3692550379938229
2014-02-27,-1.327714962746687
2014-02-28,-1.3068106741105674
2014-03-03,-1.2670118697079757
2014-03-04,-1.2630662005758482
2014-03-05,-1.3882350065769125
2014-03-06,-1.3462081832781714
2014-03-07,-1.305219224550595
2014-03-10,-1.2670212950867437
2014-03-11,-1.2285482128142797
2014-03-12,-1.2130751299689349
2014-03-13,-1.178940054634963
2014-03-14,-1.2609366229987156
2014-03-17,-1.2292136445123008
2014-03-18,-1.2438105049705737
2014-03-19,-1.2688146483207208
2014-03-20,-1.2540844042411314
2014-03-21,-1.2285401952840447
2014-03-24,-1.2188136764826587
2014-03-25,-1.2288126251965423
2014-03-26,-1.1980274932888961
2014-03-27,-1.2393874393946476
2014-03-28,-1.2105263737601613
2014-03-31,-1.1792922496035656
2014-04-01,-1.2009706254566432
2014-04-02,-1.25562403662769
2014-04-03,-1.2212391524911166
2014-04-04,-1.2018105368108025
2014-04-07,-1.4044212054062966
2014-04-08,-1.4350996873666322
2014-04-09,-1.411738874471937
2014-04-10,-1.4800405998117283
2014-04-11,-1.7840179406874173
2014-04-14,-1.79084393568184
2014-04-15,-1.7587472751011963
2014-04-16,-1.7160595939379713
2014-04-17,-1.7284987459341545
2014-04-21,-1.677439825178247
2014-04-22,-1.6390254120846912
2014-04-23,-1.6129533879848637
2014-04-24,-1.578160502896535
2014-04-25,-1.5363482307563205
2014-04-28,-1.5778141056954436
2014-04-29,-1.5308984123455203
2014-04-30,-1.5034192041799002
2014-05-01,-1.4620867316322648
2014-05-02,-1.4188202621179336
2014-05-05,-1.3763174803937417
2014-05-06,-1.3386496447020928
2014-05-07,-1.377912451758634
2014-05-08,-1.336801453617917
2014-05-09,-1.3005634561759727
2014-05-12,-1.2677937849254668
2014-05-13,-1.3453791186978636
2014-05-14,-1.3056898125456442
2014-05-15,-1.2883749618288272
2014-05-16,-1.295638368200981
2014-05-19,-1.269071943046667
2014-05-20,-1.2555548310303315
2014-05-21,-1.247552139446121
2014-05-22,-1.2544173694155103
2014-05-23,-1.226474138163339
2014-05-27,-1.2125838040381685
2014-05-28,-1.2311397240965793
2014-05-29,-1.196281602436548
2014-05-30,-1.1798867878364765
2014-06-02,-1.1440036878816526
2014-06-03,-1.1092082177842488
2014-06-04,-1.0756522083921094
2014-06-05,-1.0499312498252424
2014-06-06,-1.073607917982999
2014-06-09,-1.0620106756271628
2014-06-10,-1.033408308626889
2014-06-11,-1.0019316956867041
2014-06-12,-0.9765003509601725
2014-06-13,-0.9941974977853649
2014-06-16,-0.9718517278254589
2014-06-17,-0.9445278994295621
2014-06-18,-0.9234247188632415
2014-06-19,-0.9361379436547747
2014-06-20,-0.9076691897860981
2014-06-23,-0.8832108674930816
2014-06-24,-0.8563047533273346
2014-06-25,-0.8575462413752328
2014-06-26,-0.8637643769543183
2014-06-27,-0.8378866979191472
2014-06-30,-0.8219415733034288
2014-07-01,-0.7978751342532946
2014-07-02,-0.8546797988359145
2014-07-03,-0.8286928927172664
2014-07-07,-0.8377089308214696
2014-07-08,-0.8453021904572605
2014-07-09,-0.9191758299994456
2014-07-10,-0.9177890652235952
2014-07-11,-0.909418579620698
2014-07-14,-0.8895500697540207
2014-07-15,-0.8878291187403624
2014-07-16,-0.8734594491691191
2014-07-17,-0.8564851650835643
2014-07-18,-0.9831924342516856
2014-07-21,-1.0860588876752366
2014-07-22,-1.056059966331059
2014-07-23,-1.0523041092475744
2014-07-24,-1.0267170246504915
2014-07-25,-0.9954426660890983
2014-07-28,-0.9855740045873721
2014-07-29,-0.9556712794570147
2014-07-30,-0.932093891527817
2014-07-31,-0.9084318845820816
2014-08-01,-1.2114584218661844
2014-08-04,-1.1824929891127212
2014-08-05,-1.182193175584137
2014-08-06,-1.1953340066675917
2014-08-07,-1.1589672481477813
2014-08-08,-1.1422701307041367
2014-08-11,-1.1765657109740328
2014-08-12,-1.1573167043247274
2014-08-13,-1.1255342885149386
2014-08-14,-1.1428688457062672
2014-08-15,-1.1214620576445564
2014-08-18,-1.0885724294893437
2014-08-19,-1.1170456710779944
2014-08-20,-1.0988888143023636
2014-08-21,-1.0663736546061167
2014-08-22,-1.037321617355669
2014-08-25,-1.0057867415211768
2014-08-26,-0.9915290534659372
2014-08-27,-0.9646315749246183
2014-08-28,-0.935251520171786
2014-08-29,-0.9108945415598928
2014-09-02,-0.8986649070167906
2014-09-03,-0.8739141396534047
2014-09-04,-0.8569505779125662
2014-09-05,-0.8343343546826713
2014-09-08,-0.8313897627978233
2014-09-09,-0.8063298190928102
2014-09-10,-0.8404429146194989
2014-09-11,-0.8451285294715855
2014-09-12,-0.8204066570204227
2014-09-15,-0.8271634709767288
2014-09-16,-0.8343649832409292
2014-09-17,-0.8629913749918806
2014-09-18,-0.8394411132237444
2014-09-19,-0.8473309711816203
2014-09-22,-0.8244547344523907
2014-09-23,-0.8905347500336166
2014-09-24,-0.8865888725193849
2014-09-25,-0.9334774157039977
2014-09-26,-1.1586788492069897
2014-09-29,-1.184611872494198
2014-09-30,-1.1512855803652904
2014-10-01,-1.121816327906038
2014-10-02,-1.2377928814200172
2014-10-03,-1.2006554969835084
2014-10-06,-1.2406716805294562
2014-10-07,-1.2094038172433494
2014-10-08,-1.3283869787742553
2014-10-09,-1.4795413587170554
2014-10-10,-1.6580982821922534
2014-10-13,-1.7563251353878735
2014-10-14,-1.8161484197040434
2014-10-15,-1.7634508311537438
2014-10-16,-1.7238763309654772
2014-10-17,-1.6714092193591938
2014-10-20,-1.6826256860086752
2014-10-21,-1.693399565429894
2014-10-22,-1.8569061093271075
2014-10-23,-1.8277302349535993
2014-10-24,-1.860026346226856
2014-10-27,-1.825130789749178
2014-10-28,-1.7696469109152742
2014-10-29,-1.8136800011113796
2014-10-30,-1.7609658549401421
2014-10-31,-1.7189780663437668
2014-11-03,-1.7452456329267714
2014-11-04,-1.6924024237657673
2014-11-05,-1.645486953740992
2014-11-06,-1.598602520654887
2014-11-07,-1.5574511487663971
2014-11-10,-1.5101216302053702
2014-11-11,-1.4713396337975462
2014-11-12,-1.4274901970396445
2014-11-13,-1.3848629911191306
2014-11-14,-1.3430606504175926
2014-11-17,-1.3027897923880358
2014-11-18,-1.2645590953757824
2014-11-19,-1.2489799471456386
2014-11-20,-1.2195935494158594
2014-11-21,-1.192167561414676
2014-11-24,-1.1658956950731911
2014-11-25,-1.1547522036032656
2014-11-26,-1.1196095815816378
2014-11-28,-1.100185499273194
2014-12-01,-1.0671845451126967
2014-12-02,-1.1129941127677045
2014-12-03,-1.1074716399930702
2014-12-04,-1.084804675458387
2014-12-05,-1.0527047444896538
2014-12-08,-1.023866006833661
2014-12-09,-1.0418419393643474
2014-12-10,-1.015490580310882
2014-12-11,-1.1986279746259925
2014-12-12,-1.178313765586522
2014-12-15,-1.274106557975656
2014-12-16,-1.2809566058432242
2014-12-17,-1.312351484188093
2014-12-18,-1.5184936793688837
2014-12-19,-1.7384889241193715
2014-12-22,-1.6934645022906674
2014-12-23,-1.6482045897414426
2014-12-24,-1.5983215520156817
2014-12-26,-1.5499442263915584
2014-12-29,-1.516914643158568
2014-12-30,-1.470808187901118
2014-12-31,-1.4432725133227897
2015-01-02,-1.4510599662074453
2015-01-05,-1.4076128999956823
2015-01-06,-1.529489417454635
2015-01-07,-1.5469952504767936
2015-01-08,-1.5762040131203934
2015-01-09,-1.6914965793219063
2015-01-12,-1.6684727527822463
2015-01-13,-1.6515597963021482
2015-01-14,-1.6026013166217807
2015-01-15,-1.5683833907747367
2015-01-16,-1.5966347082148187
2015-01-20,-1.6417426309849534
2015-01-21,-1.596244488480533
2015-01-22,-1.5548129866293579
2015-01-23,-1.6457174491668611
2015-01-26,-1.5975485306142811
2015-01-27,-1.5528073734775565
2015-01-28,-1.6423078555358892
2015-01-29,-1.6578994315400282
2015-01-30,-1.653439659622706
2015-02-02,-1.6710308447140625
2015-02-03,-1.6784956257437662
2015-02-04,-1.7046649694751226
2015-02-05,-1.6579173068127573
2015-02-06,-1.6593533328422532
2015-02-09,-1.6164144145170898
2015-02-10,-1.575727679998889
2015-02-11,-1.599844629785076
2015-02-12,-1.552128621535075
2015-02-13,-1.564731912183336
2015-02-17,-1.5346425295615445
2015-02-18,-1.4888888887700131
2015-02-19,-1.4437113626656017
2015-02-20,-1.4007620043080002
2015-02-23,-1.381008239643808
2015-02-24,-1.3390124851552547
2015-02-25,-1.3009687029910917
2015-02-26,-1.2614852256864828
2015-02-27,-1.2242567061826657
2015-03-02,-1.1974666174434236
2015-03-03,-1.1999001284154867
2015-03-04,-1.1813390037450977
2015-03-05,-1.1539099544422748
2015-03-06,-1.1221763706262085
2015-03-09,-1.2028588759360295
2015-03-10,-1.1746865391364028
2015-03-11,-1.3286942637924999
2015-03-12,-1.2906702549061986
2015-03-13,-1.323670697909542
2015-03-16,-1.3006711908614703
2015-03-17,-1.3596019217927604
2015-03-18,-1.318638429663769
2015-03-19,-1.3481589349483438
2015-03-20,-1.308457043416114
2015-03-23,-1.3077589502504887
2015-03-24,-1.2716407425178846
2015-03-25,-1.2473732102287483
2015-03-26,-1.4379854985802438
2015-03-27,-1.3979335332268537
2015-03-30,-1.3650814916944578
2015-03-31,-1.4062350671418693
2015-04-01,-1.4123067876820514
2015-04-02,-1.379200167835306
2015-04-06,-1.3408189040403624
2015-04-07,-1.3252383988115126
2015-04-08,-1.2868070622833359
2015-04-09,-1.266821748003157
2015-04-10,-1.2422282463180954
2015-04-13,-1.2194514243390309
2015-04-14,-1.1887552217423827
2015-04-15,-1.1525983782044402
2015-04-16,-1.14286339404801
2015-04-17,-1.1084182087633052
2015-04-20,-1.2014226581976157
2015-04-21,-1.2451741067934743
2015-04-22,-1.208220911785319
2015-04-23,-1.1861991132626695
2015-04-24,-1.157482318094154
2015-04-27,-1.1379154905785887
2015-04-28,-1.1230440478360153
2015-04-29,-1.0894422614137038
2015-04-30,-1.075495087253162
2015-05-01,-1.1731262356660221
2015-05-04,-1.233738837701445
2015-05-05,-1.2008018234023372
2015-05-06,-1.289279625803693
2015-05-07,-1.2615678706729059
2015-05-08,-1.236551879881285
2015-05-11,-1.3006008721346938
2015-05-12,-1.2690633611356572
2015-05-13,-1.2372245217350817
2015-05-14,-1.1996418432877027
2015-05-15,-1.2634766556690467
2015-05-18,-1.2249982401985906
2015-05-19,-1.2014325151767282
2015-05-20,-1.165754008981438
2015-05-21,-1.1303037132224407
2015-05-22,-1.1027030658175112
2015-05-26,-1.0703123846977425
2015-05-27,-1.1246295726354771
2015-05-28,-1.1902059596134682
2015-05-29,-1.155481970413404
2015-06-01,-1.1453757063948484
2015-06-02,-1.114340329649804
2015-06-03,-1.0813612664453067
2015-06-04,-1.0567656667404284
2015-06-05,-1.0775007510534487
2015-06-08,-1.044707947505341
2015-06-09,-1.061583667482481
2015-06-10,-1.0294944608303587
2015-06-11,-1.112796600543675
2015-06-12,-1.080458269882029
2015-06-15,-1.080856954185577
2015-06-16,-1.062904098808867
2015-06-17,-1.0530174069089584
2015-06-18,-1.023836712372025
2015-06-19,-1.0972056263161525
2015-06-22,-1.0772502194641664
2015-06-23,-1.0781288732186498
2015-06-24,-1.0459291883633781
2015-06-25,-1.0564743518171844
2015-06-26,-1.0291817811526094
2015-06-29,-1.0066651286364492
2015-06-30,-1.3375739147754737
2015-07-01,-1.307732029537924
2015-07-02,-1.2913491631659808
2015-07-06,-1.2522014292120243
2015-07-07,-1.2229841515524964
2015-07-08,-1.1944869190873588
2015-07-09,-1.3506177803725876
2015-07-10,-1.3130838309675557
2015-07-13,-1.3879529353571503
2015-07-14,-1.4415849040517001
2015-07-15,-1.4151378693892787
2015-07-16,-1.3725617218056896
2015-07-17,-1.3933725179222316
2015-07-20,-1.3663406746355502
2015-07-21,-1.3256304232854792
2015-07-22,-1.2915585673141106
2015-07-23,-1.2664334760764215
2015-07-24,-1.2463100709398527
2015-07-27,-1.2874161423254815
2015-07-28,-1.2863577538417958
2015-07-29,-1.3240517004932713
2015-07-30,-1.3052015248599824
2015-07-31,-1.2672469560453432
2015-08-03,-1.2295700655534052
2015-08-04,-1.1968470906610047
2015-08-05,-1.1634314980357898
2015-08-06,-1.1452154397497354
2015-08-07,-1.2123329408241827
2015-08-10,-1.1804860311241119
2015-08-11,-1.2441226656642657
2015-08-12,-1.2880607022656145
2015-08-13,-1.2498020076643337
2015-08-14,-1.2136911530702974
2015-08-17,-1.1847027194277893
2015-08-18,-1.181634443203076
2015-08-19,-1.159903786239768
2015-08-20,-1.1714527463901334
2015-08-21,-1.5172140900018103
2015-08-24,-2.012176505310091
2015-08-25,-2.5197765681476385
2015-08-26,-2.4697473769529457
2015-08-27,-2.884229275303166
2015-08-28,-2.9603403967477515
2015-08-31,-2.871202482205526
2015-09-01,-2.8105200824007768
2015-09-02,-2.9798033819780705
2015-09-03,-3.0126192770519267
2015-09-04,-2.9212138914025254
2015-09-08,-2.8801659578010974
2015-09-09,-2.980589361979785
2015-09-10,-2.9353575290085994
2015-09-11,-2.8590535460532958
2015-09-14,-2.7791233789707666
2015-09-15,-2.6987405321540203
2015-09-16,-2.6611140131169817
2015-09-17,-2.596663377023769
2015-09-18,-2.5177652588592316
2015-09-21,-2.514877204247137
2015-09-22,-2.440270774874878
2015-09-23,-2.4297673574437946
2015-09-24,-2.356465072216209
2015-09-25,-2.289300370743022
2015-09-28,-2.2299076391380717
2015-09-29,-2.446920925570757
2015-09-30,-2.374226704312478
2015-10-01,-2.4483728686636415
2015-10-02,-2.374813785008883
2015-10-05,-2.388336146143242
2015-10-06,-2.4125509358013475
2015-10-07,-2.348598821348883
2015-10-08,-2.302585046899287
2015-10-09,-2.247445557571313
2015-10-12,-2.1811304033604735
