,Copula-GARCH plackett
2013-10-17,-2.2085202150188463
2013-10-18,-2.1297786309592137
2013-10-21,-2.1195501059358373
2013-10-22,-2.014602949595359
2013-10-23,-1.9349546926055767
2013-10-24,-1.894893288355412
2013-10-25,-1.8230101036147797
2013-10-28,-1.756094744056126
2013-10-29,-1.6822537657968637
2013-10-30,-1.633053754496067
2013-10-31,-1.6292983634295541
2013-11-01,-1.5949563412606849
2013-11-04,-1.5365247303215561
2013-11-05,-1.4922258640489783
2013-11-06,-1.452554643397494
2013-11-07,-1.4222902873131864
2013-11-08,-1.837944414481639
2013-11-11,-2.0004098295812125
2013-11-12,-1.9031702432793516
2013-11-13,-1.8238558250240136
2013-11-14,-1.84748223179326
2013-11-15,-1.7768136571464015
2013-11-18,-1.7116787376299176
2013-11-19,-1.728278235747787
2013-11-20,-1.6824220761095432
2013-11-21,-1.6415263498166905
2013-11-22,-1.700040423232834
2013-11-25,-1.6572184121805293
2013-11-26,-1.597987327648795
2013-11-27,-1.5519200951066532
2013-11-29,-1.519304762218503
2013-12-02,-1.4736016490937645
2013-12-03,-1.4590925694083492
2013-12-04,-1.4350073328077222
2013-12-05,-1.3946306626307954
2013-12-06,-1.386583983544154
2013-12-09,-1.480774250410116
2013-12-10,-1.4281540195464146
2013-12-11,-1.4053532256404904
2013-12-12,-1.67523928460708
2013-12-13,-1.6272629113463364
2013-12-16,-1.5621934528850734
2013-12-17,-1.5564865115035886
2013-12-18,-1.5167415946554945
2013-12-19,-1.7469696758946065
2013-12-20,-1.6816716964620646
2013-12-23,-1.697309284010557
2013-12-24,-1.7017355621267207
2013-12-26,-1.6295827452378875
2013-12-27,-1.5769411385472316
2013-12-30,-1.5280405386382894
2013-12-31,-1.4728930256993333
2014-01-02,-1.4428146498426835
2014-01-03,-1.5548816850177063
2014-01-06,-1.5063862933850052
2014-01-07,-1.4853439831155921
2014-01-08,-1.5113548965566332
2014-01-09,-1.4581735263777202
2014-01-10,-1.415312476063945
2014-01-13,-1.3777175540388273
2014-01-14,-1.7098938019028387
2014-01-15,-1.8712387387414717
2014-01-16,-1.8212906186383826
2014-01-17,-1.7395606762533153
2014-01-21,-1.7065721664727556
2014-01-22,-1.6536560665355384
2014-01-23,-1.5892637600167607
2014-01-24,-1.6495071034560562
2014-01-27,-2.269051423630199
2014-01-28,-2.245677011192048
2014-01-29,-2.1356294169017387
2014-01-30,-2.190393319759462
2014-01-31,-2.2866113373747603
2014-02-03,-2.207054725899429
2014-02-04,-2.8125531566674256
2014-02-05,-2.679442056225924
2014-02-06,-2.531858143249355
2014-02-07,-2.508868939349514
2014-02-10,-2.568837811381071
2014-02-11,-2.417681258400392
2014-02-12,-2.3827144898319057
2014-02-13,-2.241034837008119
2014-02-14,-2.1650400229687663
2014-02-18,-2.05478044688949
2014-02-19,-1.9595758957102793
2014-02-20,-1.9523971602001329
2014-02-21,-1.8917418052373265
2014-02-24,-1.80533539427835
2014-02-25,-1.7637321639608197
2014-02-26,-1.6883103946307414
2014-02-27,-1.613720512668802
2014-02-28,-1.5796664019277489
2014-03-03,-1.5260220121803998
2014-03-04,-1.5894130578539216
2014-03-05,-1.8890671492393278
2014-03-06,-1.7912813755255566
2014-03-07,-1.7071478489337675
2014-03-10,-1.6419193689074827
2014-03-11,-1.5726116279920646
2014-03-12,-1.5867534476161238
2014-03-13,-1.5262369674616676
2014-03-14,-1.8015366825583832
2014-03-17,-1.7396501443252068
2014-03-18,-1.761064080184064
2014-03-19,-1.7973607807299286
2014-03-20,-1.7857656644708473
2014-03-21,-1.7240868222721748
2014-03-24,-1.7399795872552368
2014-03-25,-1.7956351734998484
2014-03-26,-1.720189885887558
2014-03-27,-1.848916960597376
2014-03-28,-1.7886552210647433
2014-03-31,-1.7170012691498708
2014-04-01,-1.7426862673942538
2014-04-02,-1.8398966306723168
2014-04-03,-1.7537221623860604
2014-04-04,-1.738513800471423
2014-04-07,-2.2349049442362907
2014-04-08,-2.3054890394583545
2014-04-09,-2.19651665786486
2014-04-10,-2.282167990005914
2014-04-11,-2.976179356643371
2014-04-14,-2.9216793671524317
2014-04-15,-2.762447068838183
2014-04-16,-2.6009217604728794
2014-04-17,-2.5602088825336167
2014-04-21,-2.3957758513023113
2014-04-22,-2.2692066298944
2014-04-23,-2.180099348682444
2014-04-24,-2.1068809949516507
2014-04-25,-1.9970534697349995
2014-04-28,-2.148973098575911
2014-04-29,-2.031498392030246
2014-04-30,-1.9544730775369215
2014-05-01,-1.8549380810198688
2014-05-02,-1.7619063990490622
2014-05-05,-1.6819686317080413
2014-05-06,-1.6128610358770339
2014-05-07,-1.7982190216862661
2014-05-08,-1.746467630164022
2014-05-09,-1.6849783498375852
2014-05-12,-1.6185440655002423
2014-05-13,-1.804201064362289
2014-05-14,-1.7306250626789625
2014-05-15,-1.7248723846975038
2014-05-16,-1.7985643523584591
2014-05-19,-1.7299947465802352
2014-05-20,-1.6962141223123708
2014-05-21,-1.71520446161432
2014-05-22,-1.723798447533117
2014-05-23,-1.6611873034041933
2014-05-27,-1.6279888072986413
2014-05-28,-1.6695213700650642
2014-05-29,-1.6082315919680703
2014-05-30,-1.5736595748144147
2014-06-02,-1.516103300972802
2014-06-03,-1.4595460768036026
2014-06-04,-1.409341004461311
2014-06-05,-1.3679039180328325
2014-06-06,-1.4349215515567195
2014-06-09,-1.4208890414318067
2014-06-10,-1.374867642387394
2014-06-11,-1.3302073294554146
2014-06-12,-1.321243459742987
2014-06-13,-1.430220687807047
2014-06-16,-1.386628545196003
2014-06-17,-1.3405115673657981
2014-06-18,-1.3063761805629326
2014-06-19,-1.345610834491585
2014-06-20,-1.3053399097738483
2014-06-23,-1.266005901382074
2014-06-24,-1.2317268285138703
2014-06-25,-1.295246015107704
2014-06-26,-1.307279962020031
2014-06-27,-1.2733657740159667
2014-06-30,-1.2470819894006826
2014-07-01,-1.2149565426379572
2014-07-02,-1.331560020173655
2014-07-03,-1.2870344389258297
2014-07-07,-1.2983951138321215
2014-07-08,-1.3561063851313622
2014-07-09,-1.5585023275197936
2014-07-10,-1.5290412629824004
2014-07-11,-1.5193792043626497
2014-07-14,-1.4617944972919965
2014-07-15,-1.4377810561194218
2014-07-16,-1.4241909765510632
2014-07-17,-1.3835087288559245
2014-07-18,-1.6881662201581398
2014-07-21,-1.8339183885830959
2014-07-22,-1.7496130312978149
2014-07-23,-1.7018046980790849
2014-07-24,-1.625215908997497
2014-07-25,-1.5512415074825217
2014-07-28,-1.546116088793535
2014-07-29,-1.4842088887511795
2014-07-30,-1.4564508061629415
2014-07-31,-1.4083005335795447
2014-08-01,-2.08572123457431
2014-08-04,-1.9872913077219225
2014-08-05,-1.931195401710142
2014-08-06,-1.9536121437617562
2014-08-07,-1.8487338513031133
2014-08-08,-1.8087062711271185
2014-08-11,-1.838979614518754
2014-08-12,-1.7728801685021616
2014-08-13,-1.701283308997263
2014-08-14,-1.709563426862551
2014-08-15,-1.64676845726481
2014-08-18,-1.5769566474163814
2014-08-19,-1.6166369145728134
2014-08-20,-1.5717251834860329
2014-08-21,-1.5092446643890594
2014-08-22,-1.4535565108716346
2014-08-25,-1.4055384251013825
2014-08-26,-1.3774008434681808
2014-08-27,-1.3297339653326221
2014-08-28,-1.2901685902063145
2014-08-29,-1.270613062177439
2014-09-02,-1.2538152775016966
2014-09-03,-1.228763186789818
2014-09-04,-1.242417883361289
2014-09-05,-1.2256147457249122
2014-09-08,-1.2272378794644576
2014-09-09,-1.2134856890222085
2014-09-10,-1.3417662277424103
2014-09-11,-1.343925752653353
2014-09-12,-1.2990095148000695
2014-09-15,-1.349587077734375
2014-09-16,-1.4232493907478252
2014-09-17,-1.4552754169297077
2014-09-18,-1.3995747166521755
2014-09-19,-1.3965521121674846
2014-09-22,-1.3602399064663853
2014-09-23,-1.5255471193955363
2014-09-24,-1.5263984642415598
2014-09-25,-1.5785369251829067
2014-09-26,-2.049317256473194
2014-09-29,-2.027424399845529
2014-09-30,-1.921449946327944
2014-10-01,-1.83580678432793
2014-10-02,-2.0720809685961643
2014-10-03,-1.9543723883615594
2014-10-06,-1.9835561816539733
2014-10-07,-1.899804458127756
2014-10-08,-2.1480220883437413
2014-10-09,-2.3785274377456562
2014-10-10,-2.7321014875388214
2014-10-13,-2.905881347977137
2014-10-14,-2.9765446560336373
2014-10-15,-2.7802831235683554
2014-10-16,-2.6539370187326305
2014-10-17,-2.48969392866725
2014-10-20,-2.4655532571558947
2014-10-21,-2.435957963401078
2014-10-22,-2.7215172423090923
2014-10-23,-2.625844853578094
2014-10-24,-2.636527522548694
2014-10-27,-2.516298850113632
2014-10-28,-2.3719129383188307
2014-10-29,-2.434328858405916
2014-10-30,-2.305280248110702
2014-10-31,-2.1989682804591695
2014-11-03,-2.238631605060045
2014-11-04,-2.115349683952772
2014-11-05,-2.021907164282391
2014-11-06,-1.932436393907482
2014-11-07,-1.8480776635976959
2014-11-10,-1.7590917491645974
2014-11-11,-1.6890557615216122
2014-11-12,-1.6088218356832684
2014-11-13,-1.5417392185549528
2014-11-14,-1.4739894376009646
2014-11-17,-1.4151546745230186
2014-11-18,-1.375375547949184
2014-11-19,-1.3734312163517197
2014-11-20,-1.365443448665726
2014-11-21,-1.3348880265768623
2014-11-24,-1.316131252819761
2014-11-25,-1.3295282465226554
2014-11-26,-1.290453065570234
2014-11-28,-1.2773918446064738
2014-12-01,-1.2545058947151857
2014-12-02,-1.4654569246339098
2014-12-03,-1.4623235697233268
2014-12-04,-1.4214867090795
2014-12-05,-1.376528446941638
2014-12-08,-1.3290736402874508
2014-12-09,-1.4374991294401112
2014-12-10,-1.3979435821828312
2014-12-11,-1.8833926471686189
2014-12-12,-1.8051858192451222
2014-12-15,-2.053514158764952
2014-12-16,-2.0475308598199216
2014-12-17,-2.106100701451037
2014-12-18,-2.473108158046007
2014-12-19,-2.864820904763416
2014-12-22,-2.6594969099936323
2014-12-23,-2.474409339655635
2014-12-24,-2.3109713176668603
2014-12-26,-2.1543200977375605
2014-12-29,-2.0404873826523477
2014-12-30,-1.9080376761590108
2014-12-31,-1.8523512723214974
2015-01-02,-1.9249276138177862
2015-01-05,-1.8143163995134406
2015-01-06,-2.198265991113345
2015-01-07,-2.24015990420996
2015-01-08,-2.2549993942342836
2015-01-09,-2.4816422864063887
2015-01-12,-2.3945235327094276
2015-01-13,-2.3315079205482303
2015-01-14,-2.1753853681214688
2015-01-15,-2.0831051623404853
2015-01-16,-2.184579221486909
2015-01-20,-2.2605725654054036
2015-01-21,-2.1091600792709966
2015-01-22,-1.9794703376605711
2015-01-23,-2.206841855414575
2015-01-26,-2.0837497391504027
2015-01-27,-1.9484583777478492
2015-01-28,-2.260098632776488
2015-01-29,-2.3268805592901565
2015-01-30,-2.2631011070941116
2015-02-02,-2.3276180730410427
2015-02-03,-2.306379644242763
2015-02-04,-2.3354034562164427
2015-02-05,-2.1892575010969453
2015-02-06,-2.1600837354621216
2015-02-09,-2.0408848316307493
2015-02-10,-1.9391436740391994
2015-02-11,-1.9985242700713248
2015-02-12,-1.8628636618004797
2015-02-13,-1.9005527690430803
2015-02-17,-1.814833928442592
2015-02-18,-1.6988627645804182
2015-02-19,-1.5987035508828022
2015-02-20,-1.520493509577279
2015-02-23,-1.504658810909079
2015-02-24,-1.4297637665326828
2015-02-25,-1.368107354210601
2015-02-26,-1.3167407285431914
2015-02-27,-1.2854442706826743
2015-03-02,-1.3013244145449974
2015-03-03,-1.3595252716236848
2015-03-04,-1.3926610695907498
2015-03-05,-1.3865357432869188
2015-03-06,-1.332198070685672
2015-03-09,-1.7081672103100387
2015-03-10,-1.6170884615214356
2015-03-11,-2.10825817366203
2015-03-12,-1.959141727071342
2015-03-13,-1.998336916425224
2015-03-16,-1.9205245618571942
2015-03-17,-2.0259780198097292
2015-03-18,-1.8921318946162327
2015-03-19,-1.9382945363083455
2015-03-20,-1.8315369917340643
2015-03-23,-1.8027112701071109
2015-03-24,-1.7031586459749586
2015-03-25,-1.6661771671416192
2015-03-26,-2.2570600991473153
2015-03-27,-2.098555327587034
2015-03-30,-1.960464445621148
2015-03-31,-2.0334857862837383
2015-04-01,-2.057527181517579
2015-04-02,-1.9477517919522072
2015-04-06,-1.819672053344241
2015-04-07,-1.7599955460523817
2015-04-08,-1.6621298229528936
2015-04-09,-1.6107825157768745
2015-04-10,-1.5502619500165167
2015-04-13,-1.5066542334915538
2015-04-14,-1.4770071083152525
2015-04-15,-1.4152822237396305
2015-04-16,-1.4137041597549422
2015-04-17,-1.3568599929488867
2015-04-20,-1.7365935267871335
2015-04-21,-1.8191792234854656
2015-04-22,-1.7112835473947143
2015-04-23,-1.6394366792180688
2015-04-24,-1.5569928318345765
2015-04-27,-1.5054882034374977
2015-04-28,-1.5137175178832782
2015-04-29,-1.4473618484223003
2015-04-30,-1.4610789588772566
2015-05-01,-1.7995729329233998
2015-05-04,-1.9086476193417725
2015-05-05,-1.783214751605533
2015-05-06,-2.043627452686717
2015-05-07,-1.9397434072840858
2015-05-08,-1.828570049365234
2015-05-11,-1.97073713880643
2015-05-12,-1.8732157125475832
2015-05-13,-1.7778116790958385
2015-05-14,-1.6640541620302673
2015-05-15,-1.8156324239670458
2015-05-18,-1.6966974286917542
2015-05-19,-1.6201678829530362
2015-05-20,-1.535579013140065
2015-05-21,-1.4605706804082732
2015-05-22,-1.4002225393673997
2015-05-26,-1.3554656265233733
2015-05-27,-1.6113215366443572
2015-05-28,-1.7568624096465082
2015-05-29,-1.6555212318864339
2015-06-01,-1.6573822512435092
2015-06-02,-1.56247650815417
2015-06-03,-1.4893808312283343
2015-06-04,-1.4303314076925515
2015-06-05,-1.5590827897643278
2015-06-08,-1.4818360837859061
2015-06-09,-1.565593395088534
2015-06-10,-1.488033990548476
2015-06-11,-1.6856334271625806
2015-06-12,-1.5897942922262085
2015-06-15,-1.6206073877620477
2015-06-16,-1.5886038014100095
2015-06-17,-1.5506579646996448
2015-06-18,-1.47586833067255
2015-06-19,-1.6419847477350125
2015-06-22,-1.6092178981043967
2015-06-23,-1.5894148658307083
2015-06-24,-1.5073829649725858
2015-06-25,-1.577231659047902
2015-06-26,-1.520512109715704
2015-06-29,-1.491898784813847
2015-06-30,-2.338102892475019
2015-07-01,-2.175339463270095
2015-07-02,-2.0666629611779768
2015-07-06,-1.9272008189372822
2015-07-07,-1.837424228791812
2015-07-08,-1.7569141645144035
2015-07-09,-2.176794985614045
2015-07-10,-2.0274798209518203
2015-07-13,-2.1456253565345964
2015-07-14,-2.2070543605099706
2015-07-15,-2.0810570293404833
2015-07-16,-1.943192061091085
2015-07-17,-1.9603480842707393
2015-07-20,-1.877211714523898
2015-07-21,-1.7643887856728402
2015-07-22,-1.6989011230364104
2015-07-23,-1.662002718691856
2015-07-24,-1.648964892344612
2015-07-27,-1.8171753685432104
2015-07-28,-1.8272097336396054
2015-07-29,-1.914579568757598
2015-07-30,-1.8466254157444424
2015-07-31,-1.7360572564460377
2015-08-03,-1.6453571959760986
2015-08-04,-1.5780234945679412
2015-08-05,-1.5136688805218448
2015-08-06,-1.479055376510149
2015-08-07,-1.7374342513090402
2015-08-10,-1.6609648376495156
2015-08-11,-1.8276855336089426
2015-08-12,-1.9526846994931049
2015-08-13,-1.8231168619149825
2015-08-14,-1.7216760103509972
2015-08-17,-1.6395718502162864
2015-08-18,-1.6217203160819578
2015-08-19,-1.5885495698980825
2015-08-20,-1.6658519748062628
2015-08-21,-2.5631539632478653
2015-08-24,-3.7607218714677133
2015-08-25,-4.920417284727453
2015-08-26,-4.5136490257871715
2015-08-27,-5.322842884996178
2015-08-28,-5.174796272591919
2015-08-31,-4.615565220163408
2015-09-01,-4.221870233307724
2015-09-02,-4.649228674673497
2015-09-03,-4.519363410056113
2015-09-04,-4.047523062179138
2015-09-08,-3.842997059547819
2015-09-09,-4.089708356666803
2015-09-10,-3.858661890665595
2015-09-11,-3.496160950199211
2015-09-14,-3.1521925448918173
2015-09-15,-2.864001035051623
2015-09-16,-2.773582825442999
2015-09-17,-2.5703617047438496
2015-09-18,-2.33599898205881
2015-09-21,-2.5690701841807257
2015-09-22,-2.34415672121606
2015-09-23,-2.4763547200307987
2015-09-24,-2.268952442309305
2015-09-25,-2.1042101404527678
2015-09-28,-2.0224175833278655
2015-09-29,-3.1145726000005554
2015-09-30,-2.8496969120922486
2015-10-01,-3.097022937938904
2015-10-02,-2.8150533605325125
2015-10-05,-2.8623049736376296
2015-10-06,-2.9590333675669385
2015-10-07,-2.7372854602097827
2015-10-08,-2.5796348554460153
2015-10-09,-2.422688939363634
2015-10-12,-2.225357287636228
