,Copula-MSM plackett
2013-10-17,-1.6355359827776765
2013-10-18,-1.5856136860684955
2013-10-21,-1.6168262195461907
2013-10-22,-1.5104284713619671
2013-10-23,-1.4353235044224895
2013-10-24,-1.4101841855648605
2013-10-25,-1.293853501673433
2013-10-28,-1.2540057218587506
2013-10-29,-1.1631150884539718
2013-10-30,-1.1025598434874493
2013-10-31,-1.095022449743713
2013-11-01,-1.0658815333191087
2013-11-04,-0.9670339909871464
2013-11-05,-1.065399388611389
2013-11-06,-1.0458722073147166
2013-11-07,-1.0402300709396566
2013-11-08,-1.356655366196935
2013-11-11,-1.5372001845027903
2013-11-12,-1.3906676673728346
2013-11-13,-1.2758885959604116
2013-11-14,-1.3729948929679054
2013-11-15,-1.2771186786707698
2013-11-18,-1.2002242137752892
2013-11-19,-1.24997478428683
2013-11-20,-1.1970017682426752
2013-11-21,-1.1571773640324878
2013-11-22,-1.2628685851691126
2013-11-25,-1.216843782334886
2013-11-26,-1.1384513530478066
2013-11-27,-1.109126841063276
2013-11-29,-1.1021171929686684
2013-12-02,-1.0696903247075693
2013-12-03,-1.0429078848193927
2013-12-04,-1.0567663615060603
2013-12-05,-0.9978075977716027
2013-12-06,-1.0364113989509804
2013-12-09,-1.122631313785787
2013-12-10,-1.0645043557768186
2013-12-11,-1.0553142644135234
2013-12-12,-1.2277998285526375
2013-12-13,-1.181390289460471
2013-12-16,-1.1105439968651734
2013-12-17,-1.128398308714992
2013-12-18,-1.0873589528151313
2013-12-19,-1.311112460554225
2013-12-20,-1.2077470707777211
2013-12-23,-1.2525957262020002
2013-12-24,-1.2718871649946648
2013-12-26,-1.1772420481530868
2013-12-27,-1.1298093414993993
2013-12-30,-1.084152917530297
2013-12-31,-1.0440612621156702
2014-01-02,-1.0462026115235996
2014-01-03,-1.1534765906667304
2014-01-06,-1.0885954623034106
2014-01-07,-1.0715195726596947
2014-01-08,-1.1187063836885223
2014-01-09,-1.0645096572617625
2014-01-10,-1.0346584966921168
2014-01-13,-1.0209501130865486
2014-01-14,-1.2461012209853046
2014-01-15,-1.4244144408556225
2014-01-16,-1.3661903751929163
2014-01-17,-1.2541105878093404
2014-01-21,-1.2324849312373802
2014-01-22,-1.1909911697245132
2014-01-23,-1.1287802138804495
2014-01-24,-1.2010399230565518
2014-01-27,-1.6898634876267584
2014-01-28,-1.6355050161908942
2014-01-29,-1.5626451351495017
2014-01-30,-1.6425548703966637
2014-01-31,-1.7137555511929135
2014-02-03,-1.652662960789165
2014-02-04,-1.8601687688301511
2014-02-05,-1.767557097866529
2014-02-06,-1.6862936456743451
2014-02-07,-1.7250228345756193
2014-02-10,-1.7819074483307669
2014-02-11,-1.6753120611981533
2014-02-12,-1.7002580219618493
2014-02-13,-1.6177447159907377
2014-02-14,-1.5802314595148013
2014-02-18,-1.4827072435213948
2014-02-19,-1.38704246010877
2014-02-20,-1.4169508676651767
2014-02-21,-1.4054260681016388
2014-02-24,-1.295655328074562
2014-02-25,-1.287823203957371
2014-02-26,-1.1944889744099358
2014-02-27,-1.118439573783631
2014-02-28,-1.1190903932719998
2014-03-03,-1.0826797119549634
2014-03-04,-1.1327105990104473
2014-03-05,-1.4508196927325832
2014-03-06,-1.3122505646135731
2014-03-07,-1.2083601613964174
2014-03-10,-1.145682036560776
2014-03-11,-1.0825618080588975
2014-03-12,-1.1099106514889092
2014-03-13,-1.057757919095702
2014-03-14,-1.3148210057991006
2014-03-17,-1.2416482382414735
2014-03-18,-1.299043035212402
2014-03-19,-1.3486938249155118
2014-03-20,-1.3419095386653088
2014-03-21,-1.2929192005750492
2014-03-24,-1.2852328830782676
2014-03-25,-1.3766863839613344
2014-03-26,-1.2841550247157383
2014-03-27,-1.4288353009431962
2014-03-28,-1.3231455216576211
2014-03-31,-1.2610920007422766
2014-04-01,-1.3076761066760476
2014-04-02,-1.413084293998
2014-04-03,-1.320533783322194
2014-04-04,-1.3015952959723247
2014-04-07,-1.5973272450315346
2014-04-08,-1.7356002980563516
2014-04-09,-1.619601764255037
2014-04-10,-1.7340729116176274
2014-04-11,-2.191553114398201
2014-04-14,-1.913554272511333
2014-04-15,-1.8203435681116382
2014-04-16,-1.7119113234859133
2014-04-17,-1.7609241621706342
2014-04-21,-1.6135889860541481
2014-04-22,-1.6227247383826748
2014-04-23,-1.5287872536929932
2014-04-24,-1.4682013262465796
2014-04-25,-1.3716145993824054
2014-04-28,-1.5575840689777054
2014-04-29,-1.4372821568179484
2014-04-30,-1.400420627872545
2014-05-01,-1.3092718943175494
2014-05-02,-1.2132813341119437
2014-05-05,-1.1562712053313857
2014-05-06,-1.1041832592413139
2014-05-07,-1.3121011336926411
2014-05-08,-1.2749243240559607
2014-05-09,-1.2093364504079411
2014-05-12,-1.146226692313793
2014-05-13,-1.3651938966714348
2014-05-14,-1.2891213527273457
2014-05-15,-1.2895219742009214
2014-05-16,-1.3486518118414355
2014-05-19,-1.2887437350279147
2014-05-20,-1.2610054185624446
2014-05-21,-1.2843657680711589
2014-05-22,-1.3138665279006347
2014-05-23,-1.2431397773484496
2014-05-27,-1.2250573460593908
2014-05-28,-1.280882377187861
2014-05-29,-1.2138046717876334
2014-05-30,-1.1879706378715544
2014-06-02,-1.1330775484501434
2014-06-03,-1.0819305537684365
2014-06-04,-1.0326407931599966
2014-06-05,-0.9928932488317471
2014-06-06,-1.0917147162075138
2014-06-09,-1.0771220469520355
2014-06-10,-1.0303129842071597
2014-06-11,-0.980216967847645
2014-06-12,-0.9585543895510782
2014-06-13,-1.0547815817630326
2014-06-16,-1.004175544899587
2014-06-17,-0.9563246948721247
2014-06-18,-1.0229963151461594
2014-06-19,-1.0694843254723734
2014-06-20,-1.0276032140612048
2014-06-23,-1.0099893557953652
2014-06-24,-0.8362930696835053
2014-06-25,-1.0320473348939359
2014-06-26,-1.0499619323110922
2014-06-27,-0.8633217868906737
2014-06-30,-0.8441560838307226
2014-07-01,-0.8112556761475582
2014-07-02,-1.0819090674225853
2014-07-03,-1.01577010030357
2014-07-07,-1.0448911049647596
2014-07-08,-0.9868227084432987
2014-07-09,-1.2396195275300372
2014-07-10,-1.197863946252809
2014-07-11,-1.1817416184778238
2014-07-14,-1.1186675989366313
2014-07-15,-1.1118252883178037
2014-07-16,-1.0473372746875302
2014-07-17,-1.062904718841669
2014-07-18,-1.2430289355820852
2014-07-21,-1.4440318419845688
2014-07-22,-1.2837437835708565
2014-07-23,-1.2936434558854575
2014-07-24,-1.1631273191837097
2014-07-25,-1.0826026076839703
2014-07-28,-1.0850903520635407
2014-07-29,-1.0119090262874968
2014-07-30,-1.0489927231435108
2014-07-31,-1.0209969696125827
2014-08-01,-1.5287617454163198
2014-08-04,-1.4257380600114393
2014-08-05,-1.406341664371255
2014-08-06,-1.4492329374902437
2014-08-07,-1.3284721708582903
2014-08-08,-1.3065379618882742
2014-08-11,-1.3591058128048175
2014-08-12,-1.2946038849856323
2014-08-13,-1.206818759138518
2014-08-14,-1.2412623495800157
2014-08-15,-1.165352840346524
2014-08-18,-1.1018589743607397
2014-08-19,-1.1515847080129786
2014-08-20,-1.1753532289749873
2014-08-21,-1.058516928319995
2014-08-22,-1.0118737437953162
2014-08-25,-0.9822844804005599
2014-08-26,-0.9778580138272751
2014-08-27,-0.9558716428672323
2014-08-28,-0.9321672995976649
2014-08-29,-0.9290118053822586
2014-09-02,-0.7857150573162164
2014-09-03,-0.9451722326490208
2014-09-04,-0.9586435581248115
2014-09-05,-0.8003222275415472
2014-09-08,-0.9569727697253095
2014-09-09,-0.808259396132127
2014-09-10,-1.0602915368915766
2014-09-11,-0.9456115485325159
2014-09-12,-0.9924517929075486
2014-09-15,-0.9372787411788079
2014-09-16,-1.093566202066132
2014-09-17,-1.1318247351801347
2014-09-18,-1.0597344413955794
2014-09-19,-1.0698599722081759
2014-09-22,-1.0253068221066737
2014-09-23,-1.1811301736685589
2014-09-24,-1.160509892150241
2014-09-25,-1.2233593062129218
2014-09-26,-1.6268870040273935
2014-09-29,-1.5994791941814117
2014-09-30,-1.4973077357946325
2014-10-01,-1.4062381573238818
2014-10-02,-1.5822503651133903
2014-10-03,-1.476356634410447
2014-10-06,-1.5123157669012615
2014-10-07,-1.4309565535967261
2014-10-08,-1.6080492090603071
2014-10-09,-1.7441684172767238
2014-10-10,-1.8914286200143124
2014-10-13,-1.995808940598947
2014-10-14,-2.0320888206987147
2014-10-15,-1.8690616304442726
2014-10-16,-1.6899792567486596
2014-10-17,-1.5982762686883072
2014-10-20,-1.6325190294201126
2014-10-21,-1.7046892238748999
2014-10-22,-1.934460767587159
2014-10-23,-1.8336066274350695
2014-10-24,-1.8616464921435893
2014-10-27,-1.774190438781044
2014-10-28,-1.6013795822872872
2014-10-29,-1.7467369486982172
2014-10-30,-1.636465925549204
2014-10-31,-1.5765270215016574
2014-11-03,-1.6847955790982803
2014-11-04,-1.558178157379012
2014-11-05,-1.4442791914190798
2014-11-06,-1.3513547583167151
2014-11-07,-1.3373132823931224
2014-11-10,-1.2118926287947434
2014-11-11,-1.1322290292659483
2014-11-12,-1.0675347175070815
2014-11-13,-1.0358880385368228
2014-11-14,-1.0045535953395814
2014-11-17,-0.8392116444533408
2014-11-18,-0.7881403905191772
2014-11-19,-1.0122787713614825
2014-11-20,-0.9098366773871436
2014-11-21,-0.9395329588071946
2014-11-24,-1.0066290576047592
2014-11-25,-1.0331216409782398
2014-11-26,-0.9978636008717603
2014-11-28,-1.0029813066592637
2014-12-01,-0.8326433342097517
2014-12-02,-1.1433638047299388
2014-12-03,-1.1217023370499877
2014-12-04,-1.0295425516975951
2014-12-05,-1.0165758106128897
2014-12-08,-0.9821306388998879
2014-12-09,-1.086059127422451
2014-12-10,-1.0350767794052713
2014-12-11,-1.4274621120118836
2014-12-12,-1.3019858640894852
2014-12-15,-1.5620460769666615
2014-12-16,-1.5703430155207412
2014-12-17,-1.6376089042118795
2014-12-18,-1.7831786723424148
2014-12-19,-1.810619767624068
2014-12-22,-1.7189999245473089
2014-12-23,-1.6334925031394465
2014-12-24,-1.5321546224888918
2014-12-26,-1.3577164904337835
2014-12-29,-1.3400709256979562
2014-12-30,-1.210172566312063
2014-12-31,-1.2241153404950054
2015-01-02,-1.322769674380249
2015-01-05,-1.2270358288122665
2015-01-06,-1.6195022876827962
2015-01-07,-1.6490600231226809
2015-01-08,-1.6747890356381994
2015-01-09,-1.7465143647561097
2015-01-12,-1.7128164585078967
2015-01-13,-1.693846192937503
2015-01-14,-1.5949589927226968
2015-01-15,-1.510878558826358
2015-01-16,-1.6741514877264048
2015-01-20,-1.7192216268182225
2015-01-21,-1.5942136774928057
2015-01-22,-1.5193298544424003
2015-01-23,-1.7050513944255716
2015-01-26,-1.5939901393783382
2015-01-27,-1.4923482747212333
2015-01-28,-1.7142423961829467
2015-01-29,-1.7185067648750365
2015-01-30,-1.6662981073875724
2015-02-02,-1.6896060724460982
2015-02-03,-1.6765583426392583
2015-02-04,-1.6926436080885279
2015-02-05,-1.6117241286488106
2015-02-06,-1.6331594789876969
2015-02-09,-1.568675335816395
2015-02-10,-1.4537893204109693
2015-02-11,-1.6014048381628283
2015-02-12,-1.4911909412152666
2015-02-13,-1.5657463588353895
2015-02-17,-1.4939864017680615
2015-02-18,-1.358925669482517
2015-02-19,-1.2156224134679547
2015-02-20,-1.1098049653708983
2015-02-23,-1.1016336949153127
2015-02-24,-1.019424020130406
2015-02-25,-0.965677739488542
2015-02-26,-0.9310494164401296
2015-02-27,-0.9144387896491069
2015-03-02,-0.9298996563247942
2015-03-03,-0.9858702350188683
2015-03-04,-0.996836888367662
2015-03-05,-0.9325416257629379
2015-03-06,-0.8934729712948805
2015-03-09,-1.3228547939865725
2015-03-10,-1.236615568738477
2015-03-11,-1.5259220726394465
2015-03-12,-1.4182582909493486
2015-03-13,-1.465303893924643
2015-03-16,-1.420719873746373
2015-03-17,-1.5100565332853362
2015-03-18,-1.411480811007259
2015-03-19,-1.4647920935623988
2015-03-20,-1.3823682742268355
2015-03-23,-1.3584139600645309
2015-03-24,-1.3110963456405857
2015-03-25,-1.2854599844516745
2015-03-26,-1.6499360863780856
2015-03-27,-1.5422513039004282
2015-03-30,-1.46141921613019
2015-03-31,-1.5628267701273757
2015-04-01,-1.5864263249030044
2015-04-02,-1.5192437861458066
2015-04-06,-1.411033976679632
2015-04-07,-1.3491664228540716
2015-04-08,-1.2703148172025212
2015-04-09,-1.214363256511806
2015-04-10,-1.0769927490570834
2015-04-13,-1.0254764708447335
2015-04-14,-1.0012510051292598
2015-04-15,-0.940278638120021
2015-04-16,-0.9422603639685738
2015-04-17,-0.9033328113818335
2015-04-20,-1.3640822293384756
2015-04-21,-1.4793142898125955
2015-04-22,-1.3552796049862725
2015-04-23,-1.190377170435033
2015-04-24,-1.0951058149675554
2015-04-27,-1.0557746771839736
2015-04-28,-1.0606236061862893
2015-04-29,-0.9983141748073031
2015-04-30,-1.0175591054919966
2015-05-01,-1.3063174652650698
2015-05-04,-1.516952178241179
2015-05-05,-1.33657975442521
2015-05-06,-1.5835153377479667
2015-05-07,-1.539415691106103
2015-05-08,-1.448832812524726
2015-05-11,-1.5320837325447376
2015-05-12,-1.5057305059454362
2015-05-13,-1.4119386823769011
2015-05-14,-1.2660717018418353
2015-05-15,-1.4360948768692734
2015-05-18,-1.3371832768926182
2015-05-19,-1.2497285980835997
2015-05-20,-1.1296992559776717
2015-05-21,-1.036043040157021
2015-05-22,-0.987670312624106
2015-05-26,-0.9495434767762553
2015-05-27,-1.1798556759885968
2015-05-28,-1.4062610585176485
2015-05-29,-1.2659011657471761
2015-06-01,-1.2031684218289158
2015-06-02,-1.0947178168138612
2015-06-03,-1.02191977437819
2015-06-04,-0.9849503071159532
2015-06-05,-1.1036446694621955
2015-06-08,-1.0225511803355973
2015-06-09,-1.1029257060467632
2015-06-10,-1.04997597170137
2015-06-11,-1.2235142165553097
2015-06-12,-1.1260536191878168
2015-06-15,-1.1738090506030006
2015-06-16,-1.131723166653073
2015-06-17,-1.0850027630838313
2015-06-18,-1.02715886205761
2015-06-19,-1.1868961188102407
2015-06-22,-1.1475725984148075
2015-06-23,-1.1312641538725374
2015-06-24,-1.0510555508854584
2015-06-25,-1.1204933465433746
2015-06-26,-1.0578117219729457
2015-06-29,-1.042245433356097
2015-06-30,-1.6803557214346716
2015-07-01,-1.578936464995726
2015-07-02,-1.5254382585966244
2015-07-06,-1.4146706140360314
2015-07-07,-1.3227050714643886
2015-07-08,-1.2350018076990559
2015-07-09,-1.6041318478573445
2015-07-10,-1.4809674539373907
2015-07-13,-1.6154055539614074
2015-07-14,-1.6601953766572117
2015-07-15,-1.593049646827367
2015-07-16,-1.4922615634870215
2015-07-17,-1.5288281718866417
2015-07-20,-1.4796817387563241
2015-07-21,-1.3422188148010221
2015-07-22,-1.254190570457198
2015-07-23,-1.225893821132433
2015-07-24,-1.2105220080527965
2015-07-27,-1.4295130286511912
2015-07-28,-1.4390676901966013
2015-07-29,-1.5493528246074602
2015-07-30,-1.494198180175679
2015-07-31,-1.3392672893396984
2015-08-03,-1.2358726890209863
2015-08-04,-1.154329105554377
2015-08-05,-1.1042138565277264
2015-08-06,-1.0564301817878605
2015-08-07,-1.2514530039987015
2015-08-10,-1.1770192679756104
2015-08-11,-1.4132233828126524
2015-08-12,-1.5357895436847682
2015-08-13,-1.4041261889663321
2015-08-14,-1.2710564245245324
2015-08-17,-1.184990528572894
2015-08-18,-1.1835466946013922
2015-08-19,-1.1517148994259157
2015-08-20,-1.226584336765407
2015-08-21,-1.7994285179674385
2015-08-24,-2.3041801984692305
2015-08-25,-2.8594507423040483
2015-08-26,-2.701632695008468
2015-08-27,-3.123639884211285
2015-08-28,-3.123672001916368
2015-08-31,-2.8834690167769677
2015-09-01,-2.7218575921576305
2015-09-02,-3.0071173215159384
2015-09-03,-2.9940256514029127
2015-09-04,-2.7900612546734527
2015-09-08,-2.6634091494819034
2015-09-09,-2.886169659052595
2015-09-10,-2.782995410263535
2015-09-11,-2.6141656627033867
2015-09-14,-2.381924898787336
2015-09-15,-2.165949644361355
2015-09-16,-2.1601921812709546
2015-09-17,-2.0317745419795146
2015-09-18,-1.8478851869229302
2015-09-21,-2.02991507053026
2015-09-22,-1.8760388733081172
2015-09-23,-1.9881260396252403
2015-09-24,-1.836589547950654
2015-09-25,-1.7226144967718322
2015-09-28,-1.6742668892008374
2015-09-29,-2.346897961955998
2015-09-30,-2.1685198831704353
2015-10-01,-2.3758956716353272
2015-10-02,-2.166349010179208
2015-10-05,-2.234509127587055
2015-10-06,-2.320241483935999
2015-10-07,-2.1585026485352703
2015-10-08,-2.044921878139874
2015-10-09,-1.9310121093846155
2015-10-12,-1.7981307254127323
