,Historical,Variance-Covariance,RiskMetrics,CCC-GARCH,Copula-GARCH Student,Copula-MSM Student
2013-10-17,-3.2112838745234207,-2.6149292699238345,-2.70253757168062,-2.2664033319503902,-2.268438028362998,-2.5954880085242613
2013-10-18,-3.2112838745234207,-2.6128489942385644,-2.645782213836079,-2.185637962705444,-2.1876841855692755,-2.5241784869415005
2013-10-21,-3.2112838745234207,-2.6129571476855893,-2.625724591770652,-2.175097007649323,-2.17710120989952,-2.567239722504973
2013-10-22,-3.111555632892665,-2.593220758777589,-2.5461247886302805,-2.0673850133889493,-2.06947926879382,-2.534799381445149
2013-10-23,-3.111555632892665,-2.5909923613739063,-2.4794482573646124,-1.985968360429745,-1.9879881075728527,-2.4425620079000225
2013-10-24,-3.111555632892665,-2.591357381276701,-2.422380819160653,-1.9447525495204323,-1.9467043896749576,-2.4062257524291724
2013-10-25,-3.111555632892665,-2.5913578949701,-2.3620516812884165,-1.8709882381908816,-1.87285117982176,-2.1659176654531604
2013-10-28,-3.111555632892665,-2.589279330901766,-2.301532849026218,-1.802348353389917,-1.804180963130504,-2.1746054487407718
2013-10-29,-3.111555632892665,-2.5874976671030625,-2.231466072951628,-1.726843126791773,-1.7285561329466967,-2.0177026476892017
2013-10-30,-3.111555632892665,-2.586841179013053,-2.177520162284426,-1.6767043611368808,-1.678306172988419,-1.8550594044095097
2013-10-31,-3.111555632892665,-2.585480612260169,-2.1318713060057224,-1.6727814445862108,-1.6744109264464602,-1.848804273098366
2013-11-01,-3.111555632892665,-2.5860097704088325,-2.0755304356644038,-1.6376145410266163,-1.6391610686395768,-1.793644892872816
2013-11-04,-3.111555632892665,-2.5860925443911373,-2.014761620734069,-1.5778167141390167,-1.5792574976601408,-1.5781380896230828
2013-11-05,-3.111555632892665,-2.581006418628947,-1.9643268711773552,-1.5321156933797566,-1.5337506306042898,-1.814689286885241
2013-11-06,-3.111555632892665,-2.580467115843704,-1.905320237928608,-1.4916710278985186,-1.493155216743628,-1.7780076375417473
2013-11-07,-3.111555632892665,-2.5804584469035903,-1.8483852954004392,-1.4606476548541416,-1.462132666131222,-1.767210643769032
2013-11-08,-3.111555632892665,-2.5793053702864364,-2.0162659504774423,-1.886431264342043,-1.8881024919586649,-2.3272975062129
2013-11-11,-3.111555632892665,-2.57853861736584,-2.1251654309303443,-2.052733421993436,-2.054719725966452,-2.5764715177107527
2013-11-12,-3.111555632892665,-2.5756362976096305,-2.0605719124147845,-1.9529775723360336,-1.954720579720341,-2.295076655588428
2013-11-13,-3.111555632892665,-2.575052499664195,-1.998910824524657,-1.8716854707492188,-1.8733658292934676,-2.2158133558985385
2013-11-14,-3.111555632892665,-2.56446093523574,-2.0172139381847844,-1.8959402050922636,-1.8976167694458963,-2.358690653848143
2013-11-15,-3.111555632892665,-2.564054135608321,-1.9648615476783704,-1.823667755202975,-1.825268157987912,-2.2194924610408258
2013-11-18,-3.111555632892665,-2.5623116108533828,-1.9170718284074637,-1.7568803183107564,-1.758444203591364,-2.0900520705113728
2013-11-19,-3.111555632892665,-2.5580673613176987,-1.8952478977612344,-1.7737850831797937,-1.7753312266282415,-2.159450464897315
2013-11-20,-3.111555632892665,-2.558463497053528,-1.8467956284510236,-1.72676874115435,-1.7282745901519805,-2.0669598079861697
2013-11-21,-3.111555632892665,-2.558229991834115,-1.799397375551377,-1.6850136704855738,-1.6864844479936607,-1.9975482507307891
2013-11-22,-3.111555632892665,-2.5534049529676235,-1.8373722054454773,-1.7450056877576066,-1.7464977067170635,-2.1764006436038343
2013-11-25,-3.111555632892665,-2.552929154639728,-1.806815391191235,-1.7011943015898958,-1.702659171632307,-2.105974616096595
2013-11-26,-3.111555632892665,-2.5477884700658344,-1.751838299195288,-1.6404594117912417,-1.6418948285773547,-1.9612222341581664
2013-11-27,-3.111555632892665,-2.5439599705950364,-1.7068696919995687,-1.5932378609445712,-1.5946639324203955,-1.9009687835089848
2013-11-29,-3.111555632892665,-2.5433679943757945,-1.67541230672562,-1.5597602192012885,-1.561162811429541,-1.8870906086837709
2013-12-02,-3.111555632892665,-2.54298019250258,-1.6265457559521737,-1.5130293693477697,-1.5143885273149038,-1.826173599679132
2013-12-03,-3.111555632892665,-2.539078611205273,-1.5872830834124665,-1.4980360614521198,-1.499442151206087,-1.7825325399948837
2013-12-04,-3.111555632892665,-2.539624647802762,-1.5460226946337994,-1.473494698451561,-1.4748687523208373,-1.7925102450889718
2013-12-05,-3.111555632892665,-2.537799956308552,-1.4992559333713216,-1.4321113761592947,-1.4334278443799622,-1.702713032673212
2013-12-06,-3.111555632892665,-2.537989519865408,-1.4621457499175723,-1.4241073309047856,-1.425409502775706,-1.755768139327254
2013-12-09,-3.111555632892665,-2.5376900149946584,-1.5116922858102024,-1.5211115057552265,-1.5225047818773223,-1.924672292947121
2013-12-10,-3.111555632892665,-2.5372554019198903,-1.4687406352459318,-1.4670867659119418,-1.4684458005419103,-1.819260455806741
2013-12-11,-3.111555632892665,-2.537837869881952,-1.4317334426366533,-1.4436132904723848,-1.444970127938061,-1.800036349949288
2013-12-12,-3.111555632892665,-2.5401040715283885,-1.5659482416271535,-1.7203688625826383,-1.7219315409434677,-2.0431399141737128
2013-12-13,-3.111555632892665,-2.540688900007622,-1.5252621707087617,-1.6713162901410346,-1.672818478426547,-2.047560583771069
2013-12-16,-3.111555632892665,-2.540635964325707,-1.4788776619215445,-1.6044837782703103,-1.6059339311313543,-1.9134175042823496
2013-12-17,-3.111555632892665,-2.532932317981324,-1.4838444919345892,-1.5986158320812294,-1.600070730575042,-1.94279522455096
2013-12-18,-3.111555632892665,-2.530686993956349,-1.4444855405558148,-1.5579364085591338,-1.5593377316665933,-1.867069531646536
2013-12-19,-3.111555632892665,-2.531282470939291,-1.6113666116030043,-1.7941751106027402,-1.7957647727110393,-2.2543476252130983
2013-12-20,-3.111555632892665,-2.531742990797535,-1.5654811958270711,-1.727236843670949,-1.7287622113076515,-2.097743042640404
2013-12-23,-3.111555632892665,-2.531786379213961,-1.58662774397314,-1.743165936054754,-1.7447755794354598,-2.1725747538238074
2013-12-24,-3.0801747476922774,-2.518517911001024,-1.604457968013549,-1.7477080198849453,-1.749279286796057,-2.1988128666066733
2013-12-26,-3.0801747476922774,-2.5184123091562065,-1.5608119698270957,-1.673731655072889,-1.6752512714184182,-2.044640207677782
2013-12-27,-3.0801747476922774,-2.518160198940921,-1.5285180251518395,-1.6197553734955823,-1.621263044443916,-1.9549601128508556
2013-12-30,-3.0801747476922774,-2.5164003538573305,-1.4842251798321409,-1.5696727524323506,-1.5710912608277652,-1.863745901298531
2013-12-31,-3.0801747476922774,-2.516578467623672,-1.4391701954773304,-1.5129860535550244,-1.5143875634854662,-1.7826764100441044
2014-01-02,-3.0801747476922774,-2.5165798604219503,-1.42040771157907,-1.4820171818687653,-1.4834112691955978,-1.781140762227889
2014-01-03,-3.0801747476922774,-2.517000099936315,-1.4594496393689933,-1.596969616720953,-1.5984594427020995,-1.9796464802439684
2014-01-06,-3.0801747476922774,-2.517444341786402,-1.417620433207373,-1.547343731664766,-1.5487948637116582,-1.8688397807293875
2014-01-07,-3.0801747476922774,-2.507653166353456,-1.3885711935725245,-1.525780699752559,-1.5272113949838546,-1.831325054639804
2014-01-08,-3.0801747476922774,-2.507289271300749,-1.4179195507136075,-1.5523413723484338,-1.5537990885484845,-1.9210935153361204
2014-01-09,-3.0801747476922774,-2.500654712548001,-1.376997586383003,-1.4978837509726173,-1.4992385869788305,-1.8266405755973776
2014-01-10,-3.0801747476922774,-2.5007018446676264,-1.3361639424178655,-1.4539956632351312,-1.4553225169805877,-1.765989914640043
2014-01-13,-3.0801747476922774,-2.500699390437464,-1.3096172953565992,-1.415512666190509,-1.4168255281723312,-1.737759124990945
2014-01-14,-3.0801747476922774,-2.503724222485374,-1.4914999592616485,-1.7560783110198117,-1.7577137606198516,-2.0598104926212004
2014-01-15,-3.0801747476922774,-2.5015771265528994,-1.6456121574492386,-1.9213595185074868,-1.9231487557323024,-2.421109708794889
2014-01-16,-3.0801747476922774,-2.5015765740995968,-1.6362537028794488,-1.8700543905756544,-1.8718145555236487,-2.340077226367475
2014-01-17,-3.0801747476922774,-2.4953725506769957,-1.5864573707805645,-1.7863558607831882,-1.7880905358069012,-2.166524071398674
2014-01-21,-3.0801747476922774,-2.4960582316269813,-1.5589790881130354,-1.7523900030294643,-1.7541203337247675,-2.126102457234864
2014-01-22,-3.0801747476922774,-2.495814988057854,-1.5353341443499444,-1.6981775778829225,-1.699835165800534,-2.050159234855456
2014-01-23,-3.0801747476922774,-2.495533812132215,-1.4944363387986723,-1.6322768767784994,-1.6338541669645803,-1.9402566005707185
2014-01-24,-3.0801747476922774,-2.497003976962201,-1.507679267228243,-1.6945118031865305,-1.6961310325703889,-2.0660139920794367
2014-01-27,-3.0801747476922774,-2.503594842254792,-1.9042023799700225,-2.329965878381687,-2.3321221048592986,-2.7488283213657003
2014-01-28,-3.0801747476922774,-2.502102923781968,-1.8998869051792535,-2.305959488092028,-2.308159047093834,-2.683249398874869
2014-01-29,-3.0801747476922774,-2.501798703868112,-1.862330294222116,-2.1930758180102985,-2.19512683314276,-2.5950150991186685
2014-01-30,-3.0801747476922774,-2.5041260620155548,-1.908342988149963,-2.249087471872214,-2.251187572062092,-2.684740213991036
2014-01-31,-3.0801747476922774,-2.5046851625650373,-2.023389095127152,-2.3474850241111564,-2.349634001181308,-2.77469911166428
2014-02-03,-3.0801747476922774,-2.5049388731944786,-1.987377726705456,-2.2660937656912976,-2.2681592900522123,-2.702815673002142
2014-02-04,-3.0801747476922774,-2.513127296427405,-2.387758991655604,-2.8869502991683653,-2.889627176825364,-2.998912318894252
2014-02-05,-3.0801747476922774,-2.5128199304497545,-2.360703057691233,-2.7501378197359245,-2.7527194279121576,-2.8774014823493737
2014-02-06,-3.0801747476922774,-2.512635247193251,-2.2974499658682728,-2.5988308651685315,-2.6012533232677577,-2.763595537417884
2014-02-07,-3.0801747476922774,-2.512941330008498,-2.327222444422396,-2.5753866500384555,-2.5777859343562097,-2.805156989455663
2014-02-10,-3.0801747476922774,-2.5126219451598404,-2.4129557122033973,-2.6365831973180884,-2.6390736331535734,-2.886593866441925
2014-02-11,-3.0801747476922774,-2.5110450676438782,-2.347838840882059,-2.481483985435013,-2.483835771741768,-2.7499852481726004
2014-02-12,-3.0801747476922774,-2.5106883998624894,-2.3557162674226024,-2.445843161309545,-2.448145881198407,-2.7734911908979973
2014-02-13,-3.0801747476922774,-2.510101458392679,-2.2847891801343723,-2.300666012314202,-2.3028228333959047,-2.6199194613884838
2014-02-14,-3.0801747476922774,-2.5073372768431,-2.2567013866173014,-2.2227342490453426,-2.224808613267799,-2.569831245186032
2014-02-18,-3.0801747476922774,-2.5068474990164797,-2.193736978113719,-2.1098788640565664,-2.111815875878671,-2.439700259122939
2014-02-19,-3.0801747476922774,-2.5068600080918726,-2.138818335547804,-2.012231279589341,-2.0140714897420384,-2.309204444495969
2014-02-20,-3.0801747476922774,-2.5061015747913813,-2.1157090748002227,-2.0047676210613314,-2.0066003317008305,-2.3448875280431167
2014-02-21,-3.0801747476922774,-2.496823856114351,-2.0842945462163103,-1.9425959216711424,-1.9444007891037731,-2.398243982287244
2014-02-24,-3.0801747476922774,-2.4969007002224624,-2.022476659678759,-1.8538873969657472,-1.855639670199696,-2.241202074756657
2014-02-25,-3.0801747476922774,-2.4968938747101763,-1.995947849638584,-1.811248549544175,-1.812966505288189,-2.225944711731439
2014-02-26,-3.0801747476922774,-2.497056077677452,-1.9365635303126072,-1.733876802094,-1.7355188196140885,-2.0711380371905035
2014-02-27,-3.0801747476922774,-2.495968056293413,-1.8778126091636085,-1.6572624482611693,-1.6588131083128348,-1.9281773967362392
2014-02-28,-3.0801747476922774,-2.495597376690964,-1.8482472748200875,-1.62232711715399,-1.623867892977798,-1.9222002992384528
2014-03-03,-3.0801747476922774,-2.4957852621410104,-1.7919590662559417,-1.567471226734886,-1.568981883409848,-1.8485271430504029
2014-03-04,-3.0801747476922774,-2.4970154279665184,-1.7863786311054863,-1.6326255071534228,-1.6342072102335783,-1.875269386099614
2014-03-05,-3.0801747476922774,-2.4980371124994334,-1.9634072620825072,-1.94004026754194,-1.9419304333528304,-2.364415494554988
2014-03-06,-3.0801747476922774,-2.4978969897476926,-1.9039679238753024,-1.8396857578859969,-1.8415008104612745,-2.168347937342948
2014-03-07,-3.0801747476922774,-2.4962454524293647,-1.845996457337108,-1.7535134884553571,-1.755235609091283,-2.0090068203615625
2014-03-10,-3.0801747476922774,-2.4900718750219677,-1.7919723967490016,-1.6868290300289797,-1.6884948752557525,-1.9027125316432687
2014-03-11,-3.0801747476922774,-2.489864432685667,-1.7375591822928165,-1.6156211887503855,-1.6172329757129955,-1.7983787954700483
2014-03-12,-3.0801747476922774,-2.490918954794368,-1.715675305945205,-1.6300629828773907,-1.6316931610166288,-1.8415739762530736
2014-03-13,-3.0801747476922774,-2.490069036162516,-1.6673974174861657,-1.567975215691107,-1.5695566981949416,-1.8069551794108016
2014-03-14,-3.0801747476922774,-2.4931427725899225,-1.7833667288985104,-1.8503139087710487,-1.8521553707592269,-2.166596896847192
2014-03-17,-3.0801747476922774,-2.49365553875456,-1.7385003150420442,-1.7866670635174708,-1.78846060184575,-2.05529853741846
2014-03-18,-3.0801747476922774,-2.493479924909836,-1.759144933346294,-1.8089564554732975,-1.810747674547008,-2.152770355412801
2014-03-19,-3.0801747476922774,-2.4932486902914897,-1.79450877045114,-1.8461479879641212,-1.8479431057717064,-2.2278298208721945
2014-03-20,-3.0801747476922774,-2.4944485157535627,-1.773675505145846,-1.8342911194133504,-1.836078113234072,-2.2038753977335896
2014-03-21,-3.0801747476922774,-2.494444470018453,-1.7375478429468028,-1.7712450244965636,-1.7729514207972623,-2.2323415465776284
2014-03-24,-3.0801747476922774,-2.4948706721635143,-1.7237914417906954,-1.787350047745479,-1.7890708909949251,-2.116385538476493
2014-03-25,-3.0801747476922774,-2.4959638164582314,-1.7379331457709444,-1.844227156356887,-1.8459497149501265,-2.319469472126121
2014-03-26,-3.0801747476922774,-2.4959474703049898,-1.694393146228157,-1.767177821763116,-1.7688107580197598,-2.1905362597148463
2014-03-27,-3.0801747476922774,-2.498028145087852,-1.752889307295015,-1.898713377621748,-1.9004249152294552,-2.4003063392573702
2014-03-28,-3.0801747476922774,-2.498765751086149,-1.7120705514001346,-1.836832130739528,-1.8384939097444497,-2.168186099601245
2014-03-31,-3.0801747476922774,-2.497041937145253,-1.6678955335513472,-1.7636395675721728,-1.765241247573085,-2.0725458513352484
2014-04-01,-3.0801747476922774,-2.4948891929401724,-1.698555674218048,-1.7901083226900236,-1.791727194843544,-2.1524614103895816
2014-04-02,-3.0801747476922774,-2.4938542395794183,-1.7758530366116174,-1.8892607946878524,-1.890927858086797,-2.2964501763643144
2014-04-03,-3.0801747476922774,-2.4923534261583806,-1.727221838795851,-1.801112656274484,-1.802677348694688,-2.1662164464809224
2014-04-04,-3.0801747476922774,-2.4927688704928386,-1.699743576874622,-1.7852798170623507,-1.7868257183537832,-2.122271698589696
2014-04-07,-3.0801747476922774,-2.4979859389247308,-1.9862997119750416,-2.2928679289153693,-2.294683314143281,-2.642984493305081
2014-04-08,-3.0801747476922774,-2.4898147927901606,-2.0296888744621016,-2.3662184944244613,-2.368289668530462,-2.773880006742489
2014-04-09,-3.0801747476922774,-2.4889182000590857,-1.996649230980777,-2.2545546966674235,-2.2565169740342994,-2.616367538342957
2014-04-10,-3.0801747476922774,-2.4891718906679507,-2.0932496645598024,-2.342300452387329,-2.3443661693648163,-2.775816599686776
2014-04-11,-3.0801747476922774,-2.497556932663218,-2.523170618689546,-3.053865173422611,-3.056702279266037,-3.4088521330482293
2014-04-14,-3.0801747476922774,-2.500133769711151,-2.5328247536735327,-2.9981026975306646,-3.000878591738126,-3.16858254575138
2014-04-15,-3.0801747476922774,-2.5001344385467235,-2.487429834100064,-2.835434074626852,-2.8380176273245072,-3.0237775459290783
2014-04-16,-3.0801747476922774,-2.5001231710571146,-2.427055832003686,-2.6702282465168565,-2.672630149874167,-2.8425675199182243
2014-04-17,-3.0801747476922774,-2.500416773211994,-2.444648762053532,-2.628463914754581,-2.6308247815899084,-2.902448705855935
2014-04-21,-3.0801747476922774,-2.500136112503288,-2.372435156049288,-2.4596805205449725,-2.4618604016838868,-2.697072598759855
2014-04-22,-3.0801747476922774,-2.499013074292509,-2.318104918532441,-2.3298008769129126,-2.3318908791217234,-2.649215256057877
2014-04-23,-3.0801747476922774,-2.4989585228804176,-2.281230757304498,-2.2382788652231067,-2.2402305466090824,-2.5715414435952493
2014-04-24,-3.0801747476922774,-2.498383276608034,-2.232022515956608,-2.1632096085706127,-2.1650314810631017,-2.4768806863654977
2014-04-25,-3.0801747476922774,-2.4982671126322176,-2.172886621547278,-2.050718664729565,-2.052414006736892,-2.334704421575744
2014-04-28,-3.0801747476922774,-2.5001476740557016,-2.2315325997846585,-2.206078026221368,-2.2077905549547565,-2.595883349898613
2014-04-29,-3.0801747476922774,-2.4987880367871536,-2.165178839367674,-2.085942782945683,-2.08752365878461,-2.422068408293053
2014-04-30,-3.0801747476922774,-2.498682245791948,-2.126314470861587,-2.006931060777656,-2.0084545720024,-2.3634852363226595
2014-05-01,-3.0801747476922774,-2.496937427006341,-2.0678571661722622,-1.9049269691835984,-1.906381969968398,-2.23471100168047
2014-05-02,-3.0801747476922774,-2.4952155763853856,-2.0066645726656507,-1.809604813811887,-1.811002968236724,-2.0852294062345265
2014-05-05,-3.0801747476922774,-2.4940210998466816,-1.9465520773744132,-1.727622386096414,-1.728984471684517,-1.984719497702025
2014-05-06,-3.0801747476922774,-2.4863911050474106,-1.8932777385243384,-1.6566763268000029,-1.6580537613030188,-1.889867251615008
2014-05-07,-3.0801747476922774,-2.4869034332794104,-1.9488078758132996,-1.846766294387205,-1.848251029017849,-2.2237620585011197
2014-05-08,-3.0801747476922774,-2.477349372749537,-1.8906638066041697,-1.794074690848773,-1.795723699246606,-2.0944330979564296
2014-05-09,-3.0801747476922774,-2.477930024307164,-1.8394117152768656,-1.730867569626088,-1.7324923681011897,-1.994430197249964
2014-05-12,-3.0801747476922774,-2.477927078548832,-1.7930649438696609,-1.6628021165531737,-1.6643647749767132,-1.8929263232772064
2014-05-13,-3.0801747476922774,-2.478329850039021,-1.90279536201798,-1.8528717792629468,-1.8545679595222604,-2.235860557475746
2014-05-14,-3.0801747476922774,-2.476260632097439,-1.846662018918937,-1.7775230633441486,-1.7791387952559554,-2.1066963228493862
2014-05-15,-3.0801747476922774,-2.4773866164566347,-1.822173295123461,-1.7716884851604535,-1.7733284762331851,-2.105510968814864
2014-05-16,-3.0801747476922774,-2.476885971879776,-1.8324460693662803,-1.8480971641360024,-1.8498335995609616,-2.2208312032738124
2014-05-19,-3.0801747476922774,-2.476560895613727,-1.7948726672921107,-1.7776555756191113,-1.7793401683875547,-2.1151211411989848
2014-05-20,-3.0801747476922774,-2.4765614967859784,-1.7757551578145934,-1.7429087841339628,-1.7445498111288733,-2.067801160968411
2014-05-21,-3.0801747476922774,-2.4759317806922647,-1.7644367983882674,-1.7625616329335887,-1.7642275606909137,-2.117037977161572
2014-05-22,-3.0801747476922774,-2.4759809796029604,-1.7741464241460865,-1.7715523410863068,-1.773234375461208,-2.168994211291726
2014-05-23,-3.0801747476922774,-2.47525473423351,-1.7346257789335393,-1.7072719892697343,-1.7088932067896676,-2.0458325979463305
2014-05-27,-3.0801747476922774,-2.4751518709525318,-1.7149804143051397,-1.6731603841286944,-1.6747447722668547,-2.01817659162183
2014-05-28,-3.0801747476922774,-2.474713031041875,-1.741224406154288,-1.715473034727064,-1.7170880146218197,-2.1009645625280307
2014-05-29,-3.0801747476922774,-2.4713040952828185,-1.691923899478101,-1.6526429235897044,-1.6542229402535895,-1.9898264552849536
2014-05-30,-3.0801747476922774,-2.470483066890824,-1.6687364003199796,-1.617327317296462,-1.6188884631438347,-1.9484476708116905
2014-06-02,-3.0801747476922774,-2.4700295122229528,-1.6179862472813702,-1.5584431496100708,-1.559914038731814,-1.8620983449267112
2014-06-03,-3.0801747476922774,-2.469844619946006,-1.568774349905814,-1.5003900225143547,-1.5018267205306948,-1.7813865828472404
2014-06-04,-3.0801747476922774,-2.4701400053150824,-1.5213154454588709,-1.448806992631173,-1.4502083421853462,-1.7086110787624085
2014-06-05,-3.0801747476922774,-2.4653487639155376,-1.4849378029137272,-1.4064019298397317,-1.407789747477976,-1.6478699863597537
2014-06-06,-3.0801747476922774,-2.465415891195471,-1.5184241665211995,-1.475125379274109,-1.4765684064563025,-1.798690773272297
2014-06-09,-3.0801747476922774,-2.464807317694385,-1.5020219653422182,-1.4607472512656792,-1.4621943077886044,-1.778873848820843
2014-06-10,-3.0801747476922774,-2.464813068321509,-1.4615690918625612,-1.413500999895945,-1.4149152866870167,-1.7042714317387215
2014-06-11,-3.0801747476922774,-2.4636632460086503,-1.4170511174996268,-1.367648833061608,-1.3690397436952109,-1.6276046667574853
2014-06-12,-3.0801747476922774,-2.4641666384997287,-1.381083081335694,-1.358585604641702,-1.359986089220024,-1.5964650256629818
2014-06-13,-3.0801747476922774,-2.465166496432862,-1.4061124938127652,-1.4705652741115482,-1.4720668035373896,-1.7547483382535556
2014-06-16,-3.0801747476922774,-2.463309520572839,-1.3745084449246103,-1.4258168377243816,-1.4272927273811868,-1.6744231770256597
2014-06-17,-3.0801747476922774,-2.463422773872357,-1.3358638329920212,-1.3785007126286453,-1.379921553108114,-1.5923299814891068
2014-06-18,-3.0801747476922774,-2.4634667300036583,-1.3060172019960778,-1.3433406937865564,-1.3447330583213664,-1.7275121292034843
2014-06-19,-3.0801747476922774,-2.4633751756337645,-1.3239977584306346,-1.3838215895040096,-1.3852369061464622,-1.815283914885493
2014-06-20,-3.0801747476922774,-2.463510705594488,-1.283733856552792,-1.3425077539798262,-1.3438785906588062,-1.7434013197922855
2014-06-23,-3.0801747476922774,-2.4625745534322894,-1.249141984585182,-1.30211867298246,-1.3034453059741222,-1.706403506261249
2014-06-24,-3.0801747476922774,-2.462726539141605,-1.2110881538597125,-1.2668817552707865,-1.2681728852086254,-1.401401744249159
2014-06-25,-3.0801747476922774,-2.4609524124833744,-1.2128440140977008,-1.3323321815147346,-1.3336670456035415,-1.7551591279480054
2014-06-26,-3.0801747476922774,-2.4607274293238963,-1.221638441910535,-1.3445569070245038,-1.3459157626906104,-1.7887581015894938
2014-06-27,-3.0801747476922774,-2.460727029243584,-1.1850391466163055,-1.3097468730735222,-1.3110754092011037,-1.445314090258314
2014-06-30,-3.0801747476922774,-2.4607680629633224,-1.1624876525846803,-1.2827193057068726,-1.2840221528621727,-1.4107882594852796
2014-07-01,-3.0801747476922774,-2.46093512350772,-1.1284500285659538,-1.2496975796167318,-1.250972741240223,-1.3578208812377264
2014-07-02,-3.0801747476922774,-2.461066015132122,-1.2087899497127974,-1.3692327718229715,-1.3705955254568911,-1.8482036611132164
2014-07-03,-3.0801747476922774,-2.4611876285202823,-1.1720361724699793,-1.3235530919691678,-1.324870287238106,-1.7399113914490183
2014-07-07,-3.0801747476922774,-2.4607947620852006,-1.1847877272176548,-1.3352925892858896,-1.336619910920217,-1.7847681557396056
2014-07-08,-3.0801747476922774,-2.4617542176224734,-1.1955270192259664,-1.3944509534698295,-1.395799911806736,-1.6371214368230311
2014-07-09,-3.0801747476922774,-2.461878163287408,-1.3000079173926526,-1.6017793887990135,-1.6032515159152858,-2.123466807244006
2014-07-10,-3.0801747476922774,-2.4606545375625237,-1.2980465895059436,-1.571583678502054,-1.573053736460077,-2.062192766121882
2014-07-11,-3.0801747476922774,-2.4614517740126503,-1.286208051980219,-1.5616180377315096,-1.563092310765966,-2.0340836647641747
2014-07-14,-3.0801747476922774,-2.461092566943841,-1.2581076393165287,-1.5024875725248643,-1.503904217147303,-1.9225685335140588
2014-07-15,-3.0801747476922774,-2.460982819672516,-1.2556736654562697,-1.4778285684625572,-1.4792367488078473,-1.9048550590679307
2014-07-16,-3.0801747476922774,-2.461726084967635,-1.2353503675591264,-1.4637998821592566,-1.4651667752312616,-1.7153097056031437
2014-07-17,-3.0801747476922774,-2.4614947019748663,-1.2113433136494227,-1.4222740473067446,-1.4235899403457262,-1.811842153579728
2014-07-18,-3.0801747476922774,-2.4620874361787464,-1.3905478224427608,-1.7351666879203826,-1.7367320054879345,-2.0511827138358045
2014-07-21,-3.0801747476922774,-2.4624604332116227,-1.5360338105640974,-1.8846195578869067,-1.8862685708629827,-2.4381445259136854
2014-07-22,-3.0801747476922774,-2.462908694674148,-1.4936057636248148,-1.798205333577184,-1.799772596121452,-2.129830751813745
2014-07-23,-3.0801747476922774,-2.4602187316396336,-1.48829378327702,-1.7491649025846978,-1.7506793225382062,-2.224955848134226
2014-07-24,-3.0801747476922774,-2.4596515767123077,-1.452105481242116,-1.6706272590303568,-1.6720605088584175,-1.9305181745803637
2014-07-25,-3.0801747476922774,-2.457211516085412,-1.407873559106813,-1.594729787130781,-1.5960897507626404,-1.7949387630538882
2014-07-28,-3.0801747476922774,-2.4542519981012663,-1.393916122817045,-1.5894178405636123,-1.5908080560194933,-1.7985341188241648
2014-07-29,-3.0801747476922774,-2.4460381246943528,-1.3516241280187218,-1.5259238523028564,-1.5272788860678663,-1.6827217123699163
2014-07-30,-3.0801747476922774,-2.446578466197047,-1.3182781783331066,-1.4976561908379695,-1.49899450844702,-1.7937656925177166
2014-07-31,-3.0801747476922774,-2.445903555306744,-1.2848125503575816,-1.4483106859279058,-1.4496003021032855,-1.74095596329853
2014-08-01,-3.0801747476922774,-2.4522435989132845,-1.7133887648231545,-2.1440632481432838,-2.1457925870469188,-2.473914668349759
2014-08-04,-3.0801747476922774,-2.448839355328399,-1.672422400520223,-2.0428299643186327,-2.0445536726603954,-2.342299263024768
2014-08-05,-3.0801747476922774,-2.445976705628529,-1.671998368525277,-1.9850627949284472,-1.9867479777616917,-2.314906572370031
2014-08-06,-3.0801747476922774,-2.4472170436174143,-1.6905836966986918,-2.0082005481823195,-2.009902971349271,-2.3612338122214758
2014-08-07,-3.0801747476922774,-2.4471480728891337,-1.639149496121759,-1.9003380482208536,-1.9019577041847533,-2.201871383659153
2014-08-08,-3.0801747476922774,-2.4475845959529745,-1.6155344442829984,-1.859097070856228,-1.860704277070988,-2.1644076564109325
2014-08-11,-3.0143361361698195,-2.435300487869457,-1.6640393379358995,-1.8906566618249627,-1.8922565997440413,-2.2169813195668584
2014-08-12,-3.0143361361698195,-2.435301540170069,-1.6368151004947822,-1.8227219285614191,-1.8242729972631293,-2.135723219356437
2014-08-13,-3.0143361361698195,-2.434162865907318,-1.5918646232976,-1.749207342125641,-1.7506904964089771,-2.015397408474514
2014-08-14,-3.0143361361698195,-2.433781503023217,-1.616381218336045,-1.7576407090574862,-1.759135127878213,-1.9916943545373484
2014-08-15,-3.0143361361698195,-2.433319842570373,-1.5861051894654998,-1.6931933124353935,-1.6946323275276798,-1.8989104265086527
2014-08-18,-3.0143361361698195,-2.4330635215521967,-1.5395887607187797,-1.6215360029533503,-1.622917304940629,-1.8930713089374005
2014-08-19,-3.0143361361698195,-2.4329549665121726,-1.5798590096646226,-1.6621341723430056,-1.6635643091885115,-1.88052446067717
2014-08-20,-3.0143361361698195,-2.4318584084678423,-1.5541794206318054,-1.6160124838633512,-1.617457939196946,-2.037048014954314
2014-08-21,-3.0143361361698195,-2.432014350466637,-1.5081926097727414,-1.5520068431078804,-1.5533778696343352,-1.814140188867807
2014-08-22,-3.0143361361698195,-2.4320813791102944,-1.4671037590770142,-1.494949965336965,-1.4962566893704798,-1.725531267140734
2014-08-25,-3.0143361361698195,-2.4322425587069705,-1.422503382390805,-1.4457109361702878,-1.4469743875750678,-1.6671168783221566
2014-08-26,-3.0143361361698195,-2.431890854104592,-1.4023384620887374,-1.416916146735642,-1.4181548092969265,-1.64688045044568
2014-08-27,-3.0143361361698195,-2.4289917511723567,-1.364296844891694,-1.3681144172029034,-1.369310840587343,-1.6164356451997686
2014-08-28,-3.0143361361698195,-2.429043992479182,-1.3227440727826465,-1.327430822309753,-1.3285956339657476,-1.576598983916196
2014-08-29,-3.0143361361698195,-2.429141940172337,-1.2882955331172334,-1.3072911353646328,-1.3084445473047444,-1.5737640293153732
2014-09-02,-3.0143361361698195,-2.429030570806848,-1.2709989275995917,-1.2900518257412832,-1.2911986591076283,-1.3008875972285423
2014-09-03,-3.0143361361698195,-2.4285753090352697,-1.2359934449881038,-1.2643066287249076,-1.2654773699020374,-1.6173395109454898
2014-09-04,-3.0143361361698195,-2.4291872993180843,-1.2120015558951516,-1.27823621756778,-1.2794155513424068,-1.6425774648429208
2014-09-05,-3.0143361361698195,-2.429427261030565,-1.1800149997860765,-1.2609281650271995,-1.26210194429111,-1.3539088494684108
2014-09-08,-3.0143361361698195,-2.4294233962069205,-1.1758504072904328,-1.2627376261889836,-1.2639111627403892,-1.6422955853541308
2014-09-09,-3.0143361361698195,-2.428920744555803,-1.140407650678838,-1.248740185283287,-1.2499724508712358,-1.3599259411087987
2014-09-10,-3.0143361361698195,-2.430340908729433,-1.1886544526769864,-1.380290860082217,-1.381636953494214,-1.81539096642804
2014-09-11,-3.0143361361698195,-2.430284617881062,-1.1952814071798794,-1.3824149778743964,-1.383751210967789,-1.581124023054063
2014-09-12,-3.0143361361698195,-2.430436922346564,-1.1603167911941628,-1.3361505971021244,-1.3374570474128784,-1.7023571554860686
2014-09-15,-3.0143361361698195,-2.431536243405213,-1.1698730821157295,-1.388234735118134,-1.389579952708185,-1.5690544046684405
2014-09-16,-3.0143361361698195,-2.432383287602861,-1.1800583183405184,-1.4630739263539374,-1.4648448206724511,-1.8748236528173667
2014-09-17,-3.0143361361698195,-2.432085430725914,-1.2205451704835333,-1.4962131430918806,-1.4980251486087297,-1.945450222157627
2014-09-18,-3.0143361361698195,-2.432156850387285,-1.1872375858451674,-1.4389318708894088,-1.4406949601187524,-1.8189822692019264
2014-09-19,-3.0143361361698195,-2.432161938554232,-1.1983963625205163,-1.4357456877108143,-1.43751369465736,-1.8333783608789584
2014-09-22,-3.0143361361698195,-2.4323882014439797,-1.1660420643573834,-1.3985072878260385,-1.400211906489622,-1.7523837080790268
2014-09-23,-3.0143361361698195,-2.433302375414093,-1.259500291427035,-1.5680881644366356,-1.5699776666507828,-2.025432081515256
2014-09-24,-3.0143361361698195,-2.4342504854585147,-1.2539195615577934,-1.5691910847830044,-1.5710752867250688,-2.002925532908227
2014-09-25,-3.0143361361698195,-2.4343343118120067,-1.320234922977861,-1.6227065650149777,-1.6246520827930857,-2.0819820379363843
2014-09-26,-3.0143361361698195,-2.438214572506354,-1.6387416079961576,-2.106069181662537,-2.10858289921762,-2.553570933128863
2014-09-29,-3.0143361361698195,-2.438012942897878,-1.6754191777222012,-2.083552773022118,-2.0860412704383826,-2.518872173090504
2014-09-30,-3.0143361361698195,-2.4382335443251795,-1.6282851667844391,-1.9747268459853171,-1.977093429852128,-2.3983011325903574
2014-10-01,-3.0143361361698195,-2.43882802946114,-1.5866062406570038,-1.8866691435441785,-1.888949280630927,-2.2965825718315074
2014-10-02,-3.0143361361698195,-2.442434258535513,-1.750634093521865,-2.1290848288991326,-2.131672167451477,-2.427460119884108
2014-10-03,-3.0143361361698195,-2.441758648421808,-1.6981099820047625,-2.0082519539799413,-2.010705168435046,-2.2982002042234293
2014-10-06,-3.0143361361698195,-2.442052245848086,-1.754705634039696,-2.0382888848290177,-2.040812367931637,-2.335461096623594
2014-10-07,-3.0143361361698195,-2.442509587704008,-1.7104828982961828,-1.9523263479635735,-1.9547367316716184,-2.238568947643857
2014-10-08,-3.0143361361698195,-2.446490824790652,-1.8787630542557665,-2.207246862420128,-2.2099916236641763,-2.470398168967369
2014-10-09,-3.0143361361698195,-2.4472942819018493,-2.092543578352376,-2.4437731015790733,-2.446864305778594,-2.761872828532612
2014-10-10,-3.0143361361698195,-2.453571143709722,-2.3450800427012823,-2.8067559875326045,-2.8103564574815647,-3.001107713880394
2014-10-13,-3.0143361361698195,-2.4584279562577507,-2.4840041556807857,-2.9846637431631087,-2.988482504602508,-3.172518027020957
2014-10-14,-3.0143361361698195,-2.4624156380447872,-2.568613368322397,-3.057631451779325,-3.061588213835569,-3.2563142046136537
2014-10-15,-3.0143361361698195,-2.4623938927098075,-2.494082163185148,-2.856057638440684,-2.8597938843514754,-3.003146203181928
2014-10-16,-3.0143361361698195,-2.462790599173453,-2.4381111923518146,-2.7265794681795703,-2.730155457706648,-2.795458612383783
2014-10-17,-3.0143361361698195,-2.462945376594607,-2.363905955154778,-2.5577872198630294,-2.561181971575228,-2.619807578341081
2014-10-20,-3.0143361361698195,-2.459472054531123,-2.379769617985757,-2.533275324525248,-2.5366348963584304,-2.672640373737506
2014-10-21,-3.0143361361698195,-2.459750650702724,-2.395007321253723,-2.5027146553367623,-2.5060522187722785,-2.737071047677849
2014-10-22,-3.0143361361698195,-2.4622417743371363,-2.626257746552673,-2.7957624982826004,-2.7994980221358383,-3.0739211559186512
2014-10-23,-3.0143361361698195,-2.4636141325495573,-2.584993750650564,-2.6974207689641303,-2.7010462351049527,-2.8472322713775866
2014-10-24,-3.0143361361698195,-2.464362768389383,-2.6306707571447987,-2.708257665845483,-2.711901594538761,-2.8809221531598883
2014-10-27,-3.0143361361698195,-2.464392324865311,-2.5813173056916296,-2.5847905134829032,-2.588281545236302,-2.745106943627132
2014-10-28,-3.0143361361698195,-2.4639752467728693,-2.502845397034313,-2.436672240365949,-2.439961108065658,-2.563503120308614
2014-10-29,-3.0143361361698195,-2.4577668794758987,-2.5651222368009075,-2.5005232628206664,-2.503878050936257,-2.842031087342
2014-10-30,-3.0143361361698195,-2.458265340821532,-2.49056761390439,-2.367910756636197,-2.371097487009967,-2.697710747769706
2014-10-31,-3.0143361361698195,-2.457428397435568,-2.431183483221657,-2.2591041156426463,-2.262122018322224,-2.616708226464284
2014-11-03,-3.0143361361698195,-2.452639147250769,-2.468334203915177,-2.299843657232602,-2.3029113089988287,-2.702803776232532
2014-11-04,-3.0143361361698195,-2.4520503417541506,-2.393597044769269,-2.1734031519379564,-2.176294868185228,-2.592413450440393
2014-11-05,-3.0143361361698195,-2.4427147723397376,-2.327243600205303,-2.0774494665891794,-2.0802191367688048,-2.369618591672708
2014-11-06,-3.0143361361698195,-2.4411666440098343,-2.260934051775989,-1.985884939407914,-1.9885435014035693,-2.256551040672695
2014-11-07,-2.9312426636332622,-2.426531319957916,-2.2027328812049154,-1.8993574077661093,-1.9018716974960264,-2.2844169394614786
2014-11-10,-2.9312426636332622,-2.420993984087432,-2.135793839894664,-1.80794577025487,-1.810364565880527,-2.081062587292581
2014-11-11,-2.9312426636332622,-2.4056367199699373,-2.080943722281699,-1.7360274763021408,-1.738343478052573,-1.9590054581542933
2014-11-12,-2.9312426636332622,-2.405345759024919,-2.018926627077493,-1.6536185004070771,-1.655838343401104,-1.8320225860128097
2014-11-13,-2.9312426636332622,-2.4040701515684137,-1.9586381562709567,-1.5848011879600246,-1.5869414532429016,-1.762104169775442
2014-11-14,-2.9312426636332622,-2.4012573018064294,-1.8995163080848732,-1.515280643538096,-1.51732906383384,-1.6991195917569548
2014-11-17,-2.9312426636332622,-2.3955359419001323,-1.84256046506771,-1.4549783759234791,-1.4569347810480635,-1.4221319501850127
2014-11-18,-2.9312426636332622,-2.395873663257772,-1.7884900607105816,-1.414207834122427,-1.4161052348865466,-1.3292566662502283
2014-11-19,-2.9312426636332622,-2.391924514453396,-1.7664561740651583,-1.4122537125211978,-1.4141484348042046,-1.7136795044565174
2014-11-20,-2.9312426636332622,-2.391313768977158,-1.724894430962769,-1.4040044432253649,-1.4058690603416746,-1.519820217997614
2014-11-21,-2.8148156854938997,-2.370695379700849,-1.6861053327508675,-1.3727467302642038,-1.3745467971573415,-1.6029872145216717
2014-11-24,-2.8148156854938997,-2.370084917514279,-1.648948530826874,-1.3537964955911763,-1.355581477196515,-1.7080087829201356
2014-11-25,-2.8148156854938997,-2.367855389393734,-1.6331880781849577,-1.3673034225130294,-1.3691234079190733,-1.7585025890239565
2014-11-26,-2.8148156854938997,-2.367835287111418,-1.5834851972181232,-1.3273459595134611,-1.3291177349000305,-1.6959640681927195
2014-11-28,-2.8148156854938997,-2.366569114921757,-1.5560133469312434,-1.313985921103198,-1.3157311495118542,-1.7040693450717324
2014-12-01,-2.8148156854938997,-2.358427084895413,-1.5093394676907672,-1.2907291775962246,-1.2924409783108806,-1.40159317814504
2014-12-02,-2.8148156854938997,-2.358243568478547,-1.5741288134287643,-1.5069380712540914,-1.5088334438054396,-1.9608289239700296
2014-12-03,-2.8148156854938997,-2.3536996678126294,-1.5663182747958957,-1.5041419038344088,-1.5060237454365282,-1.9409944341518044
2014-12-04,-2.8148156854938997,-2.349464742692178,-1.53425995429114,-1.4623077235178428,-1.4641133440900018,-1.7799353018945123
2014-12-05,-2.8148156854938997,-2.349809674419138,-1.488860409345386,-1.4160690218138172,-1.4178531981250442,-1.73391639540139
2014-12-08,-2.6844873196219936,-2.3331217598673226,-1.4480732323365832,-1.3672860523617627,-1.3690174850028043,-1.6745937036964615
2014-12-09,-2.6844873196219936,-2.3298825157063456,-1.4734969367571216,-1.4786730698048474,-1.4805690330381225,-1.8583148932568496
2014-12-10,-2.6844873196219936,-2.329941787247292,-1.4362277067735802,-1.438004233905763,-1.4398037436440934,-1.7765606232489166
2014-12-11,-2.6844873196219936,-2.3336241960003803,-1.6952424184424535,-1.9371509934120523,-1.9394722299217,-2.436255042038862
2014-12-12,-2.6844873196219936,-2.328266441273464,-1.6665116449332142,-1.856644260559425,-1.8589092918307264,-2.261849914306841
2014-12-15,-2.6844873196219936,-2.3317996376182357,-1.801993219263884,-2.111853005382648,-2.114415587276733,-2.59444241937772
2014-12-16,-2.6844873196219936,-2.333256683868998,-1.8116813726853715,-2.1058377644819952,-2.10836699406935,-2.6088253434575432
2014-12-17,-2.6844873196219936,-2.331563684046636,-1.856083748250374,-2.165924114528702,-2.1684048308213626,-2.686722726467115
2014-12-18,-2.6844873196219936,-2.333721189860157,-2.1476345887940065,-2.543180057436577,-2.546131925266588,-2.867277451238851
2014-12-19,-2.6844873196219936,-2.336767780519233,-2.4587780617077155,-2.945749261875682,-2.949205595167214,-2.938611922830312
2014-12-22,-2.6844873196219936,-2.3366342345893614,-2.395099162695133,-2.734927643323757,-2.738171530061728,-2.8183822566802874
2014-12-23,-2.6844873196219936,-2.335348144341285,-2.3310872046625475,-2.5445776543557224,-2.5476261019993136,-2.717607368009439
2014-12-24,-2.6844873196219936,-2.33204222297922,-2.260536672467717,-2.3768432633509105,-2.379713858718546,-2.582765911132412
2014-12-26,-2.6844873196219936,-2.331552066017705,-2.1921156976323792,-2.2160014813236457,-2.2186897283364737,-2.3137443144032286
2014-12-29,-2.6844873196219936,-2.3268344998084194,-2.145401327748336,-2.0991587624917774,-2.101680878607848,-2.3202411289212
2014-12-30,-2.6844873196219936,-2.3269959450062028,-2.080192088208572,-1.9631078600181089,-1.965482763647564,-2.120535062605857
2014-12-31,-2.6844873196219936,-2.327663043646307,-2.0412478581774187,-1.9058712345322504,-1.908189816500261,-2.1359480766608274
2015-01-02,-2.6634325796077496,-2.3134391295309524,-2.052261801403472,-1.98065798262473,-1.9830533892279276,-2.2329335740437104
2015-01-05,-2.6634325796077496,-2.311177455656803,-1.990813786541279,-1.8670526515305828,-1.86931205994446,-2.147940912203495
2015-01-06,-2.6634325796077496,-2.3153829500223773,-2.163186071005045,-2.261769524548436,-2.2644568086138355,-2.666598380533549
2015-01-07,-2.6634325796077496,-2.317006769066554,-2.1879449047195623,-2.3049965367663727,-2.307703426779055,-2.7043010197280166
2015-01-08,-2.6634325796077496,-2.317460213755453,-2.229255415129682,-2.320014735540491,-2.3227834627263477,-2.735975939645785
2015-01-09,-2.6634325796077496,-2.3124643144086594,-2.3923158916857004,-2.5528044732887345,-2.555819881630458,-2.822111202482251
2015-01-12,-2.6634325796077496,-2.313956916813328,-2.3597528544371564,-2.463156375483199,-2.4660672704939848,-2.800276414465481
2015-01-13,-2.6634325796077496,-2.315608890141472,-2.335832537330191,-2.3984089701609976,-2.40126276631041,-2.770137755496385
2015-01-14,-2.6634325796077496,-2.315873725727231,-2.2665896252226965,-2.238086125944412,-2.240767554566182,-2.640551317265512
2015-01-15,-2.6634325796077496,-2.3153708007424982,-2.2181945597019475,-2.143293330370002,-2.1458562180355982,-2.4877293203000383
2015-01-16,-2.6634325796077496,-2.3181816534965485,-2.258150937089397,-2.247414225718335,-2.2500709446447056,-2.724873696243389
2015-01-20,-2.6634325796077496,-2.318717752294625,-2.3219479330769293,-2.3255945357436145,-2.3283640476248744,-2.784715897309207
2015-01-21,-2.6202660008275656,-2.306140707103713,-2.2575990418724667,-2.170116227728768,-2.172722369542582,-2.6236187741873103
2015-01-22,-2.6202660008275656,-2.3061002027057,-2.199001678149328,-2.0369347296724447,-2.0393645152024136,-2.5369486269534773
2015-01-23,-2.6202660008275656,-2.307025461879652,-2.327569594284752,-2.2705489899926783,-2.2732625203436965,-2.759800987690906
2015-01-26,-2.6202660008275656,-2.303713273759365,-2.2594433735478194,-2.144323051228063,-2.1468785452019743,-2.6290859933893502
2015-01-27,-2.6202660008275656,-2.299981305614343,-2.196165101194764,-2.0052490792544777,-2.007641380179684,-2.502359624557917
2015-01-28,-2.6202660008275656,-2.3043501956562,-2.322747340945739,-2.325381736344473,-2.3280502004215786,-2.7701682098639577
2015-01-29,-2.6202660008275656,-2.306635954368495,-2.344798804429088,-2.3945585520669863,-2.3972729201909515,-2.785722199595223
2015-01-30,-2.6202660008275656,-2.3063271347969367,-2.338491263898689,-2.3289018735308806,-2.331567412060133,-2.6242449256685725
2015-02-02,-2.6202660008275656,-2.307253099960383,-2.363370812673484,-2.3953425171209832,-2.398102432991415,-2.664564986869625
2015-02-03,-2.6202660008275656,-2.3066240594003378,-2.373928394937394,-2.373734334322924,-2.376472248643927,-2.652593940516596
2015-02-04,-2.6202660008275656,-2.307028362575333,-2.4109401971774007,-2.403688718529708,-2.406476536081527,-2.685555292639751
2015-02-05,-2.6202660008275656,-2.30547657643474,-2.34482408576843,-2.253164845620671,-2.255647121884353,-2.561650197870863
2015-02-06,-2.6202660008275656,-2.304759997207177,-2.346855084786244,-2.2232210804420904,-2.225706746152721,-2.5813080974597558
2015-02-09,-2.6202660008275656,-2.305489099993041,-2.2861257531772714,-2.100743135654711,-2.1031392017051966,-2.4984111075025046
2015-02-10,-2.6202660008275656,-2.3056849056751494,-2.2285817281058704,-1.9960520986721928,-1.9984093031172927,-2.3006664353492217
2015-02-11,-2.6202660008275656,-2.305540560291822,-2.262690790422514,-2.057118404354189,-2.0595800487501577,-2.532053488155514
2015-02-12,-2.6202660008275656,-2.305645074695754,-2.195205129369599,-1.9177951430947269,-1.920121688816252,-2.408972183878794
2015-02-13,-2.6202660008275656,-2.3039410965319287,-2.2130302038474063,-1.9563849653993668,-1.958832339197759,-2.4920618393529965
2015-02-17,-2.595543637242573,-2.2918766996761164,-2.170474215796883,-1.8684348458598452,-1.870764251769272,-2.411752478512658
2015-02-18,-2.595543637242573,-2.2905855049243646,-2.105763968489177,-1.7490911647022822,-1.7512963228080682,-2.265702625449393
2015-02-19,-2.595543637242573,-2.2895893653676778,-2.041868531177707,-1.6460148974184716,-1.6481201109404255,-2.0927491516788383
2015-02-20,-2.595543637242573,-2.2896335051976053,-1.9811244340316256,-1.5655838985160897,-1.5675948316322088,-1.935742844688026
2015-02-23,-2.595543637242573,-2.289102206270236,-1.953186307697541,-1.5493905367855474,-1.5513736215492029,-1.9187574666089788
2015-02-24,-2.595543637242573,-2.289238800361812,-1.8937909107014848,-1.472403671032131,-1.4742984100497167,-1.7648777286401205
2015-02-25,-2.595543637242573,-2.284459311960459,-1.839984863580986,-1.409143403790014,-1.4109519259160777,-1.6563487202371028
2015-02-26,-2.595543637242573,-2.2843155281919003,-1.784142628149039,-1.3562034586027476,-1.3579601916807384,-1.5819115862482411
2015-02-27,-2.595543637242573,-2.2830692555645395,-1.7314896225670728,-1.323967168547032,-1.325747108206097,-1.5481224531951552
2015-03-02,-2.595543637242573,-2.2795301984488257,-1.693599888816472,-1.3403130594133323,-1.3420988334905966,-1.577523079224303
2015-03-03,-2.595543637242573,-2.2795877202771826,-1.6970416498239886,-1.4000154719179412,-1.4018943382998956,-1.6870213911248042
2015-03-04,-2.595543637242573,-2.2785670913721345,-1.670790296992798,-1.4340203437154888,-1.4359588117161677,-1.71592566786739
2015-03-05,-2.595543637242573,-2.277978768442021,-1.6319968691235684,-1.427962773341353,-1.429856576459324,-1.6117167927114353
2015-03-06,-2.595543637242573,-2.273867472950757,-1.5871154559469898,-1.3721560757159692,-1.3739163218349062,-1.5276724267931532
2015-03-09,-2.595543637242573,-2.2766779131477173,-1.7012262629053332,-1.7589070989438556,-1.7611323135322263,-2.1476963976965706
2015-03-10,-2.595543637242573,-2.270729229589163,-1.661381589344901,-1.6652874989509745,-1.6674650577383372,-2.0299474378743945
2015-03-11,-2.595543637242573,-2.2754020189053854,-1.8791976533211208,-2.170261967499571,-2.1730730289608,-2.445232238656174
2015-03-12,-2.595543637242573,-2.275017049680993,-1.8254195719248445,-2.0169678812470275,-2.0195750808309145,-2.292865367489167
2015-03-13,-2.595543637242573,-2.2726442913071274,-1.8720927282260031,-2.0574311272507755,-2.060046115981846,-2.3548736044465954
2015-03-16,-2.595543637242573,-2.273626320831108,-1.839564086498512,-1.9773867670855,-1.979910256814603,-2.289995398867883
2015-03-17,-2.595543637242573,-2.274220243363509,-1.9229109438549103,-2.0856554422917246,-2.0883209619493783,-2.415467538317041
2015-03-18,-2.595543637242573,-2.274551095815587,-1.8649754952130848,-1.9481058287405773,-1.9505917752459976,-2.279861040070189
2015-03-19,-2.595543637242573,-2.2738295042716548,-1.9067269091894528,-1.9954498397485845,-1.9980868749294427,-2.3507875870869506
2015-03-20,-2.595543637242573,-2.2740522044378326,-1.8505757663472897,-1.8857353448767076,-1.888230739664131,-2.231054053552106
2015-03-23,-2.595543637242573,-2.274136921146436,-1.849588439861136,-1.856147860690223,-1.8585890700251124,-2.181403439304553
2015-03-24,-2.595543637242573,-2.2744628090922188,-1.79850576940575,-1.753951559885303,-1.7562439940386347,-2.1311295774331107
2015-03-25,-2.595543637242573,-2.2753755235003768,-1.7641837353815544,-1.715852754263583,-1.7180902165221084,-2.0855026652494164
2015-03-26,-2.595543637242573,-2.2800728255538,-2.0337703323326783,-2.322837226729218,-2.3260766560684942,-2.5861945804609183
2015-03-27,-2.595543637242573,-2.2800545321093884,-1.97712407340464,-2.1598390480622385,-2.1628253114233105,-2.4543919486214887
2015-03-30,-2.595543637242573,-2.278941305522556,-1.9306608041358508,-2.0178716413198865,-2.0206287031183083,-2.3636482355929584
2015-03-31,-2.595543637242573,-2.2782564758858768,-1.9888650912423596,-2.0932691285120906,-2.096115470119252,-2.4752288854826645
2015-04-01,-2.595543637242573,-2.277292979063952,-1.997452441471572,-2.118008466119126,-2.12097922709159,-2.4000407396613337
2015-04-02,-2.595543637242573,-2.277067427740229,-1.950629117234572,-2.005037867898508,-2.007845187682532,-2.422305636506195
2015-04-06,-2.595543637242573,-2.2771265741724345,-1.8963457634033545,-1.8734045288406984,-1.8759989881357,-2.2414340393106347
2015-04-07,-2.595543637242573,-2.276673852015374,-1.8743099575287647,-1.8121025985088,-1.814595742953635,-2.154253823207921
2015-04-08,-2.595543637242573,-2.2764530043159503,-1.819955784875377,-1.7114746352118977,-1.7138137308071244,-2.1317881967200094
2015-04-09,-2.595543637242573,-2.276404730775732,-1.7916901735006427,-1.6584236518046174,-1.6606640482478787,-2.077084709475878
2015-04-10,-2.595543637242573,-2.274256613200174,-1.7569071147391773,-1.5962151140416,-1.59839415408825,-1.861246766433433
2015-04-13,-2.595543637242573,-2.2712701801104616,-1.7246934207543771,-1.5513316097100338,-1.5537222683791414,-1.7804493486396522
2015-04-14,-2.595543637242573,-2.271045515335484,-1.6812791956332098,-1.5210230884043532,-1.523361350189812,-1.701473273207293
2015-04-15,-2.595543637242573,-2.271055323459051,-1.63014188182103,-1.4575563708430823,-1.4597420436660484,-1.6123222686266556
2015-04-16,-2.595543637242573,-2.271026752449839,-1.6163735079517354,-1.4559203046879132,-1.4580950564566912,-1.626145189922468
2015-04-17,-2.595543637242573,-2.2711189612345524,-1.5676570250714144,-1.3974903353670498,-1.3995305228617665,-1.539091686027891
2015-04-20,-2.595543637242573,-2.2745138348478484,-1.6991949927499392,-1.7878534841803189,-1.790373966191097,-2.174650587007442
2015-04-21,-2.595543637242573,-2.274764922888061,-1.7610735014266177,-1.8726721069892889,-1.8753304153749333,-2.2859153554351663
2015-04-22,-2.595543637242573,-2.2742639688465114,-1.7088098925330009,-1.7618495663450977,-1.7642557296721166,-2.166896173480919
2015-04-23,-2.595543637242573,-2.274175821374462,-1.677664042631043,-1.6882067183410137,-1.6901951834001356,-2.034405194422105
2015-04-24,-2.595543637242573,-2.274189632057164,-1.6370493312093606,-1.6032478562621548,-1.605163100762321,-1.895518967563158
2015-04-27,-2.595543637242573,-2.2693356059048178,-1.6093755936519805,-1.5502684547582848,-1.5521759681111431,-1.826054081705487
2015-04-28,-2.595543637242573,-2.270168432928128,-1.588342628383074,-1.558520581346624,-1.560519759093176,-1.829680154270233
2015-04-29,-2.595543637242573,-2.2702025669831687,-1.5408189806087758,-1.4904667709048365,-1.492332802864794,-1.70955708626692
2015-04-30,-2.595543637242573,-2.271205002336137,-1.5210932260336476,-1.5044508594859138,-1.506275148374003,-1.7372128943320224
2015-05-01,-2.595543637242573,-2.274576183114781,-1.6591748223708052,-1.85218107252995,-1.8542962860661183,-2.13118270024452
2015-05-04,-2.595543637242573,-2.2749491747341883,-1.744900382125643,-1.9646272988957183,-1.966839875144156,-2.3264169607541607
2015-05-05,-2.595543637242573,-2.274743024377213,-1.6983169342513216,-1.8355490092665852,-1.8376070338518231,-2.2282029552645333
2015-05-06,-2.595543637242573,-2.278162679653443,-1.8234527786472023,-2.1034482905513787,-2.1057739022549167,-2.4977918695573997
2015-05-07,-2.595543637242573,-2.278744223125255,-1.7842595145304865,-1.9967394218778207,-1.9989211153057784,-2.3454230620143983
2015-05-08,-2.595543637242573,-2.278500428827126,-1.7488789213630742,-1.8822589522328708,-1.8843097705851768,-2.258350783783336
2015-05-11,-2.595543637242573,-2.2788740208353087,-1.8394646333813096,-2.0290365902062724,-2.031210493770691,-2.3692328490757637
2015-05-12,-2.595543637242573,-2.2795674292102177,-1.7948605297315974,-1.928919162879286,-1.9309845472739,-2.312251764773728
2015-05-13,-2.595543637242573,-2.278772194172898,-1.7498302515732105,-1.83064436880553,-1.8326775719519568,-2.28845116157265
2015-05-14,-2.595543637242573,-2.2789063589808123,-1.6966763522387986,-1.7134459995833544,-1.7153667747511705,-2.0754562389124485
2015-05-15,-2.595543637242573,-2.279136760819948,-1.786959145576687,-1.8692081783540968,-1.871302611293008,-2.247794922515466
2015-05-18,-2.595543637242573,-2.277838967137237,-1.7325383882768055,-1.7468241972399725,-1.7487772879748638,-2.1426588633764934
2015-05-19,-2.595543637242573,-2.277838547535182,-1.699208933663603,-1.6681163397983236,-1.6699652005308652,-2.109334887355306
2015-05-20,-2.595543637242573,-2.2768521261144423,-1.6487481414834515,-1.580962711353337,-1.582739388386568,-1.943823324648116
2015-05-21,-2.595543637242573,-2.273751251398999,-1.5986101116783864,-1.5038785561652783,-1.5055773975254774,-1.7871304677171107
2015-05-22,-2.595543637242573,-2.2733728691001622,-1.5595739893386673,-1.4418155173479132,-1.4434444870830838,-1.6881427101741078
2015-05-26,-2.595543637242573,-2.2688585124196248,-1.5137632309057945,-1.3960394374221068,-1.397617798073199,-1.6117047639667337
2015-05-27,-2.595543637242573,-2.271236527837884,-1.5905850663641987,-1.6593360596161566,-1.6611995678318472,-1.99797210760758
2015-05-28,-2.595543637242573,-2.270616466678895,-1.6833310018893357,-1.808819506429686,-1.8108048824680265,-2.218360581131261
2015-05-29,-2.595543637242573,-2.2709448481847088,-1.6342202013109877,-1.7045007315950036,-1.7063630337407654,-2.074929159840225
2015-06-01,-2.595543637242573,-2.272049086269577,-1.6199267192473972,-1.7065222467957588,-1.7083775875316156,-2.0460349292363804
2015-06-02,-2.595543637242573,-2.2682458817416182,-1.5760327936555487,-1.6088772018541468,-1.6106081575560072,-1.8860257596262733
2015-06-03,-2.595543637242573,-2.26710658892189,-1.5293898752118975,-1.5336103481681174,-1.5352536934553216,-1.7506244030936131
2015-06-04,-2.595543637242573,-2.2660457930735074,-1.4946038491809677,-1.4727670704868636,-1.4743311995361967,-1.6721105337039053
2015-06-05,-2.595543637242573,-2.2672558179146187,-1.523929874621331,-1.605431963765994,-1.607158353944522,-1.8847792407558024
2015-06-08,-2.595543637242573,-2.265669549783528,-1.4775503867641842,-1.5259432929659271,-1.5276663318429455,-1.7488742884001236
2015-06-09,-2.595543637242573,-2.264701104673448,-1.5014180395744163,-1.6121649501340864,-1.61400401312954,-1.88193089617844
2015-06-10,-2.595543637242573,-2.2644363869910498,-1.4560336622343015,-1.5322627073289343,-1.5341078279376177,-1.739636063557484
2015-06-11,-2.595543637242573,-2.264986210591841,-1.573849468121109,-1.7357416201473743,-1.7378095589416325,-2.036887124105308
2015-06-12,-2.595543637242573,-2.264866448500194,-1.5281127499401856,-1.637019537981511,-1.6389694663747698,-1.8782048563071536
2015-06-15,-2.595543637242573,-2.266055132971612,-1.5286766167589565,-1.668807032942335,-1.670777031531917,-1.9859537237120424
2015-06-16,-2.595543637242573,-2.2669212510037635,-1.503285550797678,-1.635869714368575,-1.637795498092924,-1.9239973763261653
2015-06-17,-2.595543637242573,-2.2669029475424622,-1.4893026137716785,-1.596764481137652,-1.5986480828316092,-1.7957694090089338
2015-06-18,-2.595543637242573,-2.266940981063811,-1.448031800620453,-1.519768052895295,-1.5215714320695797,-1.7437206142312816
2015-06-19,-2.595543637242573,-2.266885001547048,-1.551798855741913,-1.690388103324766,-1.692385329928866,-1.9426550988871083
2015-06-22,-2.595543637242573,-2.2675729253851453,-1.523575543013608,-1.6569023342601692,-1.6588425784219063,-1.9507883595588773
2015-06-23,-2.595543637242573,-2.2667011648464954,-1.5248182397862982,-1.636462240362841,-1.638395383696957,-1.861968242292871
2015-06-24,-2.595543637242573,-2.2668132695278067,-1.4792776110151666,-1.552036320908547,-1.5538771843772563,-1.7898132613457374
2015-06-25,-2.595543637242573,-2.268222024319541,-1.4941918369257372,-1.623882461564073,-1.6258009969290048,-1.9040124846593365
2015-06-26,-2.595543637242573,-2.2687151815210806,-1.455591433399061,-1.5655497667264389,-1.5673964374613638,-1.7948994862724663
2015-06-29,-2.595543637242573,-2.269363913992487,-1.4237457020505713,-1.5360039939667134,-1.5378078776976984,-1.7543030837590428
2015-06-30,-2.595543637242573,-2.277067539915516,-1.891756313160508,-2.405937099014035,-2.408751725205186,-2.622427270403149
2015-07-01,-2.595543637242573,-2.276609331091563,-1.8495503653836165,-2.238688864756889,-2.241288120843484,-2.4938649449214805
2015-07-02,-2.595543637242573,-2.2764478664511154,-1.8263797648325504,-2.127117961275407,-2.1295658843922656,-2.4269101159497524
2015-07-06,-2.595543637242573,-2.2764593643720312,-1.771012377628564,-1.983455303303596,-1.9857540489392385,-2.2959168360454014
2015-07-07,-2.595543637242573,-2.27706465315288,-1.7296898242689216,-1.891138092171306,-1.893322619306949,-2.1837801872601768
2015-07-08,-2.595543637242573,-2.276674117925935,-1.689385644568635,-1.8086529040710908,-1.8107190883573807,-2.0121506314618043
2015-07-09,-2.595543637242573,-2.281180327159812,-1.9102045011961573,-2.24026259353051,-2.242858013113814,-2.524030805104017
2015-07-10,-2.595543637242573,-2.280569269343803,-1.857119520276254,-2.086592560647662,-2.0890455156489534,-2.362547886301126
2015-07-13,-2.595543637242573,-2.280834118249924,-1.9630083233735125,-2.207930832347961,-2.2105279748748137,-2.53369598774433
2015-07-14,-2.595543637242573,-2.281469474543575,-2.0388610401799494,-2.2709783824490386,-2.273634293035317,-2.589355215697692
2015-07-15,-2.595543637242573,-2.281272297395087,-2.0014564943568427,-2.141239978266318,-2.1437458180234423,-2.5071805807941288
2015-07-16,-2.595543637242573,-2.2811141709402807,-1.941240236330588,-1.9994585036665395,-2.001795888652949,-2.3933202387131605
2015-07-17,-2.595543637242573,-2.281196262363324,-1.970673342419512,-2.016877381485725,-2.0192228095422933,-2.448486478611606
2015-07-20,-2.595543637242573,-2.281179838363537,-1.932441690598963,-1.9312026479744149,-1.933448808403358,-2.3907403033768984
2015-07-21,-2.595543637242573,-2.281191740520108,-1.8748644052234664,-1.8150041813965487,-1.8171589056212776,-2.218427108305328
2015-07-22,-2.595543637242573,-2.281469466004359,-1.8266759291153989,-1.7479552321027958,-1.7500152173755377,-2.121043090994639
2015-07-23,-2.595543637242573,-2.282328345403282,-1.791141033105102,-1.70985121545796,-1.7118335870654964,-2.074073132157052
2015-07-24,-2.595543637242573,-2.283322685080679,-1.7626801171969289,-1.6967417837760392,-1.698697772792317,-2.05788323130748
2015-07-27,-2.595543637242573,-2.282838309369787,-1.8208172184023177,-1.870029016466897,-1.872212658330143,-2.3228588727516533
2015-07-28,-2.595543637242573,-2.283551059294753,-1.819320319372162,-1.8801629970096307,-1.8823261736709995,-2.338845062365515
2015-07-29,-2.595543637242573,-2.283539639631431,-1.872631587451006,-1.9704861257510435,-1.9726704121388872,-2.4474508424650057
2015-07-30,-2.595543637242573,-2.2834404131651325,-1.8459714243269036,-1.9007689899477536,-1.902838857626886,-2.3818566637969507
2015-07-31,-2.595543637242573,-2.283345940478709,-1.7922915533491333,-1.7872065622653823,-1.7891454519360666,-2.1385482448246877
2015-08-03,-2.595543637242573,-2.283701772401192,-1.739004408122213,-1.693956201073112,-1.6957874576426386,-2.017602360119946
2015-08-04,-2.595543637242573,-2.284260336506405,-1.692723680265403,-1.6245735524320908,-1.626346843428296,-1.915556515979001
2015-08-05,-2.595543637242573,-2.277625266574098,-1.6454633699315542,-1.558375062552335,-1.5600460650996062,-1.877242173919308
2015-08-06,-2.595543637242573,-2.2776033108356004,-1.6197000510727773,-1.522632669975956,-1.524284483975462,-1.7603545480923537
2015-08-07,-2.595543637242573,-2.2788204184058096,-1.71462561367427,-1.7875735433290514,-1.7894235756165162,-2.001294318980588
2015-08-10,-2.595543637242573,-2.278971295266326,-1.6695839215372978,-1.708978404508177,-1.710777375522094,-1.998947677631454
2015-08-11,-2.595543637242573,-2.2794416803809834,-1.7595864281724782,-1.8813004453250524,-1.883271180392397,-2.2948169293622747
2015-08-12,-2.595543637242573,-2.282058027214605,-1.82172883182606,-2.0096536782227625,-2.0117598414270565,-2.433563946610071
2015-08-13,-2.595543637242573,-2.2821761030655163,-1.7676188299444802,-1.8762364637608435,-1.878241821200698,-2.286686695928842
2015-08-14,-2.595543637242573,-2.28260428499315,-1.7165465591732936,-1.7718765700315415,-1.7737792859424586,-2.0547097354267736
2015-08-17,-2.595543637242573,-2.2820337014337477,-1.67554766427405,-1.6876076989599025,-1.689419596142579,-1.9585156477825607
2015-08-18,-2.595543637242573,-2.281903782411714,-1.6712081426562142,-1.6692480560707057,-1.6710312002255452,-1.9520020845031227
2015-08-19,-2.595543637242573,-2.282764089059381,-1.6404740598176115,-1.6351322214980912,-1.6368428527752548,-1.895425244300336
2015-08-20,-2.595543637242573,-2.284419490624363,-1.6568079745520063,-1.7150642043947464,-1.7168573344095364,-2.020998624942321
2015-08-21,-2.595543637242573,-2.292686869083776,-2.145824841133205,-2.63771761046912,-2.640356575158103,-2.779475717560521
2015-08-24,-2.6202660008275656,-2.3079909314678675,-2.845859630682603,-3.8696933655737222,-3.873641066283661,-3.627854779151957
2015-08-25,-2.6634325796077496,-2.327832129639235,-3.5637680863022614,-5.062202787297608,-5.06744776284509,-4.476059263302348
2015-08-26,-2.6634325796077496,-2.3296177281287007,-3.493010846467212,-4.644303602721911,-4.649066511541223,-4.118661005179779
2015-08-27,-2.6634325796077496,-2.3335978639939525,-4.079220505038792,-5.476284463682356,-5.482101385744866,-4.820236687077964
2015-08-28,-2.6634325796077496,-2.335379346689482,-4.186865916558864,-5.323537869324449,-5.329331054086478,-4.8403512553633785
2015-08-31,-2.6634325796077496,-2.335396414884535,-4.06079646296495,-4.748188070601641,-4.753381521634824,-4.449044446364171
2015-09-01,-2.6634325796077496,-2.3368008589916527,-3.9749721868929737,-4.343072198732499,-4.347884595773711,-4.20215411855532
2015-09-02,-2.6844873196219936,-2.3488462368530145,-4.214392787990554,-4.781922184123935,-4.787323567358752,-4.594503938191824
2015-09-03,-2.6844873196219936,-2.347176309591592,-4.260804934633232,-4.6487456660801865,-4.653914584391546,-4.577223766531927
2015-09-04,-2.6844873196219936,-2.347490799415478,-4.131528553381321,-4.163568177664104,-4.168190201600595,-4.271287546501492
2015-09-08,-2.6844873196219936,-2.349004147262153,-4.0734736775535945,-3.9537741157022377,-3.958047547216478,-4.111822947046446
2015-09-09,-2.6844873196219936,-2.352210925877805,-4.21550441450617,-4.207215846891012,-4.211801014075265,-4.3693500647812575
2015-09-10,-2.6844873196219936,-2.3527282883508565,-4.15153216995666,-3.969296937349579,-3.973790790849077,-4.249540308879023
2015-09-11,-2.6844873196219936,-2.3526604029074925,-4.0436139907215205,-3.596489848112708,-3.6005288728886504,-4.031517815367603
2015-09-14,-2.6844873196219936,-2.352012141541685,-3.9305672300752255,-3.2424493508125587,-3.2461579135484637,-3.751353347819189
2015-09-15,-2.6844873196219936,-2.347164942407167,-3.816880235842149,-2.946237911112837,-2.949609613815919,-3.4798168685120463
2015-09-16,-2.6844873196219936,-2.347661856477877,-3.7636643319251535,-2.853394465421091,-2.8566562971014515,-3.45473985915301
2015-09-17,-2.6844873196219936,-2.3465996673286047,-3.672510567359543,-2.644704978379551,-2.647699622972884,-3.276283063855697
2015-09-18,-2.6844873196219936,-2.3441143959674333,-3.5609234531929945,-2.403936706335777,-2.406598850428759,-3.012371835331645
2015-09-21,-2.6844873196219936,-2.3421777461871134,-3.556838822441131,-2.643727591509007,-2.6467612365567263,-3.251297192938836
2015-09-22,-2.6844873196219936,-2.341939785587256,-3.45132152563363,-2.4124968488209837,-2.4152817980026424,-3.0282026330929463
2015-09-23,-2.6844873196219936,-2.345377198254325,-3.436466341919654,-2.548242849995403,-2.551176954542076,-3.178522565004044
2015-09-24,-2.6844873196219936,-2.344412077805748,-3.332793521063504,-2.334959850000512,-2.337685381411624,-2.9451129742425977
2015-09-25,-2.6844873196219936,-2.3444620735744737,-3.237801202037328,-2.165451090424432,-2.1679804816480086,-2.768609565895769
2015-09-28,-2.6844873196219936,-2.345488189318036,-3.153800928311616,-2.0809363664921503,-2.0834135726594245,-2.6906198460042217
2015-09-29,-2.790722548589878,-2.356059320851968,-3.460726960670474,-3.203629862275098,-3.207646050537852,-3.6723919486181527
2015-09-30,-2.790722548589878,-2.356525111969612,-3.3579141362900584,-2.9313034896237378,-2.9349263544739004,-3.4414731389182998
2015-10-01,-2.790722548589878,-2.3583281387306503,-3.4627804714947903,-3.1854754868373085,-3.189455761853928,-3.720372848836373
2015-10-02,-2.790722548589878,-2.35830335689881,-3.358744455722495,-2.8954415406975937,-2.8990701453537726,-3.450834721245689
2015-10-05,-2.790722548589878,-2.359446921888373,-3.377869389127805,-2.9439157390665085,-2.947625793447243,-3.533839741795092
2015-10-06,-2.790722548589878,-2.3606222656851954,-3.4121168282424232,-3.0436940163462274,-3.047504507835772,-3.645903720766444
2015-10-07,-2.790722548589878,-2.361628013337961,-3.321668132346824,-2.8154758505259165,-2.8190116136103924,-3.4395859606598336
2015-10-08,-2.790722548589878,-2.3615355003103624,-3.256589973042275,-2.653384918654382,-2.6566981295171925,-3.2721459214744537
2015-10-09,-2.790722548589878,-2.361351322873787,-3.1786051410353275,-2.492459515255821,-2.495513790147452,-3.107627590330312
2015-10-12,-2.790722548589878,-2.361362034040446,-3.084814352914562,-2.2897258634786413,-2.292495285181756,-2.906749329073921
