,Copula-GARCH sjc
2013-10-17,-1.5647643790347794
2013-10-18,-1.5077161558589625
2013-10-21,-1.5003531497592972
2013-10-22,-1.4239095627718474
2013-10-23,-1.366840951601336
2013-10-24,-1.3380258473487812
2013-10-25,-1.2860212501110666
2013-10-28,-1.2375132851714619
2013-10-29,-1.1842812215892082
2013-10-30,-1.148984104332469
2013-10-31,-1.1465194725585952
2013-11-01,-1.1218911399373421
2013-11-04,-1.07990634640869
2013-11-05,-1.0478199893304188
2013-11-06,-1.0194910011070588
2013-11-07,-0.9976329054329559
2013-11-08,-1.2978386121069656
2013-11-11,-1.414272942021484
2013-11-12,-1.3440988224432155
2013-11-13,-1.2868811859870593
2013-11-14,-1.3031185735851019
2013-11-15,-1.2525721849335358
2013-11-18,-1.2053579867790156
2013-11-19,-1.2175006139870914
2013-11-20,-1.1847651913107748
2013-11-21,-1.1557628653767105
2013-11-22,-1.1971163499022635
2013-11-25,-1.1663910845003151
2013-11-26,-1.1235804121928228
2013-11-27,-1.090193646270794
2013-11-29,-1.0664468752226157
2013-12-02,-1.033505920377822
2013-12-03,-1.0239585075900681
2013-12-04,-1.0066553945723278
2013-12-05,-0.9774586745669939
2013-12-06,-0.9721962219898285
2013-12-09,-1.0398947746789082
2013-12-10,-1.0020172239104308
2013-12-11,-0.9862409963366237
2013-12-12,-1.1817736831116787
2013-12-13,-1.1471445336634787
2013-12-16,-1.1001157558712424
2013-12-17,-1.0954625346447966
2013-12-18,-1.0668952808977765
2013-12-19,-1.2323310176099527
2013-12-20,-1.1852440051359274
2013-12-23,-1.1964111376559736
2013-12-24,-1.1989260344864432
2013-12-26,-1.1468169417948553
2013-12-27,-1.1092414942258522
2013-12-30,-1.0739610581986927
2013-12-31,-1.0340825667694444
2014-01-02,-1.0119304510877714
2014-01-03,-1.093163107994855
2014-01-06,-1.0582434944564456
2014-01-07,-1.0436424161716407
2014-01-08,-1.061591231052978
2014-01-09,-1.0235484474812608
2014-01-10,-0.9925331745039594
2014-01-13,-0.9651807049705154
2014-01-14,-1.205554460945701
2014-01-15,-1.3211158090755304
2014-01-16,-1.2853049303183255
2014-01-17,-1.2263807966925928
2014-01-21,-1.202864468869546
2014-01-22,-1.1646270505634424
2014-01-23,-1.1188618174815146
2014-01-24,-1.16251834726143
2014-01-27,-1.6095787901714496
2014-01-28,-1.593379698202592
2014-01-29,-1.5137937242267918
2014-01-30,-1.5536198667239784
2014-01-31,-1.622375839822458
2014-02-03,-1.5651985924349676
2014-02-04,-2.0026193005432957
2014-02-05,-1.9062209396867775
2014-02-06,-1.8004836768978725
2014-02-07,-1.783458674734288
2014-02-10,-1.826063924068815
2014-02-11,-1.7167943792487796
2014-02-12,-1.6922287753181329
2014-02-13,-1.589914383698613
2014-02-14,-1.5344460851166641
2014-02-18,-1.4549993600490798
2014-02-19,-1.3864390917316107
2014-02-20,-1.3813881945736224
2014-02-21,-1.3367523947515114
2014-02-24,-1.274769477296747
2014-02-25,-1.244498243200068
2014-02-26,-1.190301549671136
2014-02-27,-1.1365992305986707
2014-02-28,-1.1117206781970963
2014-03-03,-1.0734013423696225
2014-03-04,-1.1196266847772918
2014-03-05,-1.3353496829542024
2014-03-06,-1.264853017591659
2014-03-07,-1.2041810771126502
2014-03-10,-1.156546719032909
2014-03-11,-1.1065997023409553
2014-03-12,-1.117318609981223
2014-03-13,-1.073707949121285
2014-03-14,-1.2731221917122537
2014-03-17,-1.2287148527917868
2014-03-18,-1.2446628430757503
2014-03-19,-1.2706655318256919
2014-03-20,-1.2629014890653714
2014-03-21,-1.2187058239454618
2014-03-24,-1.2304018770057836
2014-03-25,-1.2705916684803193
2014-03-26,-1.2166707552063782
2014-03-27,-1.3092597883310977
2014-03-28,-1.2661328570112016
2014-03-31,-1.2145431818629564
2014-04-01,-1.232719011744522
2014-04-02,-1.3021483820327473
2014-04-03,-1.2403801840425541
2014-04-04,-1.2291846985595392
2014-04-07,-1.5857590875990855
2014-04-08,-1.6366094561272129
2014-04-09,-1.5575852050585801
2014-04-10,-1.6194267774831324
2014-04-11,-2.1204253810768785
2014-04-14,-2.0817630304921786
2014-04-15,-1.9674660283991467
2014-04-16,-1.8511008152412143
2014-04-17,-1.82188235553924
2014-04-21,-1.7033065670369174
2014-04-22,-1.6118681809113504
2014-04-23,-1.547851040388327
2014-04-24,-1.49478156131163
2014-04-25,-1.4158541348910878
2014-04-28,-1.5254749345356255
2014-04-29,-1.4408992141876271
2014-04-30,-1.3852828670025956
2014-05-01,-1.3135334166263004
2014-05-02,-1.246441408350625
2014-05-05,-1.1886861947580376
2014-05-06,-1.1388071060071239
2014-05-07,-1.2729918388828232
2014-05-08,-1.2357291833915405
2014-05-09,-1.1914934736560687
2014-05-12,-1.1436501214045551
2014-05-13,-1.2771396174106406
2014-05-14,-1.224402971312349
2014-05-15,-1.220752247980247
2014-05-16,-1.2750719120508118
2014-05-19,-1.2252674375114825
2014-05-20,-1.2007507085993483
2014-05-21,-1.2146842494984273
2014-05-22,-1.2209641226045231
2014-05-23,-1.17598607435441
2014-05-27,-1.151638467816788
2014-05-28,-1.1812564790000306
2014-05-29,-1.1368444215511853
2014-05-30,-1.1115177705476498
2014-06-02,-1.0702130743219909
2014-06-03,-1.0295217771980363
2014-06-04,-0.9931327967669328
2014-06-05,-0.9622353587184739
2014-06-06,-1.010810672310432
2014-06-09,-1.00073652563304
2014-06-10,-0.9675071135030809
2014-06-11,-0.9348596670284829
2014-06-12,-0.928727175812752
2014-06-13,-1.0078243693525533
2014-06-16,-0.9759359253133371
2014-06-17,-0.9428173916604415
2014-06-18,-0.9179458925461333
2014-06-19,-0.9462940321579838
2014-06-20,-0.9174250424273023
2014-06-23,-0.8885912520831948
2014-06-24,-0.8639263878831346
2014-06-25,-0.9097358498492354
2014-06-26,-0.9180841662125756
2014-06-27,-0.8939166831878186
2014-06-30,-0.8751335346463535
2014-07-01,-0.8519455383071738
2014-07-02,-0.9360434294368823
2014-07-03,-0.9038357195108279
2014-07-07,-0.9115906883912944
2014-07-08,-0.9537296160451983
2014-07-09,-1.0997362303483282
2014-07-10,-1.0787773491838029
2014-07-11,-1.0723053941073466
2014-07-14,-1.0302769722467693
2014-07-15,-1.013112380596133
2014-07-16,-1.003222760422329
2014-07-17,-0.9739361858458968
2014-07-18,-1.1944576448484197
2014-07-21,-1.299391636552638
2014-07-22,-1.2389435428417348
2014-07-23,-1.2037921475415396
2014-07-24,-1.148528204925639
2014-07-25,-1.0949737771932984
2014-07-28,-1.0917777181513033
2014-07-29,-1.0465478465961515
2014-07-30,-1.0268601491626514
2014-07-31,-0.9921659982276364
2014-08-01,-1.4816559846425912
2014-08-04,-1.4109634526203099
2014-08-05,-1.3693635463563518
2014-08-06,-1.3858135730486445
2014-08-07,-1.3106907903955833
2014-08-08,-1.2817460331799448
2014-08-11,-1.3030779584132632
2014-08-12,-1.2552264494154772
2014-08-13,-1.203203925342646
2014-08-14,-1.2094215037467548
2014-08-15,-1.1637643932766921
2014-08-18,-1.1138287196501513
2014-08-19,-1.1418173358948562
2014-08-20,-1.1096118075544468
2014-08-21,-1.0646844827247384
2014-08-22,-1.0245675489539534
2014-08-25,-0.9898279627857876
2014-08-26,-0.9692767155435645
2014-08-27,-0.9346595430557494
2014-08-28,-0.905842288376246
2014-08-29,-0.891844709511786
2014-09-02,-0.8795166746323799
2014-09-03,-0.8616575805292389
2014-09-04,-0.8719648072884904
2014-09-05,-0.8599164270803676
2014-09-08,-0.8612556953398426
2014-09-09,-0.8519843113700997
2014-09-10,-0.9450964737277049
2014-09-11,-0.9465753892455726
2014-09-12,-0.9141963353497021
2014-09-15,-0.9513701186312316
2014-09-16,-1.0041666206033872
2014-09-17,-1.0271259692732149
2014-09-18,-0.9873307540874702
2014-09-19,-0.9847354574530195
2014-09-22,-0.9587610006691771
2014-09-23,-1.0782884935175638
2014-09-24,-1.0795354278126825
2014-09-25,-1.1169740227909055
2014-09-26,-1.4573834118025433
2014-09-29,-1.4413776885463239
2014-09-30,-1.3651554840398745
2014-10-01,-1.3034924857584753
2014-10-02,-1.4748812360825945
2014-10-03,-1.3898170061683874
2014-10-06,-1.4106805070873316
2014-10-07,-1.3504842741432204
2014-10-08,-1.5307967200882513
2014-10-09,-1.696627770094084
2014-10-10,-1.9527827375626594
2014-10-13,-2.0771939041836562
2014-10-14,-2.1289445295568576
2014-10-15,-1.9873281708754538
2014-10-16,-1.8965653368779778
2014-10-17,-1.777737090968698
2014-10-20,-1.7602596780704114
2014-10-21,-1.7389325709047396
2014-10-22,-1.9448629690395718
2014-10-23,-1.875822710508813
2014-10-24,-1.883297402356088
2014-10-27,-1.796270864839563
2014-10-28,-1.6920896784419133
2014-10-29,-1.7366286680194645
2014-10-30,-1.6433370079088463
2014-10-31,-1.5665685758044794
2014-11-03,-1.5950740035967175
2014-11-04,-1.5057409971988303
2014-11-05,-1.4382834960777644
2014-11-06,-1.3735770727600807
2014-11-07,-1.3121252681203806
2014-11-10,-1.2478040963991928
2014-11-11,-1.1970060375726386
2014-11-12,-1.138982552917864
2014-11-13,-1.0906511690501242
2014-11-14,-1.041511204269417
2014-11-17,-0.9988179305251139
2014-11-18,-0.9703341423367279
2014-11-19,-0.9682977648048002
2014-11-20,-0.9625694960799327
2014-11-21,-0.9400714428945675
2014-11-24,-0.926552953343868
2014-11-25,-0.9359255749848437
2014-11-26,-0.9077830715332996
2014-11-28,-0.8981662608278864
2014-12-01,-0.881973465027579
2014-12-02,-1.0347055030377483
2014-12-03,-1.0324073842969161
2014-12-04,-1.0028537994302713
2014-12-05,-0.9705091240226558
2014-12-08,-0.9352915742623956
2014-12-09,-1.01360823836302
2014-12-10,-0.9854162883538474
2014-12-11,-1.3368235825457468
2014-12-12,-1.2804483831665638
2014-12-15,-1.4595086947790619
2014-12-16,-1.4544144999603388
2014-12-17,-1.498269484009884
2014-12-18,-1.7608790704811017
2014-12-19,-2.044740894652771
2014-12-22,-1.8973206718206876
2014-12-23,-1.763806855277844
2014-12-24,-1.6462434722038148
2014-12-26,-1.5327338697338126
2014-12-29,-1.4504021735943367
2014-12-30,-1.3547604733150853
2014-12-31,-1.314602034255151
2015-01-02,-1.3673122733715408
2015-01-05,-1.2869627809754511
2015-01-06,-1.5650824617168184
2015-01-07,-1.5953246461912298
2015-01-08,-1.6050888010486437
2015-01-09,-1.7673699288634461
2015-01-12,-1.7048059643725186
2015-01-13,-1.661004966278093
2015-01-14,-1.5481615988761304
2015-01-15,-1.4819509540909197
2015-01-16,-1.5547403384452585
2015-01-20,-1.6095517744390757
2015-01-21,-1.4995558451241766
2015-01-22,-1.4061354480037436
2015-01-23,-1.5700433010911263
2015-01-26,-1.4807360561626877
2015-01-27,-1.384286861747678
2015-01-28,-1.6095371661702929
2015-01-29,-1.6574163784261708
2015-01-30,-1.6102064373525207
2015-02-02,-1.6569415915254984
2015-02-03,-1.642716854802762
2015-02-04,-1.6642049590316323
2015-02-05,-1.5570402544803514
2015-02-06,-1.5360660261713253
2015-02-09,-1.450801558855616
2015-02-10,-1.3779474690223792
2015-02-11,-1.4206757347922796
2015-02-12,-1.3230460066758762
2015-02-13,-1.350224530510813
2015-02-17,-1.2871961925971345
2015-02-18,-1.2034028245374984
2015-02-19,-1.1308859496460202
2015-02-20,-1.0741206865097963
2015-02-23,-1.062594546433689
2015-02-24,-1.0083762257942317
2015-02-25,-0.9635308841691628
2015-02-26,-0.9263248511059021
2015-02-27,-0.903433171233641
2015-03-02,-0.9148427836224245
2015-03-03,-0.9564731337736457
2015-03-04,-0.980892980368951
2015-03-05,-0.9765991711650767
2015-03-06,-0.9369123472241146
2015-03-09,-1.208927746256265
2015-03-10,-1.1427249368854013
2015-03-11,-1.4986905481332478
2015-03-12,-1.3917921820625374
2015-03-13,-1.4199981011612062
2015-03-16,-1.363930662487389
2015-03-17,-1.4391273674133254
2015-03-18,-1.3424903264595918
2015-03-19,-1.3751959794308104
2015-03-20,-1.2984537313475135
2015-03-23,-1.277496136144519
2015-03-24,-1.2052365533173448
2015-03-25,-1.1781638123503486
2015-03-26,-1.605651223029645
2015-03-27,-1.4910190609907663
2015-03-30,-1.391033808541886
2015-03-31,-1.4440436798912868
2015-04-01,-1.461916565368263
2015-04-02,-1.382836444441684
2015-04-06,-1.2905381177189457
2015-04-07,-1.2470769537468018
2015-04-08,-1.1765343551041194
2015-04-09,-1.1390055213908148
2015-04-10,-1.0949698332249553
2015-04-13,-1.0638957349541875
2015-04-14,-1.0425128503668322
2015-04-15,-0.9980727979300069
2015-04-16,-0.9968964034879618
2015-04-17,-0.9558253466270562
2015-04-20,-1.2308325757449785
2015-04-21,-1.2905382498421762
2015-04-22,-1.2124702692698759
2015-04-23,-1.1604239007966533
2015-04-24,-1.1007022222936258
2015-04-27,-1.0624226689987324
2015-04-28,-1.068869307883563
2015-04-29,-1.0211249024714926
2015-04-30,-1.031297045632756
2015-05-01,-1.2762476455052938
2015-05-04,-1.3548432255748635
2015-05-05,-1.2640499525127062
2015-05-06,-1.4525068551772726
2015-05-07,-1.3777372155164462
2015-05-08,-1.297204044406923
2015-05-11,-1.4000419196894416
2015-05-12,-1.3294460464136042
2015-05-13,-1.26137688452881
2015-05-14,-1.1791949775350126
2015-05-15,-1.2880192473474386
2015-05-18,-1.2019534644215952
2015-05-19,-1.1464697200740348
2015-05-20,-1.085233791670184
2015-05-21,-1.0308406620907973
2015-05-22,-0.9871242595434347
2015-05-26,-0.9545005961788181
2015-05-27,-1.1398490505753152
2015-05-28,-1.2448314060264865
2015-05-29,-1.1718535707695246
2015-06-01,-1.1732216196627157
2015-06-02,-1.1041427684248875
2015-06-03,-1.0516804812635947
2015-06-04,-1.0088257513189143
2015-06-05,-1.1021745890469226
2015-06-08,-1.046081032223395
2015-06-09,-1.1071298713357618
2015-06-10,-1.051624383863433
2015-06-11,-1.194263040272156
2015-06-12,-1.1248617017918345
2015-06-15,-1.1475455836438169
2015-06-16,-1.1249859684075687
2015-06-17,-1.0976384397701096
2015-06-18,-1.0439823735625677
2015-06-19,-1.1630767791130519
2015-06-22,-1.1399992590960528
2015-06-23,-1.1248637668906996
2015-06-24,-1.0660788281580227
2015-06-25,-1.117049862414327
2015-06-26,-1.0764170126414108
2015-06-29,-1.0562873253880634
2015-06-30,-1.6677537562194107
2015-07-01,-1.5502352008506737
2015-07-02,-1.4719499714654427
2015-07-06,-1.371052536864796
2015-07-07,-1.3067017580804419
2015-07-08,-1.2494797794721992
2015-07-09,-1.5527367624086805
2015-07-10,-1.4446527662879072
2015-07-13,-1.5296909769923244
2015-07-14,-1.5741266348267149
2015-07-15,-1.4828503018523456
2015-07-16,-1.3838541253864252
2015-07-17,-1.3963262234480214
2015-07-20,-1.3360893488377652
2015-07-21,-1.2544846970289327
2015-07-22,-1.2073129893035301
2015-07-23,-1.180619829055847
2015-07-24,-1.171768446789868
2015-07-27,-1.2934667000123314
2015-07-28,-1.3009902758272875
2015-07-29,-1.3641473890454747
2015-07-30,-1.3149495802172566
2015-07-31,-1.2350127291775415
2015-08-03,-1.1694528536277145
2015-08-04,-1.1208379906874677
2015-08-05,-1.0735145338219043
2015-08-06,-1.048190034498931
2015-08-07,-1.2347791425826795
2015-08-10,-1.1799292275547528
2015-08-11,-1.3007022159893384
2015-08-12,-1.391427053245817
2015-08-13,-1.2978825677296695
2015-08-14,-1.2248564841586624
2015-08-17,-1.1654871783649685
2015-08-18,-1.1514912322897448
2015-08-19,-1.1275378521451358
2015-08-20,-1.1846689946037006
2015-08-21,-1.8323542796260908
2015-08-24,-2.6967608882885092
2015-08-25,-3.5306233324650917
2015-08-26,-3.239305901167978
2015-08-27,-3.8191528382536255
2015-08-28,-3.7128616683882623
2015-08-31,-3.309119372128213
2015-09-01,-3.025578650277463
2015-09-02,-3.3348784425947877
2015-09-03,-3.2391975591137254
2015-09-04,-2.897808189610547
2015-09-08,-2.7522698740814437
2015-09-09,-2.9298277791342375
2015-09-10,-2.7647745593225115
2015-09-11,-2.5037908816526735
2015-09-14,-2.2549262144573223
2015-09-15,-2.0459082363042542
2015-09-16,-1.9792966751482595
2015-09-17,-1.832694859895858
2015-09-18,-1.6635944589400924
2015-09-21,-1.831593169087036
2015-09-22,-1.668990295233814
2015-09-23,-1.7645023432512041
2015-09-24,-1.6154764883772479
2015-09-25,-1.4964312592891793
2015-09-28,-1.437767403564762
2015-09-29,-2.228787971685857
2015-09-30,-2.0378740066843335
2015-10-01,-2.214957700621629
2015-10-02,-2.012404843270717
2015-10-05,-2.0466879829436513
2015-10-06,-2.1163836193441874
2015-10-07,-1.9566027661595775
2015-10-08,-1.8426005096653602
2015-10-09,-1.7292245354405396
2015-10-12,-1.5861552817813571
