,Copula-GARCH frank
2013-10-17,-1.5719287397377368
2013-10-18,-1.5148752832832313
2013-10-21,-1.5059079852057338
2013-10-22,-1.4402238006252979
2013-10-23,-1.3768551941546976
2013-10-24,-1.347032646592105
2013-10-25,-1.2889165314269662
2013-10-28,-1.2519587612173957
2013-10-29,-1.1931454711943255
2013-10-30,-1.162446734191363
2013-10-31,-1.1524792818432805
2013-11-01,-1.1351560747687748
2013-11-04,-1.0926090524245655
2013-11-05,-1.0603403328340542
2013-11-06,-1.0315988706741277
2013-11-07,-1.0045433453369494
2013-11-08,-1.3126255943913563
2013-11-11,-1.4198970047494515
2013-11-12,-1.3516400697743667
2013-11-13,-1.3014507956764532
2013-11-14,-1.3181075461900076
2013-11-15,-1.2668281420046565
2013-11-18,-1.2192427255831046
2013-11-19,-1.2317132752270767
2013-11-20,-1.198438930324788
2013-11-21,-1.1623907459481573
2013-11-22,-1.2021495795601624
2013-11-25,-1.1710558375223177
2013-11-26,-1.1305242595271296
2013-11-27,-1.0971220390618965
2013-11-29,-1.072141779988374
2013-12-02,-1.0418941444865057
2013-12-03,-1.036335006965733
2013-12-04,-1.0121788405162033
2013-12-05,-0.9895986992058695
2013-12-06,-0.9843020166694101
2013-12-09,-1.0528285111359013
2013-12-10,-1.0142842534196899
2013-12-11,-0.9925639330175494
2013-12-12,-1.1881988958674177
2013-12-13,-1.1522042412234448
2013-12-16,-1.1125833252216657
2013-12-17,-1.1081884824984785
2013-12-18,-1.0731156904310544
2013-12-19,-1.246543177921827
2013-12-20,-1.1989607382909977
2013-12-23,-1.2049958781143153
2013-12-24,-1.203718211563406
2013-12-26,-1.1601359536243294
2013-12-27,-1.1132587505011704
2013-12-30,-1.0792409758109371
2013-12-31,-1.0401283780327375
2014-01-02,-1.0238434230625002
2014-01-03,-1.1059200420969795
2014-01-06,-1.0647835184450563
2014-01-07,-1.0552594181697148
2014-01-08,-1.0681358880338279
2014-01-09,-1.0291019467883045
2014-01-10,-0.9997353559320661
2014-01-13,-0.9682985068426456
2014-01-14,-1.213148993485735
2014-01-15,-1.32721527416033
2014-01-16,-1.2920615842575403
2014-01-17,-1.2335242156479533
2014-01-21,-1.2163847865877577
2014-01-22,-1.1731410715632773
2014-01-23,-1.1311423888455563
2014-01-24,-1.1694315312251498
2014-01-27,-1.6280803632056362
2014-01-28,-1.6029156311956927
2014-01-29,-1.4674897185383577
2014-01-30,-1.5714299868628663
2014-01-31,-1.6335594199775483
2014-02-03,-1.576041740552627
2014-02-04,-2.014775435235476
2014-02-05,-1.9192739710286302
2014-02-06,-1.8202484813849433
2014-02-07,-1.8034612466406685
2014-02-10,-1.8451420061300667
2014-02-11,-1.736135733407653
2014-02-12,-1.6985197998661374
2014-02-13,-1.607604438772317
2014-02-14,-1.5519169677682876
2014-02-18,-1.4718429913974702
2014-02-19,-1.3946321380372069
2014-02-20,-1.3971212541460742
2014-02-21,-1.3520821500708506
2014-02-24,-1.2819345168255265
2014-02-25,-1.2589318821731068
2014-02-26,-1.204148365266788
2014-02-27,-1.1437350919381333
2014-02-28,-1.1249987021587886
2014-03-03,-1.0860734077816712
2014-03-04,-1.1327088008001023
2014-03-05,-1.339793157285091
2014-03-06,-1.2792555501989042
2014-03-07,-1.217879517126109
2014-03-10,-1.1632988156635387
2014-03-11,-1.1192740714522285
2014-03-12,-1.1299575254172753
2014-03-13,-1.0798946601882347
2014-03-14,-1.2873755702373915
2014-03-17,-1.2424857869481027
2014-03-18,-1.2583909315695114
2014-03-19,-1.277294297803564
2014-03-20,-1.2692428433720462
2014-03-21,-1.2316941735664755
2014-03-24,-1.243597891761819
2014-03-25,-1.2746988005174995
2014-03-26,-1.222090955811264
2014-03-27,-1.3230101940471795
2014-03-28,-1.279194526616527
2014-03-31,-1.2200984675875035
2014-04-01,-1.239892194897207
2014-04-02,-1.3155531328564714
2014-04-03,-1.2531659756741693
2014-04-04,-1.2419100117132864
2014-04-07,-1.6026947353593066
2014-04-08,-1.6428901712934125
2014-04-09,-1.5660228531883809
2014-04-10,-1.629343512155469
2014-04-11,-2.1286668128656623
2014-04-14,-2.104547795382972
2014-04-15,-1.97747323865743
2014-04-16,-1.8613066061838062
2014-04-17,-1.8421604495701107
2014-04-21,-1.7221416474382196
2014-04-22,-1.6174137499529568
2014-04-23,-1.55526112735756
2014-04-24,-1.5026369591315993
2014-04-25,-1.4313941223275963
2014-04-28,-1.533496979508635
2014-04-29,-1.447785327161022
2014-04-30,-1.3911740183548924
2014-05-01,-1.3190875892428708
2014-05-02,-1.2596875915431436
2014-05-05,-1.1935452290703306
2014-05-06,-1.150644169031546
2014-05-07,-1.2864328009308503
2014-05-08,-1.2485254649789708
2014-05-09,-1.2037894760617784
2014-05-12,-1.155479001708256
2014-05-13,-1.2816288559441797
2014-05-14,-1.2368233132467308
2014-05-15,-1.2207290332580858
2014-05-16,-1.2883899576613886
2014-05-19,-1.228266206845857
2014-05-20,-1.2054253782353723
2014-05-21,-1.2274772060041559
2014-05-22,-1.2338340057263948
2014-05-23,-1.18841988671882
2014-05-27,-1.1639440935577356
2014-05-28,-1.1857000220354588
2014-05-29,-1.1486111094413942
2014-05-30,-1.123267037127133
2014-06-02,-1.0818157766393512
2014-06-03,-1.0404215810375466
2014-06-04,-0.9956036820702163
2014-06-05,-0.9662971200876022
2014-06-06,-1.0127016903443569
2014-06-09,-1.0023684745471897
2014-06-10,-0.9711302963696398
2014-06-11,-0.938449615575983
2014-06-12,-0.9389959854783835
2014-06-13,-1.0127125160893056
2014-06-16,-0.9814961792434905
2014-06-17,-0.9459062910194171
2014-06-18,-0.9217112128758006
2014-06-19,-0.9567968811666285
2014-06-20,-0.9199849208054539
2014-06-23,-0.8917144878311926
2014-06-24,-0.8658160793918966
2014-06-25,-0.9202309446004284
2014-06-26,-0.9288476773338221
2014-06-27,-0.8988266281305807
2014-06-30,-0.8800214905404641
2014-07-01,-0.8618668259545889
2014-07-02,-0.9399809619629108
2014-07-03,-0.9076817978122231
2014-07-07,-0.9150565670513672
2014-07-08,-0.9645031912344534
2014-07-09,-1.103981309196951
2014-07-10,-1.0833989715197134
2014-07-11,-1.0741698192430613
2014-07-14,-1.033420324628349
2014-07-15,-1.0241877521054268
2014-07-16,-1.008221115815121
2014-07-17,-0.9847940070345892
2014-07-18,-1.2077428876569425
2014-07-21,-1.3070952028611809
2014-07-22,-1.2409173456100535
2014-07-23,-1.211151547924538
2014-07-24,-1.1613141479733384
2014-07-25,-1.111230230478749
2014-07-28,-1.10356033850708
2014-07-29,-1.0583513598637895
2014-07-30,-1.038477612028985
2014-07-31,-1.0032997512000763
2014-08-01,-1.4877512288551584
2014-08-04,-1.4170168440372681
2014-08-05,-1.385337118034119
2014-08-06,-1.392680351280636
2014-08-07,-1.3255329576813835
2014-08-08,-1.2888571429655593
2014-08-11,-1.31760414242352
2014-08-12,-1.2693317768313679
2014-08-13,-1.2169026460735766
2014-08-14,-1.2129394725487683
2014-08-15,-1.168887970156531
2014-08-18,-1.11843760515914
2014-08-19,-1.1462074471165842
2014-08-20,-1.114668454530204
2014-08-21,-1.076907110365859
2014-08-22,-1.0364581007031561
2014-08-25,-0.9955273852057904
2014-08-26,-0.9732989451402039
2014-08-27,-0.938130947197409
2014-08-28,-0.9102630281653602
2014-08-29,-0.9025369802526145
2014-09-02,-0.8902288727303
2014-09-03,-0.8660377965479655
2014-09-04,-0.8769783192679441
2014-09-05,-0.8703460745618927
2014-09-08,-0.8652831596136484
2014-09-09,-0.862341030286864
2014-09-10,-0.9490095230182027
2014-09-11,-0.9504449697601594
2014-09-12,-0.9187159375904748
2014-09-15,-0.9552662784879187
2014-09-16,-1.0161272059559217
2014-09-17,-1.032191646185916
2014-09-18,-0.9989601399101941
2014-09-19,-0.9908020413343139
2014-09-22,-0.961275559468495
2014-09-23,-1.0828714698298936
2014-09-24,-1.092347388223129
2014-09-25,-1.1302733570246197
2014-09-26,-1.4743648859963667
2014-09-29,-1.4581745670998247
2014-09-30,-1.3705840657547377
2014-10-01,-1.3093319966815296
2014-10-02,-1.4800478012775204
2014-10-03,-1.395467263018981
2014-10-06,-1.4264412745089987
2014-10-07,-1.357810798849697
2014-10-08,-1.5471492812369145
2014-10-09,-1.714872000824918
2014-10-10,-1.9603060258956697
2014-10-13,-2.083504329074748
2014-10-14,-2.1401999094682824
2014-10-15,-2.0087971091454984
2014-10-16,-1.903061757662757
2014-10-17,-1.7848640930101165
2014-10-20,-1.7666120885298624
2014-10-21,-1.7574047543291844
2014-10-22,-1.9654858889185938
2014-10-23,-1.8857035828531963
2014-10-24,-1.9031044292127823
2014-10-27,-1.8152009628370815
2014-10-28,-1.7098138345174954
2014-10-29,-1.7548864981881112
2014-10-30,-1.6605432489661303
2014-10-31,-1.568560680680866
2014-11-03,-1.6118567418019114
2014-11-04,-1.5218911418350194
2014-11-05,-1.44541220264011
2014-11-06,-1.3788278175922428
2014-11-07,-1.3174459415716346
2014-11-10,-1.2522933004621888
2014-11-11,-1.2105229080546638
2014-11-12,-1.151796934785808
2014-11-13,-1.0945170039059093
2014-11-14,-1.0441707824734325
2014-11-17,-1.0014380112326016
2014-11-18,-0.9732370527848134
2014-11-19,-0.9728019359572054
2014-11-20,-0.9660917179233768
2014-11-21,-0.9511595302346385
2014-11-24,-0.9299928655569368
2014-11-25,-0.9470019426654325
2014-11-26,-0.9100914684851625
2014-11-28,-0.9012698711424642
2014-12-01,-0.8848935155813685
2014-12-02,-1.0380341931000137
2014-12-03,-1.0353898741500696
2014-12-04,-1.004134764170203
2014-12-05,-0.9739778898947162
2014-12-08,-0.9389759450688495
2014-12-09,-1.0196434479326653
2014-12-10,-0.9875406946075764
2014-12-11,-1.343782551478502
2014-12-12,-1.2845481274123158
2014-12-15,-1.4664462646712384
2014-12-16,-1.464431463584028
2014-12-17,-1.5177227024394098
2014-12-18,-1.7784757548059003
2014-12-19,-2.0717341215321463
2014-12-22,-1.9216175634533048
2014-12-23,-1.7738406546739258
2014-12-24,-1.6506603024213482
2014-12-26,-1.5520247078365326
2014-12-29,-1.4687098452732945
2014-12-30,-1.3717822136866182
2014-12-31,-1.3198623494496378
2015-01-02,-1.3747333416759637
2015-01-05,-1.2933793843446728
2015-01-06,-1.5709500640545
2015-01-07,-1.6016646719515577
2015-01-08,-1.6262022058537993
2015-01-09,-1.7919410597118663
2015-01-12,-1.7137410876646333
2015-01-13,-1.667884775335812
2015-01-14,-1.5547434466614984
2015-01-15,-1.4893317059701903
2015-01-16,-1.5633112334456243
2015-01-20,-1.6167523396036838
2015-01-21,-1.5062177482767765
2015-01-22,-1.4122468487924
2015-01-23,-1.5737209161715375
2015-01-26,-1.4841520727959898
2015-01-27,-1.4020227059767965
2015-01-28,-1.6155440650890085
2015-01-29,-1.6801393034329848
2015-01-30,-1.6189841581344513
2015-02-02,-1.6806393377820652
2015-02-03,-1.6502734443183167
2015-02-04,-1.6707632658083487
2015-02-05,-1.5778266833452879
2015-02-06,-1.5435029320708036
2015-02-09,-1.4565645462144603
2015-02-10,-1.3805159773556017
2015-02-11,-1.4260556382151204
2015-02-12,-1.3275932435634246
2015-02-13,-1.3547621643410699
2015-02-17,-1.2926013411885404
2015-02-18,-1.2066769651559892
2015-02-19,-1.14544702484832
2015-02-20,-1.0881303497348664
2015-02-23,-1.0765521261054811
2015-02-24,-1.013393476872465
2015-02-25,-0.9677202812504785
2015-02-26,-0.9363218084486583
2015-02-27,-0.9155913635609283
2015-03-02,-0.9272047288067412
2015-03-03,-0.9694959320881618
2015-03-04,-0.9827810064488045
2015-03-05,-0.9804061204918756
2015-03-06,-0.9407687711734828
2015-03-09,-1.2145240969066
2015-03-10,-1.1477450843680561
2015-03-11,-1.504896853239381
2015-03-12,-1.3975134046985644
2015-03-13,-1.4389759430324276
2015-03-16,-1.3693740267108039
2015-03-17,-1.4592146361134921
2015-03-18,-1.3483359764865188
2015-03-19,-1.382042839833188
2015-03-20,-1.3042425772995274
2015-03-23,-1.295967500207698
2015-03-24,-1.2233511938325192
2015-03-25,-1.1851737322025688
2015-03-26,-1.6142162170349685
2015-03-27,-1.5135861039103153
2015-03-30,-1.4002923953134823
2015-03-31,-1.4658872250839754
2015-04-01,-1.468040661915095
2015-04-02,-1.4035940171275798
2015-04-06,-1.296476671510102
2015-04-07,-1.254054380513025
2015-04-08,-1.1830486471936001
2015-04-09,-1.1460735244396383
2015-04-10,-1.1012039014944432
2015-04-13,-1.0700092769037401
2015-04-14,-1.0486029171688533
2015-04-15,-1.004139283909063
2015-04-16,-1.012607665850873
2015-04-17,-0.9709737028945042
2015-04-20,-1.237207261602793
2015-04-21,-1.2977490139174501
2015-04-22,-1.2182501542884927
2015-04-23,-1.167296936580894
2015-04-24,-1.1177824342013885
2015-04-27,-1.0791386909669496
2015-04-28,-1.0749074729370842
2015-04-29,-1.026855913088069
2015-04-30,-1.0375412048747192
2015-05-01,-1.295406849290804
2015-05-04,-1.3618025663339384
2015-05-05,-1.2691412217407814
2015-05-06,-1.4610652176139318
2015-05-07,-1.3832011185273205
2015-05-08,-1.3046888838042778
2015-05-11,-1.4081884155666373
2015-05-12,-1.3504843656450238
2015-05-13,-1.2809525005514992
2015-05-14,-1.1862660706857335
2015-05-15,-1.3079483919241217
2015-05-18,-1.2206233750300894
2015-05-19,-1.1541107302631788
2015-05-20,-1.0920048200736765
2015-05-21,-1.0372367077586298
2015-05-22,-0.9936309352755058
2015-05-26,-0.9605914936794369
2015-05-27,-1.1453769242608367
2015-05-28,-1.2524555124115526
2015-05-29,-1.1901523079006036
2015-06-01,-1.1917767863562827
2015-06-02,-1.1107265812701321
2015-06-03,-1.0590215328636732
2015-06-04,-1.0158200753946742
2015-06-05,-1.108932688216337
2015-06-08,-1.0528173686294142
2015-06-09,-1.1143710797770419
2015-06-10,-1.0586817754708762
2015-06-11,-1.201276532041043
2015-06-12,-1.142973641168848
2015-06-15,-1.1658705385035786
2015-06-16,-1.131382472655707
2015-06-17,-1.1149514736896593
2015-06-18,-1.0604768303422978
2015-06-19,-1.1812901556401028
2015-06-22,-1.1576195054850853
2015-06-23,-1.1425405704733227
2015-06-24,-1.0730869246586718
2015-06-25,-1.1342272317893274
2015-06-26,-1.082303174059402
2015-06-29,-1.0723037738477517
2015-06-30,-1.67581088924049
2015-07-01,-1.5586927063467277
2015-07-02,-1.4800280343631478
2015-07-06,-1.3911578513292837
2015-07-07,-1.313771217346149
2015-07-08,-1.2525244482737132
2015-07-09,-1.5614319179158902
2015-07-10,-1.4512343098872194
2015-07-13,-1.5514813908521998
2015-07-14,-1.5963097910670396
2015-07-15,-1.4907093540430043
2015-07-16,-1.4026474191045797
2015-07-17,-1.4004782589783797
2015-07-20,-1.3536597296562558
2015-07-21,-1.260472724334095
2015-07-22,-1.223323443759736
2015-07-23,-1.185992174289309
2015-07-24,-1.1769022488881824
2015-07-27,-1.299350943753114
2015-07-28,-1.306175982618901
2015-07-29,-1.3683986906248982
2015-07-30,-1.3215341512387877
2015-07-31,-1.2515371385088478
2015-08-03,-1.1851966824776559
2015-08-04,-1.1258307357563468
2015-08-05,-1.0881731484884152
2015-08-06,-1.0511872071265456
2015-08-07,-1.2426623525161997
2015-08-10,-1.1961652729394763
2015-08-11,-1.3188534908243374
2015-08-12,-1.3967567589640846
2015-08-13,-1.3156591968852633
2015-08-14,-1.2303110724797457
2015-08-17,-1.170995753055442
2015-08-18,-1.1576405163778194
2015-08-19,-1.133706143641554
2015-08-20,-1.1903017113272134
2015-08-21,-1.844342762173877
2015-08-24,-2.710923316698357
2015-08-25,-3.553039151535731
2015-08-26,-3.286792765614219
2015-08-27,-3.845962187033139
2015-08-28,-3.7698180460925443
2015-08-31,-3.331323147913586
2015-09-01,-3.071574591555161
2015-09-02,-3.3548701043022584
2015-09-03,-3.2610559971201063
2015-09-04,-2.912445391421946
2015-09-08,-2.794604512683521
2015-09-09,-2.9717624271769743
2015-09-10,-2.7842075542047704
2015-09-11,-2.539639673485538
2015-09-14,-2.2737166819588976
2015-09-15,-2.056767892812816
2015-09-16,-2.0099580209750414
2015-09-17,-1.8452123186656888
2015-09-18,-1.6757923936373418
2015-09-21,-1.8599900354159955
2015-09-22,-1.6952423279884306
2015-09-23,-1.778286502131579
2015-09-24,-1.6246731212890937
2015-09-25,-1.5055703466446002
2015-09-28,-1.4453151666314674
2015-09-29,-2.2410077946274294
2015-09-30,-2.066485473623707
2015-10-01,-2.225433687073636
2015-10-02,-2.023895056078382
2015-10-05,-2.0575419264612274
2015-10-06,-2.1291965466831835
2015-10-07,-1.9672217574097632
2015-10-08,-1.8683926045274066
2015-10-09,-1.7537139951243492
2015-10-12,-1.6092631946009488
